id_str,username,_text_src,rule_label,confidence,evidence_score,evidence_found,rule_reason
2058865205569069509,disneysprncs,"@kejaaanaaa egiluy gue jg mikir gt co, tpi tetep aja si gue nangis 1 jam, 1 jam lgi mikir bundir enaknya pake apaan🤑",Pertolongan Segera,0.9748019700762188,0.7655468528920955,"['Indikasi Krisis', 'Keputusasaan', 'Gangguan Fungsi', 'Tekanan Emosional', 'Permintaan Bantuan']",R1: Indikasi Krisis terdeteksi
2047884077798428681,ppiyostudyjp,"@19BROMAN Kadang aku mikir kok mau ya bundir kan ga langsung mati pasti lewatin namanya sakit dlu, kejedot pintu aja sakit aplg ini kena batu. Ini alasan aku seputus asa apapun ga milih bundir. Aku takut sakit",Pertolongan Segera,0.9647646553170094,0.7309834501960062,"['Indikasi Krisis', 'Keputusasaan', 'Tekanan Emosional']",R1: Indikasi Krisis terdeteksi
2049431068634427719,enunndss,"@lrstdw_ @sbyfess Mbaa suwun bangettt sudah turut membuka mataku, BENER TENANN. Ex aku pas putus self harm ngancem bundir sampe nangis2 depan maknya, taunya sekarang masih idup dan lanjut folo cewe random WKWKWKKWKWKWWK.",Pertolongan Segera,0.9504869709461427,0.6954738606106152,"['Indikasi Krisis', 'Keputusasaan', 'Tekanan Emosional', 'Permintaan Bantuan']",R1: Indikasi Krisis terdeteksi
2055030921435414804,uletrokok,"Tunggu sampe lu dapet yang begini. Udah ngelakuin apapun yang gw bisa juga dianggapnya tetep kurang, masih ga considerate, gw yang harus paham terus. Mending bundir ege lama-lama. Lu mah enak ngetik doang. Segala hal yang terlalu diitu-itukan ga baik ege. 😂",Pertolongan Segera,0.9491883695863613,0.6927481998096813,"['Indikasi Krisis', 'Keputusasaan', 'Gangguan Fungsi', 'Tekanan Emosional', 'Permintaan Bantuan']",R1: Indikasi Krisis terdeteksi
2059202242402738644,jenocutesy,"guys maaf ngecewain bgt, trnyata skor utbk ku ga nyampe 500.... 😭😭😭😭😭😭😭😭😭😭😭😭😭😭😭😭😭😭😭😭😭😭 aku gatau skrg gmn aku kyknya bnrn mau bundir 😭😭😭😭😭😭😭😭😭😭😭😭😭😭😭",Pertolongan Segera,0.9472234927250667,0.6887468912384728,"['Indikasi Krisis', 'Keputusasaan', 'Gangguan Fungsi', 'Tekanan Emosional', 'Permintaan Bantuan']",R1: Indikasi Krisis terdeteksi
2058827389086679130,migoyangtelor,"hmdeeehhhh udh mclaren ga bener, snbt ga lolos apa gw bundir aja abis ini apa gmn hmzz.. lengkap udh penderitaan gw https://t.co/Vv3v32RxPx",Pertolongan Segera,0.9458218332781126,0.6859776215119796,"['Indikasi Krisis', 'Keputusasaan', 'Gangguan Fungsi', 'Tekanan Emosional', 'Permintaan Bantuan']",R1: Indikasi Krisis terdeteksi
2053464451463184778,destipra22,"Menang dari judol, taunya malah habis. Anjir aku udh putus asa harus gimana lagi ya, rumah dibayarnya tgl 12. Jadi skrg tuh yang harus dibayar ada 8jt. Sumpah ya masa aku harus bundir gara-gara ini. Mana mau nikah pula bulan Oktober. Sumpah aku gk bohong. Bakal dicicil kalo ada.",Pertolongan Segera,0.9447583129303629,0.6839211272470879,"['Indikasi Krisis', 'Keputusasaan']",R1: Indikasi Krisis terdeteksi
2053143349830496318,wa_riri71699,cpt entotin gw sekarang juga kalo nggak gw bundir nih,Pertolongan Segera,0.9446001770475984,0.6836185346950185,"['Indikasi Krisis', 'Keputusasaan', 'Tekanan Emosional', 'Permintaan Bantuan']",R1: Indikasi Krisis terdeteksi
2054920281668620553,chocopayye,gatau deh hidup gw kalo gada manhwa bl dan series jomok kayanya gw udh bundir dh,Pertolongan Segera,0.943618399863086,0.6817578980416963,"['Indikasi Krisis', 'Keputusasaan', 'Gangguan Fungsi', 'Tekanan Emosional', 'Permintaan Bantuan']",R1: Indikasi Krisis terdeteksi
2058829617230930078,kejaaanaaa,Oh ternyata nangisnya 20 menit doang ya gua pikir langsung pengen bundir gt rasanya,Pertolongan Segera,0.9434134141281852,0.681373263127876,"['Indikasi Krisis', 'Keputusasaan', 'Gangguan Fungsi', 'Tekanan Emosional']",R1: Indikasi Krisis terdeteksi
2050530923620585827,ryleexfrinzx,"gausah ajarin gue sabar, gue udh hatam bahkan diatas nya sabar gue juga udh hatam, siapa yg bakal sekuat ini di fase begini, gue gak bundir aja udh syukur aslinya mah oengen banget udahan, biar pada sadar apa yg mreka udh perbuat ke gue, baru gye blok wa aja ketar ketir lu",Pertolongan Segera,0.9433426011357137,0.6812406940893694,"['Indikasi Krisis', 'Keputusasaan', 'Gangguan Fungsi', 'Tekanan Emosional', 'Permintaan Bantuan']",R1: Indikasi Krisis terdeteksi
2050938714520740346,chicxne,Ke STC today dan gue dpt bisikan utk bundir alias gue ga tahan bgt utk tdk khilaf ❤️ https://t.co/9a9XvQa1BO,Pertolongan Segera,0.9418894495023773,0.678554067105958,"['Indikasi Krisis', 'Keputusasaan', 'Gangguan Fungsi', 'Tekanan Emosional', 'Permintaan Bantuan']",R1: Indikasi Krisis terdeteksi
2058519196125045024,sth3lier,udah nge twt ginian tapi gagal kayanya gw bakal bundir,Pertolongan Segera,0.940594583989866,0.6762126810622938,"['Indikasi Krisis', 'Keputusasaan', 'Gangguan Fungsi', 'Tekanan Emosional', 'Permintaan Bantuan']",R1: Indikasi Krisis terdeteksi
2054849912190492833,aaruukaaa,damnn sakitt. gw jadi nadiem mending bundir,Pertolongan Segera,0.9398975393736176,0.6749720085750927,"['Indikasi Krisis', 'Keputusasaan', 'Gangguan Fungsi', 'Tekanan Emosional', 'Permintaan Bantuan']",R1: Indikasi Krisis terdeteksi
2057054887477952789,s4h4b4tl4m4,"@AsepKurnia2810 Iya udah paham 
Mangka nya gw mundur ja sebelum nnti nya bundir karena diabaikan 🤧😎",Pertolongan Segera,0.9344652829138081,0.6657394441691313,"['Indikasi Krisis', 'Keputusasaan', 'Gangguan Fungsi', 'Tekanan Emosional', 'Permintaan Bantuan']",R1: Indikasi Krisis terdeteksi
2058834061779693842,Lzeviowsa,"bundir aj ap yh... hh..,. kalian masi mau temenan sama aku kah.. maaf mengecewakan.. https://t.co/rFgnxzRiiI",Pertolongan Segera,0.9343984030682171,0.6656302863901311,"['Indikasi Krisis', 'Keputusasaan', 'Tekanan Emosional', 'Permintaan Bantuan']",R1: Indikasi Krisis terdeteksi
2056937743457177707,wintangera,gw bundir aja anyink,Pertolongan Segera,0.9315437883814809,0.6610648902979764,"['Indikasi Krisis', 'Keputusasaan', 'Tekanan Emosional', 'Permintaan Bantuan']",R1: Indikasi Krisis terdeteksi
2048374441529471298,chaeripicking,"paling benci sama kalimat ""ngapain bundir padahal ada mie ayam"" tapi pernah nggak saking sedihnya semua makanan jadi hambar? pernah nggak saking capeknya bisa tidur 24 jam lebih? aku tau bundir salah tapi jangan remehin titik depresi orang lain juga",Pertolongan Segera,0.9304016837166357,0.6592876035155673,"['Indikasi Krisis', 'Keputusasaan', 'Gangguan Fungsi', 'Tekanan Emosional']",R1: Indikasi Krisis terdeteksi
2060461398929666250,th8tbabie,"gw susah bgt buat curhat sama orang sejelas jelasnya tanpa ada yg ditutupin, kalo gw udah cerita dan ga ditanggepin gw rasanya mau BUNDIR 🫠",Pertolongan Segera,0.9286553499357342,0.6566215320066972,"['Indikasi Krisis', 'Keputusasaan', 'Tekanan Emosional', 'Permintaan Bantuan']",R1: Indikasi Krisis terdeteksi
2052726827500917200,cubitski,ga sia-sia membuat gw depresi 😭😭😭,Pertolongan Segera,0.9273278163675478,0.6546348441730847,"['Indikasi Krisis', 'Keputusasaan', 'Gangguan Fungsi', 'Tekanan Emosional', 'Permintaan Bantuan']",R1: Indikasi Krisis terdeteksi
2049126366084477096,nirfungsih,yaudah iya kak iya sekarang saya lagi mengalami hari terberat sori iya deh kalimat gue salah iya harusnya makan mi ayam iya deh gue yang depresi itu BERGAUL CEPET SEMBUH IYA DEH IYA YA ALLAH PLEASE HARI GW UDAH BERAT GW ULTAH COWO GW BAPAKNYA GA SADAR KATA GW IYA IYA MI AYAM IYAA,Pertolongan Segera,0.9258150763138602,0.6524113568392668,"['Indikasi Krisis', 'Keputusasaan', 'Gangguan Fungsi', 'Tekanan Emosional', 'Permintaan Bantuan']",R1: Indikasi Krisis terdeteksi
2057664014029836718,meowpd,apa apaan tahihanyya 1jt bunganya 5jt😭😭😭😭 klo gw mah udh bundir anjir,Pertolongan Segera,0.9252198173487739,0.6515478437597102,"['Indikasi Krisis', 'Keputusasaan', 'Tekanan Emosional', 'Permintaan Bantuan']",R1: Indikasi Krisis terdeteksi
2047796866981740569,imvraurora,burnout parah gue,Pertolongan Segera,0.9230728077982565,0.6484848694367842,"['Indikasi Krisis', 'Keputusasaan', 'Gangguan Fungsi', 'Tekanan Emosional', 'Permintaan Bantuan']",R1: Indikasi Krisis terdeteksi
2048769638855786805,04924K,"Mo nangis capek kerja tpi aku butuh duit, pls Ya Allah terima lah aku kerja ditempat yg bagus hbis lulus kuliah ini, pen mati aja, otak udh kmana mana antar bundir atau cri sugar daddy",Pertolongan Segera,0.9224881441158276,0.6476643620115338,"['Indikasi Krisis', 'Keputusasaan', 'Tekanan Emosional', 'Permintaan Bantuan']",R1: Indikasi Krisis terdeteksi
2053119361700053420,jenrubyki,"Shhhhh sialaaannn mulaiii dehh, tolongg jangan gitu sama dd omg gw yg depresi😭😭😭😭😭",Pertolongan Segera,0.9221253393602954,0.6471580537882718,"['Indikasi Krisis', 'Keputusasaan', 'Gangguan Fungsi', 'Tekanan Emosional', 'Permintaan Bantuan']",R1: Indikasi Krisis terdeteksi
2047924493222650178,SiapaNa73871770,"@blueescnry Open siapapun gw buat yg mau keluarin unek unek, walau gw bukan MC anime nyelamatin orang. Tapi untuk mendengarkan gw dengerin 6 jaman. Gw gamau sok kayak ""Luh bakal baik baik aja, masa bundir gitu doang gatau dosa? Nanti masuk neraka, ayo bro gitu doang lemah"" I'm just listening",Pertolongan Segera,0.9196971037795346,0.6438238693006111,"['Indikasi Krisis', 'Keputusasaan', 'Tekanan Emosional', 'Permintaan Bantuan']",R1: Indikasi Krisis terdeteksi
2050431701525143859,Lcassxx,"HONEST REVIEW UTBK LAST DAY SESI 1
- innalillahi wa innailaihi raajiun
- tangan gw sampe kaku ngerjain pk
- kaki gw lemes banget keluar ruangan
- waktunya lebih cukup buat bundir dri pada ngerjain soalnya
- gw udh ga mau berharap🥀",Pertolongan Segera,0.9180688889256505,0.641639364488197,"['Indikasi Krisis', 'Keputusasaan', 'Gangguan Fungsi', 'Tekanan Emosional']",R1: Indikasi Krisis terdeteksi
2051628172836507657,lynqisx,@afrkml Temenan sama orang yang nyuruh gue bundir,Pertolongan Segera,0.9173958185931043,0.6407478722659025,"['Indikasi Krisis', 'Keputusasaan', 'Tekanan Emosional', 'Permintaan Bantuan']",R1: Indikasi Krisis terdeteksi
2048518941304402369,AnikaVin11489,"@worksfess Sama please aku berasa depresi jalanin nya, nangis tiap hari, gabisa tidur, ga makan",Pertolongan Segera,0.9172925174597372,0.6406116339293393,"['Indikasi Krisis', 'Keputusasaan', 'Gangguan Fungsi', 'Tekanan Emosional', 'Permintaan Bantuan']",R1: Indikasi Krisis terdeteksi
2048800142397170036,kopibitter,"Sorry guys ternyata yg bundir tadi udah lama, aku gak cek tglnya. jadi aku takedown ya. sorry 🙏🙏",Pertolongan Segera,0.9159988396734661,0.6389184485782277,"['Indikasi Krisis', 'Keputusasaan', 'Tekanan Emosional', 'Permintaan Bantuan']",R1: Indikasi Krisis terdeteksi
2050470439559053791,godspeeedss,"@moviemnfs dps, rilet soalnya.... beda nya gue ga bundir aja",Pertolongan Segera,0.9138497141854033,0.636157285083424,"['Indikasi Krisis', 'Keputusasaan', 'Tekanan Emosional', 'Permintaan Bantuan']",R1: Indikasi Krisis terdeteksi
2056548662256554029,chi_bunii,"Halo guys, maaf udh lama gak aktif dsni, aku cuma dtng sini, liat² trus like repost doang yg muncul TL aku (⁠─⁠.⁠─⁠|⁠|⁠）
Aku pen jujur aja ke klian, aku udh kerja (gk lnjut PT) trus akhir² aku burnout parah, gk punya tenaga buat ngapa-ngapain",Pertolongan Segera,0.9094747019924112,0.6307237834641428,"['Indikasi Krisis', 'Keputusasaan', 'Gangguan Fungsi', 'Tekanan Emosional', 'Permintaan Bantuan']",R1: Indikasi Krisis terdeteksi
2053759989043667313,katsupujas,"saigo no hi aku cosplay saigo aja ya, bundir di tempat &gt;___&lt;",Pertolongan Segera,0.90896522634262,0.6301065276969564,"['Indikasi Krisis', 'Keputusasaan', 'Tekanan Emosional', 'Permintaan Bantuan']",R1: Indikasi Krisis terdeteksi
2047691158353232006,zsilvermisty,"Guys i think this acc only for ‘mengenang’ trila. Gw berusaha bgt (pelan”) buat ga nulis apa” lagi tentang alur itu soap opera. Gw udh cape bgt, bnr” drained my energy sumpah. Rasanya gue lg ada di pusaran lingkungan toxic itu sendiri. I’m done💆🏻‍♀️",Pertolongan Segera,0.9042604154246416,0.6245485544204712,"['Indikasi Krisis', 'Keputusasaan', 'Gangguan Fungsi', 'Tekanan Emosional', 'Permintaan Bantuan']",R1: Indikasi Krisis terdeteksi
2051137107100647520,jichanxm,@yeolshvn beneran si kalo didunia nyata lg jalan ke tempat asing. tb” pgn plg tapi ga nemuin jalan keluar malah di puter”in ky gitu jujur mending gw bundir aja😭😭😭😭😭 apalagi setannya menyerupai orang,Pertolongan Segera,0.9041425561301613,0.6244124914660599,"['Indikasi Krisis', 'Keputusasaan', 'Tekanan Emosional', 'Permintaan Bantuan']",R1: Indikasi Krisis terdeteksi
2053814424679612737,bidibidiary,ini kalo gue bundir juga ga bakal ada yg peduli kali,Pertolongan Segera,0.9014824214974984,0.6213805549072497,"['Indikasi Krisis', 'Keputusasaan', 'Tekanan Emosional']",R1: Indikasi Krisis terdeteksi
2054851742253117768,mjktfess,rek aku burnout banget pen cerita tapi gatau ke siapa butuh hiburan bgt pen keluar tapi gatau kemana gimana ya rek https://t.co/bZunGTztut,Pertolongan Segera,0.8983942581346186,0.6179508964220684,"['Indikasi Krisis', 'Keputusasaan', 'Gangguan Fungsi', 'Tekanan Emosional', 'Permintaan Bantuan']",R1: Indikasi Krisis terdeteksi
2054054541474377878,iyaa_bgtt,"ini kalau ada yg nyulik aku juga gpp bgt, takut bgt di rumah gw tiba tiba bundir https://t.co/47phZPTcg1",Pertolongan Segera,0.8968040597644469,0.6162207885222002,"['Indikasi Krisis', 'Keputusasaan', 'Tekanan Emosional', 'Permintaan Bantuan']",R1: Indikasi Krisis terdeteksi
2049342255249625219,ajengizkyara,"@sbyfess kuncinya biarin, ntah dia mau bundir biarin, bukan urusan km. aku jg punya temen deket kaya gt, nyusahin bgt, gaada kemajuan, banyak bgt masalah. pernah aku cut off dianya pgn bundir eh baikan lg. tp skrg aku berani cut off, biarin terserah dia mau apa udh bukan urusan aku lg.",Pertolongan Segera,0.8944528363617206,0.6137054273576448,"['Indikasi Krisis', 'Keputusasaan', 'Tekanan Emosional', 'Permintaan Bantuan']",R1: Indikasi Krisis terdeteksi
2057057940184674656,adonutss07,"Aku burnout banget liat tl, I'll be off for a while 😔",Pertolongan Segera,0.8942884004443672,0.6135313691514911,"['Indikasi Krisis', 'Keputusasaan', 'Gangguan Fungsi', 'Tekanan Emosional', 'Permintaan Bantuan']",R1: Indikasi Krisis terdeteksi
2053061699595304976,unsoedmfs,"Jends, aku fikes dan lg burnout banget menghadapi uts. Aku udah belajar materi tapi kayak ngerasa aku ga mampu buat ngerjain uts nya nanti, aku takut ipk turun, takut ga bisa cumlaude, takut ngecewain orang tua. Materi matkul fikes banyak banget, satu pertemuan bisa 3/ lebih ppt",Pertolongan Segera,0.8894105102633155,0.6084733840191003,"['Indikasi Krisis', 'Keputusasaan', 'Gangguan Fungsi', 'Tekanan Emosional']",R1: Indikasi Krisis terdeteksi
2049461752195424304,tkitosh,"aduh aku bener bener burnout banget, stres banget gatau mau ngerjain apa dulu saking banyaknya... kayanya aku mau istirahat dulu deh..",Pertolongan Segera,0.888044445135057,0.6070919831593832,"['Indikasi Krisis', 'Keputusasaan', 'Gangguan Fungsi', 'Tekanan Emosional']",R1: Indikasi Krisis terdeteksi
2048432568987787588,SnaiperMask,"Cangkem e arek"" ngawur 🤣

"" Mas ojok koyok Dandi loh pean kan sering liwat cangar, wedine galau ditolak mbak iku langsung bundir sisan ""

Yo gak ngarah aku bundir 🤣, aku masih ingin liat endingnya One Piece",Pertolongan Segera,0.8868667597966647,0.605912851564812,"['Indikasi Krisis', 'Keputusasaan', 'Tekanan Emosional']",R1: Indikasi Krisis terdeteksi
2050553342863331585,aka678,"@fatwahatiku @zakariamlk klo gw udh gk tahan hidup gw daripada bunuh diri, lebih baik berjuang sampe mau m4ti , misal skrng banyak hutang, gw kerja dari pagi smpai malam nonstop, biarin gw m4ti asalkan matinya ada hasil bukan mati konyol 1d10t sprti itu &amp; org bundir klo pny asuransi jiwa gk bsa claim😅",Pertolongan Segera,0.8855547226196818,0.604611747192614,"['Indikasi Krisis', 'Keputusasaan', 'Tekanan Emosional']",R1: Indikasi Krisis terdeteksi
2058077094731759713,lail_23,"@AgoodMood16 @starfess Betul yg bkin bundir kan krn dia terpojok digugat hutang banyak, mau bilang chat saeron AI jga? Capekk gue apa2 kog AI yg disalahin",Pertolongan Segera,0.8844381865971747,0.6035147058241296,"['Indikasi Krisis', 'Keputusasaan', 'Tekanan Emosional']",R1: Indikasi Krisis terdeteksi
2049340104435753300,spilldspell,"@Xoell5 @mingipvnk Iya tiati. Dulu pun suka heran sm yg bundir krn cinta. Krn d idupku aku ga trlalu mntingin pcaran, pgnnya pny karir bagus. Eh dikasi rasa pgn bundirnya dsini krn susah dpt kerja waktu itu 🤣 Stelah ngrasain, jd tau gmn rasanya. Emg ga bs mikir samsek klo lagi mode pgn bundir tuh",Pertolongan Segera,0.8818078848529803,0.6009662819631172,"['Indikasi Krisis', 'Keputusasaan', 'Tekanan Emosional']",R1: Indikasi Krisis terdeteksi
2053170885083967517,belahanjiwah,"@sbyfess seberat apapun hidupmu jgn smpe kepikiran bundir ya rekk, dr aku yg selamat dr tahun 2021😌😁",Pertolongan Segera,0.8797099862936527,0.5989686684174972,"['Indikasi Krisis', 'Keputusasaan', 'Tekanan Emosional']",R1: Indikasi Krisis terdeteksi
2049437403925070201,pinkyvioleta14,"@ahmadfaisyal_ @sbyfess Bener, temenku dulu pernah cowokny ngancem bundir pas minta putus. Tapi temenku tetep putusin, pas aku tanya jawaban temenku bikin aku salut sih. Kata dia, mungkin bunuh diriny gr2 gw putusin. Tapi gw gak punya tanggung jawab sama kputsan dia, dan gw g harus bertanggung jwb jg.",Pertolongan Segera,0.8772533840115021,0.596667367400545,"['Indikasi Krisis', 'Keputusasaan', 'Permintaan Bantuan']",R1: Indikasi Krisis terdeteksi
2057640773357805746,agapynch,"@roblox_fess ini kayaknya bug. aku kemarin begini, padahal mau bundir tapi sampe 4x maksa ngelepas hook 4% ga mati mati. pas diunhook malah penuh lagi 😭😭 giliran mau bundir malah begini anding",Pertolongan Segera,0.8739709014339695,0.593653426025853,"['Indikasi Krisis', 'Keputusasaan', 'Tekanan Emosional']",R1: Indikasi Krisis terdeteksi
2049162640451420464,RifqiahStyles,"@infomitigasi Kaga usah bawa-bawa sudut pandang syariat atau agama. Orang kalau mau bundir gak mikirin apapun. Gua pernah di posisi itu. Gua mikirin Tuhan? Enggak. Gua mikirin Ortu gua? Enggak. Yang gua pikirin gimana gua bisa gak sakit lagi, Gimana biar gua bisa ""bebas"" dari ketakutan gua.",Pertolongan Segera,0.8706520002076924,0.5906735911513821,"['Indikasi Krisis', 'Keputusasaan', 'Tekanan Emosional']",R1: Indikasi Krisis terdeteksi
2058111032355410422,helioheron,"kocak banget pake ditanya ""rahasianya apa"" gatau men bokap gua meninggal gatau dibunuh atau engga + anjing gua ikut mati + gak ada temen tinggal deket gua + keluarga gabisa diandelin + kepaksa ninggalin rumah karena diancem orang

pilihannya waktu itu gua kuat atau gua bundir 💀",Pertolongan Segera,0.8692893666560372,0.5894690083734917,"['Indikasi Krisis', 'Keputusasaan', 'Tekanan Emosional', 'Permintaan Bantuan']",R1: Indikasi Krisis terdeteksi
2048162257423774065,_mabskuy,@rg16337876 @arman_dhani Memang sama skali ga mudah klo org yg udh sangat mentok dan sangat putus asa buat dibujuk ga bundir bang. Untungnya sy dulu bisa meredam temen sy yg sangat depresi dan gajadi bundir,Pertolongan Segera,0.8660374016116907,0.5866367452072375,"['Indikasi Krisis', 'Keputusasaan', 'Tekanan Emosional']",R1: Indikasi Krisis terdeteksi
2060500751160578162,sagittareusable,HAHAHAHA FUCK YOU ANJING KALO GUE BUNDIR TOLONG LEMPAR AJA KE LAUUUUT,Pertolongan Segera,0.8655731101915124,0.5862371361616886,"['Indikasi Krisis', 'Keputusasaan', 'Tekanan Emosional', 'Permintaan Bantuan']",R1: Indikasi Krisis terdeteksi
2053646796413685932,slsaajiiikyuwoo,"burnout banget kayaknya semua :( semoga bahagia dan sehat selalu buat kalian... jangan lupa mamam enak, istirahat yang cukup juga. ikut sedih sekaligus kepikiran aku kalau gini :( akan selalu kuusahakan kesuksesan bareng kalian sur mangkanya harus terus bahagia ya bareng aku🥹",Pertolongan Segera,0.865191396765357,0.585909473173546,"['Indikasi Krisis', 'Keputusasaan', 'Gangguan Fungsi', 'Tekanan Emosional', 'Permintaan Bantuan']",R1: Indikasi Krisis terdeteksi
2059921679300903053,tariiikan,"sorry to hear that, kak:) kita sama, aku pun sempat self harm saat semuanya sudah meledak. 
kak, kalo butuh teman cerita, bisa dm aku ya, aku terbuka untuk jadi teman cerita. semoga kesehatan mental kakak semakin membaik ya^^",Pertolongan Segera,0.8639256530408729,0.5848285310196154,"['Indikasi Krisis', 'Keputusasaan', 'Tekanan Emosional', 'Permintaan Bantuan']",R1: Indikasi Krisis terdeteksi
2055639236821532969,noirfiore,tiap ngaca berdiri pake baju press body gw kayak OKAAAYYYY BODY TEA ASLLL tp pas ngaca duduk gw rasanya mau bundir,Pertolongan Segera,0.8622377995347261,0.5834002088416707,"['Indikasi Krisis', 'Keputusasaan', 'Tekanan Emosional']",R1: Indikasi Krisis terdeteksi
2057020365067755971,samonata_,"Saya rakyat, saya bermimpi semua WNI bundir masal",Pertolongan Segera,0.86200294991424,0.5832026384093545,"['Indikasi Krisis', 'Keputusasaan', 'Tekanan Emosional']",R1: Indikasi Krisis terdeteksi
2054280812812726541,belighthyun,"@Dahriwelah @BiLLRaY2019 Info no wa nya sini, gua bikin depresi sekalian. Kesel gue.",Pertolongan Segera,0.8594446875747264,0.5810685374520042,"['Indikasi Krisis', 'Keputusasaan', 'Gangguan Fungsi', 'Tekanan Emosional', 'Permintaan Bantuan']",R1: Indikasi Krisis terdeteksi
2047833072490717575,dipsi_lalala,coba aja klo bundir ga dosa mungkin gua udh melakukannya,Pertolongan Segera,0.8594170102979477,0.5810456275939941,"['Indikasi Krisis', 'Keputusasaan', 'Tekanan Emosional', 'Permintaan Bantuan']",R1: Indikasi Krisis terdeteksi
2058669643624247510,haollywood,dia masih cengar cengir padahal gw udah kepengen bundir https://t.co/NeDJRWCCxk,Pertolongan Segera,0.8592723112466036,0.5809259143742649,"['Indikasi Krisis', 'Keputusasaan', 'Tekanan Emosional', 'Permintaan Bantuan']",R1: Indikasi Krisis terdeteksi
2053108685413749142,wonfeelmyhear,@mirrorballhues @baseconvo bukan sender tp aku dah coba semua kak wkwkwk yah nikmatin ajasi keknya depresi tahap awal🤣,Pertolongan Segera,0.8530499225696738,0.575872515187119,"['Indikasi Krisis', 'Keputusasaan', 'Gangguan Fungsi', 'Tekanan Emosional', 'Permintaan Bantuan']",R1: Indikasi Krisis terdeteksi
2060232682945257584,insanemnth,"@madeleivraie tips trick bangkit dari kasur gyus, gue kalo dah bedrot ada janji juga rasanya pengen dibatalin kenapa ya. makin depresi bener tapi susah banget bangkit, nangis juga kagak bisa. towooong towooong 😔",Pertolongan Segera,0.8530136141330161,0.5758435538320831,"['Indikasi Krisis', 'Keputusasaan', 'Gangguan Fungsi', 'Tekanan Emosional', 'Permintaan Bantuan']",R1: Indikasi Krisis terdeteksi
2048161699166138428,_mabskuy,"@bujangteyvat @Nai_Pev @arman_dhani Betul. Temen gw ada yg beneran depresi, beneran ga main² mau bundir. Udh gw pernah coba pake cara buat inget akhirat, ibadah, ya tetep ga mempan. Untungnya bisa gw redam dan orgnya masih idup ampe skrg",Pertolongan Segera,0.8512891744106115,0.5744748223911632,"['Indikasi Krisis', 'Keputusasaan', 'Gangguan Fungsi', 'Tekanan Emosional', 'Permintaan Bantuan']",R1: Indikasi Krisis terdeteksi
2059996748450546110,sugarchc12,"Jujur udh terlalu stress sama tugas2 kuliah aku pengen rasanya ngilang aja di UKM ini😭udh burnout banget,tapi masih ada tanggung jawab.....pusing bgt ampun dah https://t.co/DAMkp8VmcF",Pertolongan Segera,0.8489785554582766,0.5726612083839648,"['Indikasi Krisis', 'Keputusasaan', 'Gangguan Fungsi', 'Tekanan Emosional']",R1: Indikasi Krisis terdeteksi
2057360708300632274,dhflvldk,@kepobgtlu00 Sama tapi aku percaya sihh kalau pasti ada jalannya jangan bundir dulu kakk semangattt,Pertolongan Segera,0.8462523720884172,0.5705505148930984,"['Indikasi Krisis', 'Keputusasaan', 'Tekanan Emosional']",R1: Indikasi Krisis terdeteksi
2050232397208453453,sambat_bat,kayanya orang kl jadi gua juga udah bundir deh,Pertolongan Segera,0.8413549760934997,0.5668344506711671,"['Indikasi Krisis', 'Keputusasaan']",R1: Indikasi Krisis terdeteksi
2057047989651431565,bipinkyeon,"Kayaknya gua lagi klepek2 dan ter-jihoon2 🫠, yg marga ju dan park jangan sampai lolos dulu dah, balik ke tae nanti klo udh gak depresi aje ye taee..",Pertolongan Segera,0.8410039960085693,0.5665717341683127,"['Indikasi Krisis', 'Keputusasaan', 'Gangguan Fungsi', 'Tekanan Emosional', 'Permintaan Bantuan']",R1: Indikasi Krisis terdeteksi
2047673105196425260,akushoegazee,@blueescnry kalo bundir adalah fomo gw skrng udah mati ke yang 29373929x nya anjing emg ni org org,Pertolongan Segera,0.8401810917935638,0.565957610354279,"['Indikasi Krisis', 'Keputusasaan', 'Tekanan Emosional', 'Permintaan Bantuan']",R1: Indikasi Krisis terdeteksi
2048183684348760428,_mabskuy,"@0xkmzway87aa @DarrielRas31652 @arman_dhani Loh, gw ada temen, ibadahnya oke, perintah agama ya dijalanin, tpi tetep dan pernah ada pikiran bundir karna satu dan lain hal. Lu keknya blom pernah sih ngadepin org begitu",Pertolongan Segera,0.8391156707727067,0.5651662909623348,"['Indikasi Krisis', 'Keputusasaan', 'Tekanan Emosional']",R1: Indikasi Krisis terdeteksi
2048636152727621977,frrnbtst246,@knalpwout Sampe detik ini aku kuat untuk gak bundir soal aku tau bundir itu gak akan pernah punya tempat di alam kematian dan gk akan masuk surga atau neraka. Dan aku prnah sok² an coba bundir malah ngeri sendiri.,Pertolongan Segera,0.8387860765076226,0.5649223499225847,"['Indikasi Krisis', 'Keputusasaan', 'Tekanan Emosional']",R1: Indikasi Krisis terdeteksi
2048129703484272661,GMCsuburbanv8,"@ardisatriawan NGOMONG UTK TDK MENGHAKIMI LEBIH GAMPANG. GAK DIRUGIIN SOALNYA APA2. COBA KALAU LO PUNYA USAHA DIGINIIN MAU GAK? 
INI GW KASIAN AJA SAMA YG PUNYA KIOS KOSONG LAMA GAK TERSEWA JADI TKP BUNDIR. DAN KIOS2 SEBELAHNYA TENANT PADA KABUR. 
INI ORANG BUNUH DIRI BIKIN ORANG LAIN SUSAH. YG https://t.co/JifPToX21V",Pertolongan Segera,0.8377783516910746,0.5641789969169733,"['Indikasi Krisis', 'Keputusasaan', 'Tekanan Emosional']",R1: Indikasi Krisis terdeteksi
2060232970779382041,grumpyjel,ADALAH BENAR. Gw kalo gada temen lamgsung depresi,Pertolongan Segera,0.8370395130370113,0.5636363517154347,"['Indikasi Krisis', 'Keputusasaan', 'Gangguan Fungsi', 'Tekanan Emosional', 'Permintaan Bantuan']",R1: Indikasi Krisis terdeteksi
2051000176937185663,thatstobely,"Blum tidur dri kmrin, trakhir mkn jg mlem kmrin, orng gila emng  keknya gua depresi lgi deh",Pertolongan Segera,0.8332929634936634,0.5609147277745333,"['Indikasi Krisis', 'Keputusasaan', 'Gangguan Fungsi', 'Tekanan Emosional', 'Permintaan Bantuan']",R1: Indikasi Krisis terdeteksi
2051893544928112857,ribbonisasi,org baru apa org lama org gw mau bundir,Pertolongan Segera,0.8330116732373756,0.5607123745210243,"['Indikasi Krisis', 'Tekanan Emosional', 'Permintaan Bantuan']",R1: Indikasi Krisis terdeteksi
2059713093874409557,becomingism,"@pisgorMIDORI Udah banyak yg depresi kak termasuk saya, bentar lg juga bundir",Pertolongan Segera,0.8314602579752806,0.5596011922214971,"['Indikasi Krisis', 'Tekanan Emosional']",R1: Indikasi Krisis terdeteksi
2053130804138787202,sofluffie,"sepanjang akhir tahun 2025 sampai awal tahun 2026 itu aku burnout banget. rasanya bener bener pengen menghilang dari semua orang dan ga ngelakuin apa-apa🥲 rasanya berat, engga nyaman, dan selalu capek meskipun udah istirahat cukup bahkan bangun tidur aja rasanya capek dan ga",Pertolongan Segera,0.8307988128528395,0.5591299199696743,"['Indikasi Krisis', 'Keputusasaan', 'Gangguan Fungsi', 'Tekanan Emosional']",R1: Indikasi Krisis terdeteksi
2053104894949937586,Xoell5,"@yomemibuzz @KapudS640 Ga dukung bundir samsek. Tpi kok gue nyesek ya liat org komen begini. Ternyata ada yg lebih jahat dripada gue wkwkw. Komen tuh ga wajib kok, apalagi bukan untuk masukan. 

Bundir emng ga masuk akal. Tpi rasa sakit hati org bisa dipahami, semoga hatimu lebih lembut yaa",Pertolongan Segera,0.8300755273937412,0.5586162633968123,"['Indikasi Krisis', 'Keputusasaan', 'Tekanan Emosional']",R1: Indikasi Krisis terdeteksi
2055743310195810636,daisevelle,"@yappingfess Butuh waktu yang lama memang, sudah depresi, sudah pgn pergi aja. Kacau, tapii aku kuatin pegangan Tuhan saking gaada apapun lagi sandaranku. Akhirnya hari hari kayak skrg pun dtg, bisa beli makan, baju udh ga disedekahin org lg. Semoga km bisa melalui itu semua ya🫶🏻✨",Pertolongan Segera,0.8280373581974713,0.5571781017563561,"['Indikasi Krisis', 'Keputusasaan', 'Gangguan Fungsi', 'Tekanan Emosional']",R1: Indikasi Krisis terdeteksi
2058778759277519272,eclairedelange,"@denaaskh HAHAHAHAHAHA kalo lulus gourmet mah sisanya gada apa2. gourmet ditulis pas aku bener2 depresi itu

skrg alhamdulillah hepi, semuanya harus hepi 🥹",Pertolongan Segera,0.8213783470996574,0.5525713942267678,"['Indikasi Krisis', 'Keputusasaan', 'Gangguan Fungsi', 'Tekanan Emosional']",R1: Indikasi Krisis terdeteksi
2059894939572682849,Profokiev,Otw depresi berjamaah 1 dc 😭 moga gw ga ketrigger soalnya topiknya wauhhh wowkwkw https://t.co/faZX4BSnLK,Pertolongan Segera,0.8161175538298353,0.5490261731725751,"['Indikasi Krisis', 'Keputusasaan', 'Gangguan Fungsi', 'Tekanan Emosional', 'Permintaan Bantuan']",R1: Indikasi Krisis terdeteksi
2060591234234933379,serenataraya,sumpah gue pengen bundir baca tweetnya,Pertolongan Segera,0.8158279246679686,0.5488332943482832,"['Indikasi Krisis', 'Keputusasaan', 'Permintaan Bantuan']",R1: Indikasi Krisis terdeteksi
2049142545738092787,gelempeiye,"@sisigelapk5086 Kak sebenernya aku ga sekuat itu. Tiap malem aku selalu nangis, aku selalu bertanya apa yang kurang dari diri aku. Atau apa aku terlalu banyak dosa sehingga ngerasain sakit kek gt berkali-kali. Aku lemah ketika sendiri, tapi aku berusaha kuat kak didepan orang. Aku selalu",Pertolongan Segera,0.8153470351340267,0.5485135634740195,"['Indikasi Krisis', 'Keputusasaan', 'Tekanan Emosional', 'Permintaan Bantuan']",R1: Indikasi Krisis terdeteksi
2057866720854102397,p_apperlunch,"@tanyarlfes Aku f-26. Yang dulu anti banget bundir, akhir2 ini selalu kepikiran. Y? Cobaan paling berat udah kelewat beberapa tahun lalu, kenapa sekarang rasanya aneh. No reason to life, to live. Tapi cuma jalanin aja. Nder, please, tetep hidup meski nggak ada tujuan, harapan, pencapaian.",Pertolongan Segera,0.8128549192166228,0.5468668493357571,"['Indikasi Krisis', 'Keputusasaan', 'Tekanan Emosional', 'Permintaan Bantuan']",R1: Indikasi Krisis terdeteksi
2048598058603262419,chaoswatching,"Gue kalo udh di titik MAU bunuh diri terus lihat spanduk kayak gini, gue bundir depan banyak orang",Pertolongan Segera,0.8103555463363316,0.5452322074861238,"['Indikasi Krisis', 'Tekanan Emosional']",R1: Indikasi Krisis terdeteksi
2054794655934583200,ngc3372_,"@QueenImaIsBack gue kuliah telat lulus 1 semester gegara depresi berat (lulus 4th bukan 3.5th) aja udah mau bundir ajg rasanya, mana ortu gue udah pensiun. 20jt aja gasampe itu tapi gue ngerasa bersalah bgt, cumlaude sih iya tapi 8 semester ajg😭 coba 100jt udah lompat dari kampus guee",Pertolongan Segera,0.8088783456463319,0.5442738370461898,"['Indikasi Krisis', 'Keputusasaan', 'Gangguan Fungsi', 'Tekanan Emosional']",R1: Indikasi Krisis terdeteksi
2058879541087772696,innovaraibon,"@KapudS640 ada temen/sodara yg bisa menolongmu,ada juga teman/sodara yg akan menenggelamkanmu.
aku sudah mengalami keduanya sampai hari ini jadi penyintas pinjol.
maret 2025 sempet mau bundir juga,alhamdulillah Allah masih beri kewarasan.
cuman bisa bilang,begitulah hidup",Pertolongan Segera,0.8060136943801105,0.5424313165924767,"['Indikasi Krisis', 'Tekanan Emosional']",R1: Indikasi Krisis terdeteksi
2054305847287886249,kalengredbull,Ini depresi beneran gw kayanya deh soalnya bener2 ga bisa sange.......,Pertolongan Segera,0.8049648148058796,0.5417618588967756,"['Indikasi Krisis', 'Keputusasaan', 'Gangguan Fungsi', 'Tekanan Emosional', 'Permintaan Bantuan']",R1: Indikasi Krisis terdeteksi
2050374602472509592,bodoamadsii,"@baseconvo jadi keinget temen ak, dia jg pas bilang ""aku balik jember, aku mau mulai semua dari nol lagi, temenin ya"" yg sebelumnya dia kayak bolak balik mau bundir",Pertolongan Segera,0.804315156836171,0.5413485756426147,"['Indikasi Krisis', 'Keputusasaan', 'Tekanan Emosional']",R1: Indikasi Krisis terdeteksi
2056065146024595937,farrbyy,INI BUKAN GUE STOP NGIRA ITU GUE YA ANJIRRR itu org seenakbya pake foto gue sumpah anxiety parah soal nya tmn real life aku udh notice,Pertolongan Segera,0.8036196558307629,0.5409072782054092,"['Indikasi Krisis', 'Keputusasaan', 'Tekanan Emosional', 'Permintaan Bantuan']",R1: Indikasi Krisis terdeteksi
2052237635557728356,Ideationsm,@unknowpersonie Sebelum lu nyesel gua ngetweet-nya tiap mau bundir aja.,Pertolongan Segera,0.8031984705108621,0.5406406088308855,"['Indikasi Krisis', 'Permintaan Bantuan']",R1: Indikasi Krisis terdeteksi
2048412520420184067,ntinsen,gw mules krena memikirkan prompt au konhun mcd.... masih bingung ntar endnya bundir atau sakit nyak :/,Pertolongan Segera,0.7984777502186049,0.537680730675206,"['Indikasi Krisis', 'Tekanan Emosional']",R1: Indikasi Krisis terdeteksi
2049117757099356474,eveningsunkiss,"@illbertinsane Kasih aku insight dari kalian yang pernah/lagi ngalamin depresi dong. Aku ada temen yang lagi ada masalah dikit bilangnya mau mati, terus aku dah kasih support buat tetep jalanin hidup tapi dia gitu lagi tiap ada masalah. Karena aku ga diposisi dia, lama2 aku capek sama energinya",Pertolongan Segera,0.797791661544456,0.537254894321615,"['Indikasi Krisis', 'Keputusasaan', 'Tekanan Emosional', 'Permintaan Bantuan']",R1: Indikasi Krisis terdeteksi
2060208312474644820,himitsu_desu,"@trafalgray Sayangnya iya 🫠 sampe depresi, ku kira aku yang gak layak banget buat kerja..",Pertolongan Segera,0.7911267535222247,0.5331730607784155,"['Indikasi Krisis', 'Keputusasaan', 'Gangguan Fungsi', 'Tekanan Emosional', 'Permintaan Bantuan']",R1: Indikasi Krisis terdeteksi
2058479383015469487,nattacatto,aduh gw bengong dikit muncul suara alan manggil sayang 😓 parah anjir udh bukan depresi lagi ini udh masuk halusinasi 😓,Pertolongan Segera,0.7897990606082407,0.5323714631976504,"['Indikasi Krisis', 'Keputusasaan', 'Gangguan Fungsi', 'Tekanan Emosional']",R1: Indikasi Krisis terdeteksi
2049428430853410926,felt1oved,"sefrustasi apapun diriku, gak ada kepikiran buat bundir. tapi waktu itu pernah sih sekali, gak tau tiba² kebayang, posisi di lantai atas terus ke bawah, ke dapur ambil piso terus nusuk²in ke diri sendiri (jujur ini aku juga kaget kok ada pikiran kek gitu) langsung istighfar..",Pertolongan Segera,0.7879317539878004,0.5312503341472511,"['Indikasi Krisis', 'Keputusasaan', 'Gangguan Fungsi', 'Tekanan Emosional', 'Permintaan Bantuan']",R1: Indikasi Krisis terdeteksi
2058010944748597712,omezkiz,Litreli mak gw tiap gw depresi https://t.co/5YRvhh3MZS,Pertolongan Segera,0.7852243900005645,0.5296375715371334,"['Indikasi Krisis', 'Keputusasaan', 'Tekanan Emosional', 'Permintaan Bantuan']",R1: Indikasi Krisis terdeteksi
2049353643422560649,gimanaci,"@worksfess emang nder ini negara bobrok banget udah ga bisa ngasih lapangan pekerjaan, kalaupun ada kerja upahnya ga sesuai. ga bundir aja udah alhamdulillah kata gw mah",Pertolongan Segera,0.7843463233846534,0.5291176889881943,"['Indikasi Krisis', 'Keputusasaan', 'Tekanan Emosional']",R1: Indikasi Krisis terdeteksi
2054918332579790948,jjctention,"hari ini curhat ke Bunda Maria, lately I found everything really stressing me out, aku burnout kerja, aku udah usaha tapi merasanya usahaku di situ-situ aja

I think ini adalah salah satu moment dimana Tuhan panggil aku untuk balik rajin berdoa dan berbagi bebanku ke Tuhan🥹🤍 https://t.co/6x4ifuDlmH",Pertolongan Segera,0.7837566145575491,0.5287693973743555,"['Indikasi Krisis', 'Keputusasaan', 'Gangguan Fungsi', 'Tekanan Emosional']",R1: Indikasi Krisis terdeteksi
2054041661102317938,dykedler,"“Kan saya trauma”
“Ya itu urusan kamu kalau trauma”

Boomer brengsek, pantesan kalo anak muda pada depresi dibilang kurang ibadah, pantesan kalo orang bundir disumpahin masuk neraka.",Pertolongan Segera,0.7828748267029932,0.5282498796780905,"['Indikasi Krisis', 'Keputusasaan', 'Tekanan Emosional']",R1: Indikasi Krisis terdeteksi
2049110743552024713,backburnerey,"@eombriella gw bergetar hebat..gw tidak sanggup cloning akun lagi, gw capek..gw depresi hebat..udh berhari-hari..udh sangat lama..kegjatan gw tidak ada luput dari mnet sialan ini mana lama bgt naiknya..gw ga kuat lagi..gw sangat kena mental😂✌🏻",Pertolongan Segera,0.7801653105073973,0.5266629981272148,"['Indikasi Krisis', 'Keputusasaan', 'Gangguan Fungsi', 'Tekanan Emosional']",R1: Indikasi Krisis terdeteksi
2048608236891451695,nirfungsih,"kata gue stop mengiming-imingi mi ayam atau bakso ke orang yang mau mati. karena kalo gue depresi, mau makan aja syukur.

lagipula, abis indomie terus apa? ngilang gitu aja lagi? wkwkw",Pertolongan Segera,0.7782731622337218,0.5255631407101949,"['Indikasi Krisis', 'Keputusasaan', 'Gangguan Fungsi', 'Tekanan Emosional']",R1: Indikasi Krisis terdeteksi
2058159866510995503,snow_eater22,@fnfrre KLO BUNDIR GAK DOSA AJA UDH DRI KMREN GW LAKUINN WAKTU DENGER KABAR DODIT MENINGGAL I'M SO DESPERATE FOR HIM TO BE PLAYABLE AND HAVE A HAPPY LIFE😭😭😭😭😭💔💔💔💔💔💔💔💔💔💔,Pertolongan Segera,0.7772429571140571,0.5249671303864681,['Indikasi Krisis'],R1: Indikasi Krisis terdeteksi
2049460220833976592,Hegelswrite,"percobaan bundir di kosan tapi gagal karena pas pasan sama orang kesurupan di sebelah kamar gw... masalahnya suara teriakan nya ngagetin gw, bikin piso yang di tangan gw jatoh ke sela² lemari dan gw keburu males ngambil 😭😭",Pertolongan Segera,0.7759131456766063,0.5242006869027109,['Indikasi Krisis'],R1: Indikasi Krisis terdeteksi
2058782126422831582,oitarie,"@tanyarlfes kak, sehat sehat ya. Klo orang rumah bikin kamu capek, block aja, gapapa banget. Dulu aku gitu soalnya. Sandwich gen, gapernah selesai muter otaknya. Take a rest, gapapa menjauhi lingkungan toxic. Kamu layak hidup tenang",Pertolongan Segera,0.7748459236281824,0.5235879249645002,"['Indikasi Krisis', 'Keputusasaan', 'Gangguan Fungsi', 'Tekanan Emosional']",R1: Indikasi Krisis terdeteksi
2057385724325077352,kakperii,"Dulu msh ada Ayah, kalo terlintas bundir pertanyaan yg slalu muncul ""nanti siapa yg jagain dan belain Ayah"". Sekarang Ayah udah gak ada, aku sendirian. Tetep Ayah yg nyelametin aku, Krn yg terlintas ""Aku harus tetep hidup, utk selalu buat bangga walaupun Ayah udah gak ada""",Pertolongan Segera,0.7746574370106276,0.5234799168326638,"['Indikasi Krisis', 'Tekanan Emosional']",R1: Indikasi Krisis terdeteksi
2048400861018436081,mikqompany,Ajg aduh gue depresi bgt KANGENNNNNN AAAACCGHKK https://t.co/DO5RgcooRo,Pertolongan Segera,0.771860492726832,0.5218846508950898,"['Indikasi Krisis', 'Keputusasaan', 'Tekanan Emosional', 'Permintaan Bantuan']",R1: Indikasi Krisis terdeteksi
2057054696846840061,miyagyi,depresi gw denger suaranya wowo,Pertolongan Segera,0.7704622499540016,0.5210923155148824,"['Indikasi Krisis', 'Keputusasaan', 'Gangguan Fungsi', 'Tekanan Emosional', 'Permintaan Bantuan']",R1: Indikasi Krisis terdeteksi
2057805088539001017,lovedrichfree,"Aku udah nggak mau ambil hutang lagi, tapi situasinya buntu.  Di titik terendah itu, aku sempat kepikiran untuk mengakhiri semuanya. Rasanya nggak ada jalan keluar lagi. Udah se desperate dan se depresi itu. Gak bisa mikir bener. Tapi setiap kali pikiran itu datang, aku ingat",Pertolongan Segera,0.7700085536885414,0.5208359505190994,"['Indikasi Krisis', 'Keputusasaan', 'Gangguan Fungsi', 'Tekanan Emosional']",R1: Indikasi Krisis terdeteksi
2053787822260453779,fistaloka,Kayaknya lg fase depresi dah gue,Pertolongan Segera,0.7699729950209578,0.5208158727848169,"['Indikasi Krisis', 'Keputusasaan', 'Gangguan Fungsi', 'Tekanan Emosional', 'Permintaan Bantuan']",R1: Indikasi Krisis terdeteksi
2059220816894869561,lol4lia,"saatnya keluar dari lingkungan toxic ini, gue udah muaakkkk😫",Pertolongan Segera,0.769654372209169,0.5206360636335431,"['Indikasi Krisis', 'Keputusasaan', 'Gangguan Fungsi', 'Tekanan Emosional', 'Permintaan Bantuan']",R1: Indikasi Krisis terdeteksi
2048374907806113920,verstofu,kata gw mah kita smua dah cukup depresi agaknya gw gajadi nulis narasi lestappen menyakitkan itu ganti yang gemes gemes aja ya gak https://t.co/BjUQz83nTO,Pertolongan Segera,0.7634054403552041,0.517144130937981,"['Indikasi Krisis', 'Keputusasaan', 'Gangguan Fungsi', 'Tekanan Emosional']",R1: Indikasi Krisis terdeteksi
2060270774783758476,sunsilence_,"Burnout parah, beli bakso ah",Pertolongan Segera,0.7572831192518023,0.5137841520887433,"['Keputusasaan', 'Gangguan Fungsi', 'Tekanan Emosional', 'Permintaan Bantuan']",R2: Keputusasaan + Gangguan Fungsi
2053067782460469433,coblazam123,"@stafsusthe2 Gue sd sama sma diperkosa, ampe hamil. Umur sekecil itu, rame2 pula, hampir mati, videonya disebar juga. Berapa kali mau bundir mah ga keitung. Mana bapak dl selingkuh juga

Tp gada tuh gue jd misandrist gini. Kalo trauma berobat neng, bukan jd misandrist",Pertolongan Segera,0.7568685477245298,0.5135587336439075,['Indikasi Krisis'],R1: Indikasi Krisis terdeteksi
2060617413885088014,nanaspaxe,"@andihiyat pernah waktu itu dia ngajak ngedate di tempat angker orang bundir anjeng, dia makan batagor sambil nonton nadia omara, bukan masalah makan batagor sama nonton nadia omara nya, masalah nya aku takut dan berakhir minum bandrek, seru sih tapi ga deh galagi",Pertolongan Segera,0.7565881017041707,0.5134063922997677,"['Indikasi Krisis', 'Tekanan Emosional']",R1: Indikasi Krisis terdeteksi
2050995251314372939,Soffpieee,ayo ngeweee plssss gila bgt guee burnout parah,Pertolongan Segera,0.7553409916049711,0.512730385317947,"['Keputusasaan', 'Gangguan Fungsi', 'Tekanan Emosional', 'Permintaan Bantuan']",R2: Keputusasaan + Gangguan Fungsi
2054833645177995486,souizii,kata gue juga apa tokkimek nih depresi anjir,Pertolongan Segera,0.7528035044991512,0.5113620694839593,"['Indikasi Krisis', 'Keputusasaan', 'Gangguan Fungsi', 'Tekanan Emosional', 'Permintaan Bantuan']",R1: Indikasi Krisis terdeteksi
2050389009004998698,Chaeryeoungg,Di kota gw kasus bundir pasti cowo,Pertolongan Segera,0.7519945528311307,0.5109278370033611,"['Indikasi Krisis', 'Tekanan Emosional']",R1: Indikasi Krisis terdeteksi
2053431683324764183,astaaar17,gua setelah nonton spoke newest uu berasa depresi bgt,Pertolongan Segera,0.7508168671631621,0.5102973670670481,"['Indikasi Krisis', 'Keputusasaan', 'Gangguan Fungsi', 'Tekanan Emosional']",R1: Indikasi Krisis terdeteksi
2054930386367725926,eimodnieim,"@SAIBdelvi ini aku lebay kayanya, tapi kalau aku pasti bakal depresi berat deh,  ini tuh kaya direngut separuh nyawa.",Pertolongan Segera,0.7502914214397426,0.5100167140816197,"['Indikasi Krisis', 'Keputusasaan', 'Gangguan Fungsi', 'Tekanan Emosional']",R1: Indikasi Krisis terdeteksi
2051581508729938264,strawberriescg,mens aja bayar mahal. kdg gw mikir emg hidup tuh ga worth it bgt. makanya ga heran knp kemaren banyak yg bundir di jembatan deket rumahku. should i do it too?,Pertolongan Segera,0.7499726506242989,0.5098466430649613,"['Indikasi Krisis', 'Keputusasaan']",R1: Indikasi Krisis terdeteksi
2050784636373283102,moonswyz,"ni chat kemaren² sii, tp kalo kalian butuh teman cerita atau butuh pendengar aku bersedia (kalau energiku masi ada ya bakalan aku bales secepatnya) https://t.co/ChcJSxvV7u",Pertolongan Segera,0.7485154256824144,0.5090710159504053,"['Indikasi Krisis', 'Keputusasaan', 'Tekanan Emosional', 'Permintaan Bantuan']",R1: Indikasi Krisis terdeteksi
2053264198776582636,na_dirs,"Allah Belum Selesai Menulis Ceritamu

Jadi gini…

“Kalau aja dulu saya diterima di situ, mungkin hidup saya udah hancur sekarang.”

Pernah nggak sih kamu mikir gitu?
Dulu kamu nangis karena ditolak, dipecat, ditinggal, atau gagal total. Eh pas dilihat lagi, justru itu yang https://t.co/SWWrWzc3sC",Pertolongan Segera,0.7442683829395624,0.5068273175846447,"['Indikasi Krisis', 'Keputusasaan', 'Tekanan Emosional']",R1: Indikasi Krisis terdeteksi
2049126870801940596,nirfungsih,GW BENTAR LAGI MAU LOMPAT TERUS APA? YA UDAHI AYAM. IYA KATA GW IYAAA YAUDAH GW MAKAN MI AYAM 10000 PORSI TERUS APA OKE WOW BAPAKNYA COWOK GW SEHAT BUGAR DAN BISA MELIHAT KITA BERDUA AKAD. YA UDAH ALHAMDULLILAH. GW GA BIPOLAR LAGI GW GA DEPRESI LAGI YA UDAH,Pertolongan Segera,0.7427850243470316,0.506049445181182,"['Indikasi Krisis', 'Keputusasaan', 'Gangguan Fungsi', 'Tekanan Emosional', 'Permintaan Bantuan']",R1: Indikasi Krisis terdeteksi
2049373551397069146,constellatite,"Kalau ada orang yang ngomong gitu depan muka gw, gw bundir depan dia saat itu juga.",Pertolongan Segera,0.7408645537534541,0.5050466936646085,['Indikasi Krisis'],R1: Indikasi Krisis terdeteksi
2050252310664855973,kthynu,Tapi aku begini.... dibanding avoidant lebih ke orang depresi kak (itu diagnosisku soalnya),Pertolongan Segera,0.740701136299532,0.5049615908752788,"['Indikasi Krisis', 'Keputusasaan', 'Tekanan Emosional', 'Permintaan Bantuan']",R1: Indikasi Krisis terdeteksi
2056006168481567075,Shr2607,"Me too 😭 aku ninggalin booth yg dijaga cowo ku yg ga tau perstok an dan harga, its  bundir namanya wkwkw

Ada temenku sih satu cuman kasian aja ￼jadi nya cuman berdua doang 😭",Pertolongan Segera,0.7372436113481501,0.5031691058115526,"['Indikasi Krisis', 'Keputusasaan']",R1: Indikasi Krisis terdeteksi
2048401357531705599,imnoteaj,"Gue pernah ada di posisi ini. Beneran bikin depresi bgt sirkel kek mereka ini. Gue milih nongkie di luar/ sebisa mungkin ga di kos sering² deh

Bodohnya knp gue bisa bertahan selama 2 tahun. Pas di fase skripsian langsung pindah lorong yg isinya sunyi n manusianya normal",Pertolongan Segera,0.7292390977115445,0.499076550657099,"['Indikasi Krisis', 'Keputusasaan', 'Gangguan Fungsi', 'Tekanan Emosional']",R1: Indikasi Krisis terdeteksi
2054799910491541975,mintychx,"@bebeqmadura Literally. Apakah gw memilih bundir atau diculik dan dibunuh karena suka ngatain pemerintah, we never know",Pertolongan Segera,0.7290392367804542,0.4989753528074785,"['Indikasi Krisis', 'Keputusasaan']",R1: Indikasi Krisis terdeteksi
2051140858838401392,whitecoatpath,burnout banget https://t.co/T54IMitWze,Pertolongan Segera,0.7278345914756419,0.49836638118281507,"['Keputusasaan', 'Gangguan Fungsi', 'Tekanan Emosional', 'Permintaan Bantuan']",R2: Keputusasaan + Gangguan Fungsi
2054790320244855277,beheavenlyblush,Burnout banget,Pertolongan Segera,0.7278345914756419,0.49836638118281507,"['Keputusasaan', 'Gangguan Fungsi', 'Tekanan Emosional', 'Permintaan Bantuan']",R2: Keputusasaan + Gangguan Fungsi
2052392863527514475,northofcye,BURNOUT BANGET,Pertolongan Segera,0.7278345914756419,0.49836638118281507,"['Keputusasaan', 'Gangguan Fungsi', 'Tekanan Emosional', 'Permintaan Bantuan']",R2: Keputusasaan + Gangguan Fungsi
2054848817036673163,widywonka,"Gue udah ga kepikiran bundir lagi tp mau bunuh org. Mereka (rezim &amp; antek-anteknya) jahat bgt, nyusahin org lain, ga deserved hidup. 
Gue yg baik ini yg deserved hidup, ngapain gue mati.",Pertolongan Segera,0.7248001333569728,0.49683983172431134,"['Indikasi Krisis', 'Keputusasaan']",R1: Indikasi Krisis terdeteksi
2060606094528111078,nabi60741,"Barusan denger berita temen mau bundir tp gagal skrang di RS

Dada rasanya ditusuk ga nyangka ga ngerti harus gimana🥲
Inget ya semuanya💫 
Hidup km berharga🫵
Walau sekarang rasany gelap banget Ngobrol ya🫂
Jangan dipendem sendiri
Nangis gpp Lemah gpp yg penting jangan sendirian https://t.co/5NiL9RyGxX",Pertolongan Segera,0.7237323601559225,0.4963051550316088,"['Keputusasaan', 'Gangguan Fungsi', 'Tekanan Emosional']",R2: Keputusasaan + Gangguan Fungsi
2059260993327542375,pinkryee,gue jg kl lg depresi dihibur ni sunshine mgkin jd pengen hidup i get you robin,Pertolongan Segera,0.7187836059673712,0.4938435888651646,"['Indikasi Krisis', 'Keputusasaan', 'Tekanan Emosional']",R1: Indikasi Krisis terdeteksi
2049464460834992413,caevraee_,Zuzurrr sng orng yg prnh masuk fase depresi dan mencoba attempt (meski gagal soalnya konyol lol). Aku ga bakal ada tenaga buat marah-marah ke orng yg berusaha nyemangatin aku sih. Sowryyyyy.,Pertolongan Segera,0.716961418615947,0.49294388113599835,"['Indikasi Krisis', 'Keputusasaan', 'Tekanan Emosional', 'Permintaan Bantuan']",R1: Indikasi Krisis terdeteksi
2058895084645732626,psychwardistt,"Gw sehari hari di twt kegiatannya cuma nge porno, depresi, sama doain orang buat meninggal (ww) doang jir",Pertolongan Segera,0.7158063692113061,0.4923753891930436,"['Indikasi Krisis', 'Keputusasaan', 'Gangguan Fungsi', 'Tekanan Emosional']",R1: Indikasi Krisis terdeteksi
2055625014788133057,pwettyjas,"Apakah aku harus jalan2 besok? Hmmm 3 hari ini cuma di kos aja sih. Dengan dua hari sebelumnya bener2 hanya rebahan aja. Seperti orang depresi. Well, i guess i'm just not feeling well 🫠",Pertolongan Segera,0.7147913107196796,0.49187694715731073,"['Indikasi Krisis', 'Keputusasaan', 'Gangguan Fungsi', 'Tekanan Emosional']",R1: Indikasi Krisis terdeteksi
2052358971307204750,SuezLoverz,@kdrama_menfess #Doona sampe mabok. Aku tu relate banget sama depresi dan kesepian nya Doona disini. Terus #Suzy keren banget bisa centil flirty namun balance sisi kelam nya juga. Terus chemistry nya luar biasa sama #yangsejong https://t.co/nzJwrbg9F6,Pertolongan Segera,0.7139369952496982,0.4914582633610928,"['Indikasi Krisis', 'Keputusasaan', 'Tekanan Emosional', 'Permintaan Bantuan']",R1: Indikasi Krisis terdeteksi
2051248461929124054,oosirxx,@VarellP32425 reall gue sendiri ga berani ngomongin soal kematian apalagi sampe doain seseorang buat bundir...,Pertolongan Segera,0.713336260194994,0.491164303187168,"['Indikasi Krisis', 'Keputusasaan', 'Tekanan Emosional']",R1: Indikasi Krisis terdeteksi
2060246089765159008,tiramisuslice_,"Teman-teman, aku open sharing  tentang ini. Kalau kamu merasa butuh teman cerita, tolong dm saja. Aku tidak akan menghakimi kamu, jangan disimpan sendiri ya☺️❤️",Pertolongan Segera,0.7121307887946808,0.49057553374406065,"['Indikasi Krisis', 'Tekanan Emosional', 'Permintaan Bantuan']",R1: Indikasi Krisis terdeteksi
2050395309826846879,lohqoq,"@sofyatw @sukamendoanm Kak maaf banget aku juga sepemikiran gitu, aku ngeliatnya pas dia duduk di atas aja dia geser ke kiri ke tempat yang tidak panas atau lebih adem. Kayanya kalo beneran pengen bundir ga kepikiran panas atau engga. Tapi ini menurutku yaaaa. Maaf kalo salah bicara 🙏🏻",Pertolongan Segera,0.7113445425144354,0.49019231127970153,['Indikasi Krisis'],R1: Indikasi Krisis terdeteksi
2048136807938998567,OceanYouse19963,"@GMCsuburbanv8 @ardisatriawan Sering bgt org bundir ngerugin org lain gni.banyak bgt.bukan sok2an di mistis2in,tp emg tempat bekas bndr gw yakin 99% g laku.egois bgt sumpah.usaha dimatiin gni.mau marah jg ma siapa",Pertolongan Segera,0.7092678129765136,0.4891830664692503,"['Indikasi Krisis', 'Tekanan Emosional']",R1: Indikasi Krisis terdeteksi
2058785877464412437,silviwn,"""Jujur, aku sendiri bingung knp banyak yg benci aku, pdhl aku sdh berusaha melakukan yg terbaik. Sampe bikin insecure, stress hampir depresi.""

*gue nangis*

""Kak jgn nangis (ngasih tissue)"" https://t.co/BKg4xeCL7P",Pertolongan Segera,0.7089856435629754,0.48904626766840625,"['Indikasi Krisis', 'Keputusasaan', 'Tekanan Emosional', 'Permintaan Bantuan']",R1: Indikasi Krisis terdeteksi
2057602622908158152,jenolovjaems,"bener ajg maling tuh ajgggg bgt w hampir ditahap depresi mau mati pas motor gua diambil orang bener2 kosong, gua selalu berdoa si maling beneran mati dan gabakal pernah bahagia 7 turunan kayak dia yg udh buat gua sedepresi itu",Pertolongan Segera,0.7064632129203927,0.4878268160603263,"['Indikasi Krisis', 'Keputusasaan', 'Tekanan Emosional']",R1: Indikasi Krisis terdeteksi
2048452477738008712,ug_fess,"yuji! Kadang ada rasa ""pengen udah aja sampai sini"" tpi langsung keinget nnti mama sama siapa ya?, maaf klo lebay tpi beneran tiap kepikiran itu kdng aku lampiasin ke makan mulu, ini depresi bkn sih? 😄",Pertolongan Segera,0.7056061874717571,0.48741389043403394,"['Indikasi Krisis', 'Keputusasaan', 'Gangguan Fungsi', 'Tekanan Emosional']",R1: Indikasi Krisis terdeteksi
2052359903550009794,laPourJustice,"Gua gaakan bosen kalau gua cinta Yoshidennya ka Mikki, gua kalau lagi depresi re-read mulu. Kaga pernah bosen, kalian semua harus baca aunya @devilsmete, nyesel kalau kaga baca. Gua adalah buzzernya devilsmete https://t.co/H7uTJwtITP",Pertolongan Segera,0.7038010369387757,0.48654642972079193,"['Indikasi Krisis', 'Keputusasaan', 'Tekanan Emosional', 'Permintaan Bantuan']",R1: Indikasi Krisis terdeteksi
2057270722326893030,yourtuberosie,"Apa itu istilah “pick me”

Gue pernah difase apa apa takut salah dan malah depresi cuk

Jadi gwe gapeduli apapun omongan orang hehehh

Semua orang disekitarku juga harus gitu, ayo happy tanpa mikirin omongan orang https://t.co/KUPdqjr8Wm",Pertolongan Segera,0.7030447361820555,0.48618390253095917,"['Indikasi Krisis', 'Keputusasaan', 'Tekanan Emosional', 'Permintaan Bantuan']",R1: Indikasi Krisis terdeteksi
2058858311840358828,regasregra,@aku_fiv Bundir yok,Pertolongan Segera,0.7015844332368999,0.48548542188875604,"['Keputusasaan', 'Gangguan Fungsi', 'Tekanan Emosional', 'Permintaan Bantuan']",R2: Keputusasaan + Gangguan Fungsi
2051257167420997995,urkalee_,burnout banget cape,Pertolongan Segera,0.701378204372901,0.4853869387597749,"['Keputusasaan', 'Gangguan Fungsi', 'Tekanan Emosional', 'Permintaan Bantuan']",R2: Keputusasaan + Gangguan Fungsi
2059992124364648915,cchirramon,gue juga kalo jadi won pasti bakal se-depresi itu ditinggal fah😔 https://t.co/0VCuQR8N0u,Pertolongan Segera,0.6992799001072767,0.48438711599870166,"['Indikasi Krisis', 'Keputusasaan', 'Tekanan Emosional']",R1: Indikasi Krisis terdeteksi
2054963837607313834,diaumond,udah apa wok ngancurinnya. pusing banget gua tiap hari liat berita tingkah laku lu dan masih ada yang dukung rasanya bikin pengen bundir.,Pertolongan Segera,0.6981647257606081,0.4838573652686495,"['Indikasi Krisis', 'Keputusasaan', 'Gangguan Fungsi', 'Tekanan Emosional']",R1: Indikasi Krisis terdeteksi
2058858250737782804,tequilasundawn,"adek Gweh tidak lolos UTBK, it means Gweh bakal pusing juga tapi gapapa semuanya pasti akan baik baik saja dik, klo depresi nnti ak marahin https://t.co/T6kTnc9fB3",Pertolongan Segera,0.697587490643234,0.48358359300729,"['Indikasi Krisis', 'Keputusasaan', 'Gangguan Fungsi', 'Tekanan Emosional']",R1: Indikasi Krisis terdeteksi
2057470048927911947,hanendabarunas,Gue kira malah orang bundir 😭🙏🏻,Pertolongan Segera,0.6975133532779706,0.48354845245679223,"['Indikasi Krisis', 'Tekanan Emosional']",R1: Indikasi Krisis terdeteksi
2053553203904659616,Cassy273,@usdttajir @yappingfess Tapi kak itu menyiksa bgttt. Aku dipaksa melakukannya dan kalau ga mau bakal dipukulin. Sampe aku berkali² mencoba bundir karena aku ga nyaman akan hal ini. Sampai akhirnya ortu aku sadar dan minta maaf ke aku,Pertolongan Segera,0.6910268446862267,0.4804924274935867,['Indikasi Krisis'],R1: Indikasi Krisis terdeteksi
2050809691601768733,hwangdoodoo,"@tanyarlfes Gua lebih panik gak ada duit sih nder sumpah. Beneran gue kalo gak ada duit tuh stress sampe nyerempet depresi bgt, soalnya gue pernah begini. Gak ada kepikiran buat nyari asmara atau apapun itu.",Pertolongan Segera,0.6888638660931116,0.47948131236163055,"['Indikasi Krisis', 'Keputusasaan', 'Gangguan Fungsi', 'Tekanan Emosional']",R1: Indikasi Krisis terdeteksi
2048408845517721905,Lightindar,"@taudonatkacaga Hadeh, gw kalo lg stres aja makan rasanya hambar, ngelakuin hobi jg udh gaada gairah. Apalagi mereka yg udh depresi berat anjir..",Pertolongan Segera,0.6861163547125008,0.4782024865800684,"['Indikasi Krisis', 'Keputusasaan', 'Gangguan Fungsi', 'Tekanan Emosional']",R1: Indikasi Krisis terdeteksi
2059819807541981568,nosan1tysane,"Semua opini valid. Karena toleransi orang terhadap masalahnya ya beda2.
Kalian ini lg nyontohin, ""lu masih mending, lah gua..""
Serius deh mending urus diri masing2 aja. Org yg udh ga kuat tp harus di tahan2 cm karena opini twitter trus dia bundir emg lu pada mau tanggung jawab?",Pertolongan Segera,0.6828404672645354,0.4766856350681999,['Indikasi Krisis'],R1: Indikasi Krisis terdeteksi
2048787939686219895,OmletAtlantis,"Gapernah mau komentar kalo ada orang bundir. Soalnya ada dan gada dia juga kagak ngaruh apa apa ke hidup gw. Mau mati silahkan, mau hidup Alhamdulillah 🤣",Pertolongan Segera,0.6806623157268391,0.4756817203579527,"['Indikasi Krisis', 'Keputusasaan', 'Tekanan Emosional']",R1: Indikasi Krisis terdeteksi
2048170229688353037,Martinus_Leo,"@angger_sy Gw percaya karena pernah ngalamin juga.
Pernah ngebantuin ngusir jin yang ngerasuk istri sepupu gw. 
Badannya kecil kayak bocah smp, gw sama 2 orang lain badan lebih gede. Dia berontak mulu mau lepas. Kita bertiga dibuat mental sama dia. Mana ngomongnya mau bundir mulu. 😅",Pertolongan Segera,0.6783349344778972,0.47461303346084827,['Indikasi Krisis'],R1: Indikasi Krisis terdeteksi
2048775447488442810,sbyfess,"aku areke kan gampang kepikiran, niat terbuka karo pacarku respone dee malah ""wes ta gausa dipikir nemen2 sampe depresi ngono"" (posisi aku mari konsul nde alodok), kek, dibandingno mbe dee dw sisan, ngegampangno aku bgt -rek muangkel aku",Pertolongan Segera,0.6774607100282191,0.4742126600308852,"['Indikasi Krisis', 'Keputusasaan', 'Tekanan Emosional', 'Permintaan Bantuan']",R1: Indikasi Krisis terdeteksi
2051560668961374318,fluffteaa,"tiba"" pengen bundir,tiba"" capek pengen nyerah,tapi tiba"" keinget kalo bundir dosa,tiba"" keinget kalo nanti malem wu mau tayang,tiba"" keinget belum bahagiain orang tua,sakit banget kepala ini",Pertolongan Segera,0.6726363160878568,0.47201330553401605,"['Keputusasaan', 'Gangguan Fungsi', 'Tekanan Emosional']",R2: Keputusasaan + Gangguan Fungsi
2050253794664157312,hopeandtears,"Gw iship pas stase RS konsul ke psikiater, pdhl udh dikasih surat resmi dari psikiater harus istirahat total, ga acc dan masih harus jaga
Mau ga mau ya jaga sambil minum obat anti depresan, tiap hari jaga selamatin nyawa org tapi ide bundir setiap detik bermunculan di kepala gw",Pertolongan Segera,0.6722596639726968,0.47184230342055816,"['Indikasi Krisis', 'Tekanan Emosional']",R1: Indikasi Krisis terdeteksi
2059671371207397591,salrna,takut bgt dikira alim pdhl aku lg depresi (bkn self-diagnosed),Pertolongan Segera,0.6716181450584965,0.4715512819362409,"['Indikasi Krisis', 'Keputusasaan', 'Tekanan Emosional']",R1: Indikasi Krisis terdeteksi
2057793174652031379,seanctuaryx,"@retorisasi pernah ada di posisi depresi berat dan niat ngelakuin itu, bersyukur ada mas2 entah siapa yg tiba2 ngajak ngobrol dan nyadarin aku. akhirnya aku gak jd nyeburin diri ke danau:)) setiap hari aku selalu doain masnya biar dikelilingi hal2 baik karna udah nyelametin jiwa yg rapuh ini",Pertolongan Segera,0.6698128177332673,0.47073385841918713,"['Indikasi Krisis', 'Keputusasaan', 'Gangguan Fungsi', 'Tekanan Emosional']",R1: Indikasi Krisis terdeteksi
2052368031398130069,alanaanastasya,"ternyata orang indo se kepo itu 🙂

singkat cerita blio udah nipu aku.. aku udah coba tanya sodaranya dan katanya dia udah ga kerja (abis kontrak) 

trus sekarang sakit lambung (mungkin karna banyak pikiran)

lebih baik iklas daripada amit amit denger kabar blio bundir karna",Pertolongan Segera,0.6695024026709212,0.47059353644197643,"['Indikasi Krisis', 'Tekanan Emosional']",R1: Indikasi Krisis terdeteksi
2051552103055913200,whalebubblee,"@tanyakanrl dulu aku dikatain ""anak penyakitan"" sakit hati, nangis dan gamau maafin orang yg katain aku seperti itu. selama kurang lebih 3 bulan aku selalu nangis setiap malem dan BB ku turun 5kg, selalu nyalahin diri sendiri dan ngebandingin diri sendiri sama orang lain juga hampir bundir—",Pertolongan Segera,0.6682523206088723,0.47002911495439936,"['Indikasi Krisis', 'Tekanan Emosional']",R1: Indikasi Krisis terdeteksi
2048401501295661364,mxncherie__,Burnout parah,Pertolongan Segera,0.6574240438292352,0.4651835831728849,"['Keputusasaan', 'Gangguan Fungsi', 'Tekanan Emosional', 'Permintaan Bantuan']",R2: Keputusasaan + Gangguan Fungsi
2053451096400777484,fearlessbarb13,"@dumdummilo Kak, saya miris karena baru aja ada berita tentang laki-laki yang bunuh diri setelah gagal menikah, batal karena perkara mahar. Makanya saya ngetwit, mempertanyakan fenomena mahar setinggi langit yang bahkan tidak sesuai dengan kemampuan pasangan.

Jadi yang saya bahas ini adalah",Pertolongan Segera,0.6561124167477713,0.46460173301624536,"['Indikasi Krisis', 'Tekanan Emosional']",R1: Indikasi Krisis terdeteksi
2047904705519739260,LaksonoTibo,"@ardisatriawan setuju, bundir itu mental, sesuatu yg ga bisa dipahami kalo bukan ahlinya.
ayo monggo kakak2 adek2, fokus berbuat baek ke sesama, tetangga yg membutuhkan.
belom lama ini tetangga ane jg bundir, ibu muda 2 anak.
ga perlu sok tau ini itu tapi ga membantu",Pertolongan Segera,0.6542710696801994,0.46378667155901593,"['Indikasi Krisis', 'Tekanan Emosional']",R1: Indikasi Krisis terdeteksi
2053762040930742681,vanosukses,@deren_sanjayaa @karirfess jgn gitu lah gw makin depresi yg ada,Pertolongan Segera,0.6491160584454386,0.46151560093417315,"['Indikasi Krisis', 'Keputusasaan', 'Tekanan Emosional']",R1: Indikasi Krisis terdeteksi
2051165027428954203,bopo_jodhipati,"Pernah ga sih kalian ngerasa hidup kita tuh bisa kayak beraaattt banget gitu, kayak gimana ya, kayak semua numpuk jadi satu dan kitanya jadi capek duluan sebelum sempat “beresin” apa-apa. Di titik kayak gitu, wajar banget kayaknya kalau tiba-tiba muncul rasa putus asa atau bahkan https://t.co/tPWR0P0Vh3",Pertolongan Segera,0.6452659107983262,0.4598294032342506,"['Keputusasaan', 'Gangguan Fungsi', 'Tekanan Emosional']",R2: Keputusasaan + Gangguan Fungsi
2053162143818920353,BinNaraKhy,"Aku kuliah dlm keadaan depresi, sambil kerja, kuliah pun salah jurusan 😭 masih hidup sampe sekarang sudah bersukur bgt",Pertolongan Segera,0.6450408920254234,0.4597311119238536,"['Indikasi Krisis', 'Keputusasaan', 'Gangguan Fungsi', 'Tekanan Emosional']",R1: Indikasi Krisis terdeteksi
2051278434790428904,UnderSunRice,"@gmnajgy Ntar bakal playing victim, sesakit sakitnya hati org ga smpe nyuruh bundir. Sick kata gw mah. 
Emang jisoo hbs ngelakuin kejahatan apa sih ampe di suruh bundir.",Pertolongan Segera,0.6437966036047509,0.45918809374173486,"['Indikasi Krisis', 'Keputusasaan', 'Tekanan Emosional']",R1: Indikasi Krisis terdeteksi
2049429593099296829,casein36,"tw suicidal ideation bundir

Pas MDD parah dulu, malah dibawa ke kyai mana gitu buat dirukyah. Terus stigma ke keluarga lain yg bipolar parah juga dianggep ketempelan. Kadang gw ngerasa kalau beneran bundir, apa dianggep mati gara-gara setan juga padahal itu ""pilihan"" terakhir gw",Pertolongan Segera,0.6416153362972353,0.4582382070295739,"['Indikasi Krisis', 'Tekanan Emosional']",R1: Indikasi Krisis terdeteksi
2059656838212378772,Bekkunieeee,"Wkwkw ngacaaa gausah playvic lu kira kaum lu ga prnah maki baek? Sampe nyuruh bundir? Wkwk di balikin kok tersakiti wk
Bias gue dr awal baek ga pernah si cy  gue suka interaksinya aja tp gue ga suka orang nya 
Kaum lu sndiri yg blg cu tersakiti tp bela esem wk jd mnafik banget",Pertolongan Segera,0.6412592419393681,0.45808338035236706,"['Indikasi Krisis', 'Keputusasaan', 'Tekanan Emosional', 'Permintaan Bantuan']",R1: Indikasi Krisis terdeteksi
2060481461791449430,darkxsunshine_,orang gila mana jam segini kepikiran buat bundir? gue,Pertolongan Segera,0.6388725059035353,0.4570473847967206,"['Indikasi Krisis', 'Keputusasaan', 'Gangguan Fungsi', 'Tekanan Emosional', 'Permintaan Bantuan']",R1: Indikasi Krisis terdeteksi
2060227207210176839,coupszino,"💯

keinget temen seumuran pernah bilang “anak2 zaman skrg byk yg lemah. masih muda udah depresi.”

aku langsung ngamuk. jadi kepikiran, aku dulu pas muda juga depresi krn dibantai sm keadaan. bedanya, dulu aku takut nyari pertolongan. tp anak2 skrg berani.

baik2 ajalah sm semua",Pertolongan Segera,0.6376842453881912,0.45653271657047856,"['Indikasi Krisis', 'Tekanan Emosional', 'Permintaan Bantuan']",R1: Indikasi Krisis terdeteksi
2053105919563874757,Xoell5,"@KapudS640 Gue udh ngerasa jdi org jahat, tpi abis liat komen anjay ternyata yg lebih jahat dri gue banyak wkwk. Ga sampe hati gue ngatain or nyumpahin org bundir. Gada yg menormalisasikan sih tapi kalo gabisa bilang yg baik better gausah sekalian.",Pertolongan Segera,0.6371264632725981,0.4562913775444031,"['Indikasi Krisis', 'Keputusasaan', 'Tekanan Emosional', 'Permintaan Bantuan']",R1: Indikasi Krisis terdeteksi
2056049013309481456,Supernova9810,"Off! Stress dan depresi gw mulai kambuh lagi habis CF, fuck of you BITCH!

Bye..!!",Pertolongan Segera,0.6368706878797086,0.4561807630640088,"['Indikasi Krisis', 'Keputusasaan', 'Tekanan Emosional']",R1: Indikasi Krisis terdeteksi
2051589365038764167,itzpipiw,"mau skali ma bundir kurasa, asli",Pertolongan Segera,0.6348441682980808,0.4553055365880331,"['Keputusasaan', 'Tekanan Emosional', 'Permintaan Bantuan']",R3: Tekanan Emosional + Permintaan Bantuan
2048616821503455638,H03TTEST,grgr pacil gw jd sering becandaan depresi maaf kalo kelewatan #kenamental,Pertolongan Segera,0.6340167532155025,0.4549487820177367,"['Indikasi Krisis', 'Keputusasaan', 'Gangguan Fungsi', 'Tekanan Emosional']",R1: Indikasi Krisis terdeteksi
2048073823719944520,Virgo17Elang,@Anak__Ogi Gas bang...... Gue juga eneq sama statemen yang seolah membenarkan bundir karena kesehatan mental.....,Pertolongan Segera,0.6327954466077621,0.45442281618262786,"['Indikasi Krisis', 'Tekanan Emosional']",R1: Indikasi Krisis terdeteksi
2050500124191916390,psyrendra,Ngerjain skripsi bikin gw depresi and overwhelmed,Pertolongan Segera,0.6314829017101352,0.4538583755493164,"['Indikasi Krisis', 'Keputusasaan', 'Tekanan Emosional', 'Permintaan Bantuan']",R1: Indikasi Krisis terdeteksi
2050302072713892183,Yang_MuliaPAP,"Gua susah bobok kalau gak dzikir sebanyak banyaknya ""Laa ilaha illallah wahdahu laa syarika lah, lahul mulku wa lahul hamdu, wa huwa 'ala kulli syai-in qodiir.""

Depresi dan Anxiety gua saat mau tidur adalah takut kalau gak kebangun lagi esok pagi....",Pertolongan Segera,0.6295712853850008,0.4530378065325998,"['Indikasi Krisis', 'Keputusasaan', 'Gangguan Fungsi', 'Tekanan Emosional']",R1: Indikasi Krisis terdeteksi
2053034109367472177,painhuft,depresi bgt gua kuliah kaya nyari penyakit anjrit,Pertolongan Segera,0.6287552385914199,0.45268804738015844,"['Indikasi Krisis', 'Keputusasaan', 'Tekanan Emosional']",R1: Indikasi Krisis terdeteksi
2049441109395570826,U_dangkeju,"Ketiga, tuhan katanya g akan ngasih hambanya cobaan ngelebihin apa yg disanggupi hambanya. Lah itu org bundir berarti cobaannya ngelebihin dong klo sampe dia bundir, trus itu gimana? Kontradiksi dong sm ayatnya. Gw selalu mikir gitu, fyi gw juga dulu sempet suicidal parah 🙏🏻",Pertolongan Segera,0.6270390454209096,0.45195350773406756,['Indikasi Krisis'],R1: Indikasi Krisis terdeteksi
2054543567369200077,sulipanyimut,"klo udh bundir, sok-sokan bersimpati dan menyesal. yahahaha, kata gw sukurin lu selamanya akan hidup dalam penyesalan karena gabisa minta maaf langsung ke orgnya",Pertolongan Segera,0.6268997505310951,0.4518939491474267,"['Indikasi Krisis', 'Keputusasaan', 'Tekanan Emosional']",R1: Indikasi Krisis terdeteksi
2050140578848133144,metformee,"Hari ini tidur 9 jam, bangun karena di telp nyokap aja. Terus abis sholat jumat, gue tidur2an aja, eh ketiduran beneran lagi 3 jam. Gila sih ini. Sampe cek gula takut DM, ternyata normal2 aja. Depresi jg engga. Kenapa yaa hmm😩🤔",Pertolongan Segera,0.6264638695546932,0.4517076367681677,"['Indikasi Krisis', 'Keputusasaan', 'Gangguan Fungsi', 'Tekanan Emosional']",R1: Indikasi Krisis terdeteksi
2052357402222366997,oriorionhongci,"gue benci diri gue yang kalau lagi overwhelmed sama tugas malah ngurung diri di kamar, beneran kayak orang depresi seketika.",Pertolongan Segera,0.6223683086407712,0.44996126944368536,"['Indikasi Krisis', 'Keputusasaan', 'Tekanan Emosional']",R1: Indikasi Krisis terdeteksi
2055717467058770312,Bersajak_id,@Malesinah_ jangan sampe bundir ya,Pertolongan Segera,0.622063383433092,0.4498315489653385,"['Keputusasaan', 'Tekanan Emosional', 'Permintaan Bantuan']",R3: Tekanan Emosional + Permintaan Bantuan
2051660970381213793,amoneyspender,"lama lama gw depresi kelamaan nganggur, mau main ga ada pemasukan anj (ga dapet duit jajan 💔)",Pertolongan Segera,0.6191208608141597,0.4485818400527492,"['Indikasi Krisis', 'Keputusasaan', 'Gangguan Fungsi', 'Tekanan Emosional']",R1: Indikasi Krisis terdeteksi
2050929391727944055,BanyuSadewa,"Sumpah gw baru tau, kalo kita punya keinginan mau bundir trus ada dorongan kuat buat menyakiti diri sendiri, kita bisa “mengamankan” diri buat masuk ke IGD RS.

Ternyata pikiran bundir itu udah masuk darurat medis. Dan RS punya kewajiban buat ambil tindakan dan observe.",Pertolongan Segera,0.619065232937798,0.44855825061147864,['Indikasi Krisis'],R1: Indikasi Krisis terdeteksi
2049464678884217296,suvnsh1ne,"@toetakovic ""kenapa gw harus peduli ama kesusahan orang yang ngehandle rasa pengen bundir gw"" ?? Ya karena dia peduli sama lu? Kenapa susah banget buat peduli balik? Ini nih yang bikin orang males temenan sama orang depresi, cuma sekedar ngehargai effort aja susah bgt",Pertolongan Segera,0.6171207703671493,0.44773451306603174,['Indikasi Krisis'],R1: Indikasi Krisis terdeteksi
2057990099401683394,xingqiumeist,"doa pertama gue sebagai WNI setiap habis bangun tidur tuh cuma satu. semoga si ""itu"" cepet meninggoy :) kek ape ye, kaga nafsu gw fanwar di saat negara lagi gini. twitter isn't the real world. lu bangun, lalu sadar kalo lu masih wni, lu depresi. artis yg lu stan gabisa nolong lu. https://t.co/tXEpqS3tAN",Pertolongan Segera,0.6166860734942944,0.44755057945395965,"['Indikasi Krisis', 'Keputusasaan', 'Tekanan Emosional']",R1: Indikasi Krisis terdeteksi
2052259026902425820,angkvgadang,Ga adaha lagi hargaha diri.... Bundir ajaha sih pak,Pertolongan Segera,0.6160922556006746,0.4472994443142053,"['Keputusasaan', 'Gangguan Fungsi', 'Tekanan Emosional', 'Permintaan Bantuan']",R2: Keputusasaan + Gangguan Fungsi
2059569099320213634,KeiHoshi_01,"Aku burnout parah, jadi enaknya coba buat short comic #NoteSun dulu atau #BeerLens dulu 😔🖐🏻",Pertolongan Segera,0.6152371202208168,0.44693805069634407,"['Gangguan Fungsi', 'Tekanan Emosional']",R4: evidence_score 0.45 >= 0.4
2047691198887006242,sugarchc12,"Bilang bundir fomo lah,kurang ibadah lah, g bersyukurlah. Mau menambahkan aja, bunuh diri itu g cuma karena masalah psikologi. Sebenarnya pengaruh lingkungan itu NGARUH banget. Ini aku g asbun😭karena udh dari lama sebenarnya kasus bunuh diri ini diteliti kalau penyebab bukan-",Pertolongan Segera,0.6149482656630751,0.44681604432337213,['Indikasi Krisis'],R1: Indikasi Krisis terdeteksi
2057035749678256186,myakoyuuki,"@egoistcaptain Aku kayaknya butuh banget akomodasi untuk keluar dari trauma dan depresi ini, tapi duitnya gak ada 😭😭😭",Pertolongan Segera,0.6090975506456076,0.4443520397850962,"['Indikasi Krisis', 'Keputusasaan', 'Tekanan Emosional']",R1: Indikasi Krisis terdeteksi
2048266655948792134,asering20tpm,"Sampai pernah di permalukan pas kumpul keluarga besar katanya UMUR 24 ini belum nikah, katanya aku ndak laku ndak ada yang mauu 
😔😔, bayangkan baru 24th dah kaya gini, gatau nanti kalo umur 30th keatas aku belom nikah, bisa bundir paling aku🥲",Pertolongan Segera,0.6077879814336555,0.4438023549137694,['Indikasi Krisis'],R1: Indikasi Krisis terdeteksi
2048276990466326553,vcdkz,"@Houreyam_Teuing Jangan bundir kak, kan ada vtuber 🙏🏻",Pertolongan Segera,0.6041750785220088,0.44228920250227954,"['Keputusasaan', 'Gangguan Fungsi', 'Tekanan Emosional', 'Permintaan Bantuan']",R2: Keputusasaan + Gangguan Fungsi
2056462923606933982,d13d666,@RaitooYagaami @arsena_el @idextratime Wibuu mending bundir gih,Pertolongan Segera,0.6038456013473776,0.44215145074959955,"['Keputusasaan', 'Tekanan Emosional', 'Permintaan Bantuan']",R3: Tekanan Emosional + Permintaan Bantuan
2050923985177841728,wtbangchans,padahal banyak kasus yang bundir itu cowok loh? kalo ga lemah harusnya sih ga loncat dari jembatan ya (opini gue begini karena opini lu duluan yang tai),Pertolongan Segera,0.603236848468075,0.44189703961213433,['Indikasi Krisis'],R1: Indikasi Krisis terdeteksi
2056397525129847148,thekiddxssfive,@kataomoy Sampe depresi si Ribka ini loh,Pertolongan Segera,0.5991895504754536,0.4402089371825709,"['Keputusasaan', 'Gangguan Fungsi', 'Tekanan Emosional', 'Permintaan Bantuan']",R2: Keputusasaan + Gangguan Fungsi
2054296047393104306,rendyrahadii,@idextratime sakit hatii cok menit akhir + kebobolan nya bundir anjjj,Pertolongan Segera,0.5982833759790278,0.4398317589904323,"['Keputusasaan', 'Gangguan Fungsi', 'Tekanan Emosional']",R2: Keputusasaan + Gangguan Fungsi
2054535126651163056,wuwunhanten,"Choita, one day.

🩸: Ah, maaf. Sepertinya aku salah orang.
🐯: Tidak masalah.
🩸: Jujur, aku merasa... sepertinya kita pernah bertemu?
🐯: Aku juga.
🩸: Haha, kalau begitu bagaimana jika kita berkenalan saja. Aku Choso, kau?
🐯: Yuuji. Itadori Yuuji.

Gua bundir sekarang juga.",Pertolongan Segera,0.598066242212079,0.43974142273267114,['Indikasi Krisis'],R1: Indikasi Krisis terdeteksi
2048260833487282658,smgwaras,udah di reserve spotnya ya ini wakakakakakak aduh (aslinya sy depresi) https://t.co/F3GwSBXuvQ,Pertolongan Segera,0.5956802948968247,0.4387498190908721,"['Indikasi Krisis', 'Keputusasaan', 'Tekanan Emosional', 'Permintaan Bantuan']",R1: Indikasi Krisis terdeteksi
2049236727030796789,chazellna,"@mingipvnk dari semua itu, gw ga bisa empati sama korban bunuh diri yang mana bunuh dirinya di tempat usaha seperti kosan, kontrakan, tempat kerja, dsb sama bunuh diri yang ngajak orang lain, ya kali gw kudu empati sama yang begini apalagi yang sampai ngajak orang lain buat bundir, stress",Pertolongan Segera,0.5923777817458743,0.4373803766387882,['Indikasi Krisis'],R1: Indikasi Krisis terdeteksi
2060559333079785591,18fesss,"18! (No salty pls) Ga boleh self diagnose kalo depresi ya tapi aku ngerasa ga ada tenaga buat gerak, rasanya cuma mau tidur terus dan ga ada tenaga buat mandi dan makan berhari hari. Gimana ya biar baik baik lagi? Lagi difase capek bgt sama hidup",Pertolongan Segera,0.5921457483626559,0.43728429169365857,"['Gangguan Fungsi', 'Tekanan Emosional']",R4: evidence_score 0.44 >= 0.4
2052116684765528415,ziellpark,"@sbmptnfess gua perna depresi &amp; justru terkadang memang perlu dikasi kata"" menampar biar tau hidup itu emg keras. kalo lu lemah ya tewas, perihal ""ya minimal empati lah blabla.."" yaela org cerita di grup publik dan ga kenal satu sama lain jelas kita gabisa mengontrol jawaban yg bakal dikasi",Pertolongan Segera,0.5890254706048206,0.4359938186226469,"['Indikasi Krisis', 'Tekanan Emosional']",R1: Indikasi Krisis terdeteksi
2057062809276694628,tansayaaaaa,@yappingfess keinget waktu lagi depresi trs ke psikiater dia ngecek badan gua dan bersih tanpa ada nya luka eh malah dibilang ‘km bohong ya soalnya org depresi pasti ngelukain dirinya sendiri’ trs gua kek ‘hah apaan si’ posisinya gua blm tidur 3hari 😭😭,Pertolongan Segera,0.5858221392136953,0.43467207298134314,"['Indikasi Krisis', 'Tekanan Emosional']",R1: Indikasi Krisis terdeteksi
2058184012494225623,bellavlinder,"@neesannisaa Dlu pas papaku meninggal aku juga nangis pas dikabarin aja, krn meninggalnya mendadak.
Paginya sampe besok2nya jg ga nangis.
Selain emg msh denial, aku jg liat mamaku nangis trs smpe hmpir depresi.
Jd ak gmau nunjukin nangis samsek ke semua org kecuali kdg di kamar sbelum tdur",Pertolongan Segera,0.5813066545664511,0.43281396428744,"['Indikasi Krisis', 'Tekanan Emosional']",R1: Indikasi Krisis terdeteksi
2048070920930279569,theolikesq,Suruh bundir semuanya ga dosa kan yah,Pertolongan Segera,0.5804442919853591,0.4324597517649333,"['Keputusasaan', 'Tekanan Emosional', 'Permintaan Bantuan']",R3: Tekanan Emosional + Permintaan Bantuan
2056578114910654768,worksfess,"gaji aku bbrp bulan lalu 3,5jt diatas umr jkt, resign krn lingkungan toxic. skrg susah bgt cari kerja sampe aku ambil yg ngepas umr. doakan aku ini langkah yg baik guys. makasiii work!",Pertolongan Segera,0.5791602115137674,0.4319326931780035,"['Indikasi Krisis', 'Keputusasaan']",R1: Indikasi Krisis terdeteksi
2051292462870859935,KaripapJamur,"@Kemangilly Aku didiagnosa depresi sedang menuju berat tahun 2019.
Berobat ke psikiater tapi ga tuntas juga sih 😌

Tapi sekarang udh lebih baik karena udah bisa aku kontrol. Yang dulu people pleaser, sekarang fokus sama kenyamanan diri sendiri.

Kalo ada tanda-tanda kekambuhan aku mundur",Pertolongan Segera,0.5735081297426056,0.42961788069118156,"['Indikasi Krisis', 'Tekanan Emosional', 'Permintaan Bantuan']",R1: Indikasi Krisis terdeteksi
2053814101655314807,Bersajak_id,@suckzeter asal jgn bundir ya,Pertolongan Segera,0.5724132333639304,0.4291703935825464,"['Keputusasaan', 'Tekanan Emosional', 'Permintaan Bantuan']",R3: Tekanan Emosional + Permintaan Bantuan
2053450771975557372,jaesuhpaws,"kayanya jadi wni one of the reason gue depresi juga deh 
too much bad news yang di cerna tiap hari bikin exhausted",Pertolongan Segera,0.5717402685395674,0.4288954951546409,"['Indikasi Krisis', 'Keputusasaan', 'Gangguan Fungsi', 'Tekanan Emosional']",R1: Indikasi Krisis terdeteksi
2058858213764931718,heyshavvv,Ini adalah contoh drama-drama yang gue nggak bisa nonton 😂🙏🏼 gue nggak bisa nonton drama depresi atau yang karakternya kayak nggak semangat hidup,Pertolongan Segera,0.5684726772617468,0.4275622422044928,"['Indikasi Krisis', 'Tekanan Emosional']",R1: Indikasi Krisis terdeteksi
2048711632319393917,yourvirtualbf_,"Setelah ga lanjut studi, gue gap year dan nyoba kuliah meski di prodi yang bukan impian gue. Menjalankan kuliah sambil meneteskan air mata bahkan darah, sampe depresi mikirin hidup arahnya mau kemana. 

Buat kalian yang masih dalam proses perjalanan, semangat ya.",Pertolongan Segera,0.5678505644970226,0.427308684948719,"['Indikasi Krisis', 'Keputusasaan', 'Tekanan Emosional']",R1: Indikasi Krisis terdeteksi
2047921846654525927,MunchMunc_21,@19BROMAN Gw ngerasain betul kalau orang² depresi itu bawaanya pengen bunuh diri terus...,Pertolongan Segera,0.5650027463272926,0.42614908742182184,"['Indikasi Krisis', 'Tekanan Emosional']",R1: Indikasi Krisis terdeteksi
2058794442719650075,CabeSeger,"Percakapan aku sm psikiater:
🧑‍⚕️:""Jadi kamu ngerasa ADHD gimana?""
🌶️: ""eh? Ga bisa fokus, hiperaktif""
🧑‍⚕️: (menunggu aku melanjutkan)
🌶️: (sudah selesai menjelaskan)
🧑‍⚕️: ""trus ini depresi gimana""
🌶️: ""hmm? Sedih aja kalau lagi keinget trauma""
🧑‍⚕️: (nunggu)

Diem-dieman jir 👊😭",Pertolongan Segera,0.5625045966239959,0.4251333106647838,"['Indikasi Krisis', 'Tekanan Emosional']",R1: Indikasi Krisis terdeteksi
2052423527551430658,Petite_Sabrina,"alasan aku semangat ngonten: studio one
alasan aku depresi: studio one",Pertolongan Segera,0.5617022442912651,0.42480734080979315,"['Indikasi Krisis', 'Tekanan Emosional', 'Permintaan Bantuan']",R1: Indikasi Krisis terdeteksi
2056000902394425766,139zwbtx,"hari ini gua makan

-bakmi maknyus jumbo lengkap
-indomie soto
-roti 2 pake selai coklat dan peanut butter 
-chiki taro (jujur ga enak)
-4 kotak dark coklat
-pisang 2
-dubai cuwi cuki 2

cal estimated? BUNDIR",Pertolongan Segera,0.5600665788591213,0.4241432267608065,['Indikasi Krisis'],R1: Indikasi Krisis terdeteksi
2050500893167292435,chenecstasy,"Setan aja bingung, “gue yang setan kok elu yang lebih biadab” 😭
Di hari yang sama, Yang Byungil:

- nyuruh orang bunuh pak Yoon Daemyung dan ngetwist kalo ini bundir karena ditekan Shin Gijoong
- nyuruh orang bawa truk putih laknat nabrak Shin Gijoong
- Shin Gijoong lagi sekarat https://t.co/FYIwVQXDUq",Pertolongan Segera,0.5598093055261311,0.4240388170336232,['Indikasi Krisis'],R1: Indikasi Krisis terdeteksi
2058227397015765375,borahtaehyung,"gak pernah seanxiety ini soal tiket konser, bahkan pas war arirang busan aja gue senyantai itu wkwk alhamdulillah dapet! nah ini arirang jakarta gue mualll banget anxiety parah 🤣😭 tapi kekeuh mau war sendiri aja 🥹 mana tim war sendiri meskipun ngeyakinin diri setengah mati? wk",Pertolongan Segera,0.5597384360796612,0.42401005824406945,"['Indikasi Krisis', 'Keputusasaan', 'Tekanan Emosional']",R1: Indikasi Krisis terdeteksi
2050242679737598331,agnezs77,Baca ini aku jadi self diagnose. Apakah aku depresi juga tiap malam aku pasti dengerin musik 😭,Pertolongan Segera,0.5574202348908007,0.42306987083319464,"['Indikasi Krisis', 'Tekanan Emosional']",R1: Indikasi Krisis terdeteksi
2048251676583420005,Mayatanakagung,"@LambeSahamjja https://t.co/oldzQSybml
Sy nonton ditv saat nginap dihotel Menteng, sy liat nasabah di BALI Bundir krn gak bisa ambil Deposito sebyk 10jt, trs ada jg diJaTeng nasabah BUNDIR (lompat ke sungai) krn gak bisa ambil tabungan yg 5jt. Kala itu uang diatas 1jt itu spt ±10jt skr.",Pertolongan Segera,0.5561462633814075,0.4225536237160365,['Indikasi Krisis'],R1: Indikasi Krisis terdeteksi
2056275778091077753,Saham_fess,@valenttt____ Mundur terus si ponakan naik? Beuh bundir tu 😤,Pertolongan Segera,0.5521816013920356,0.42094891902172205,"['Keputusasaan', 'Gangguan Fungsi', 'Tekanan Emosional']",R2: Keputusasaan + Gangguan Fungsi
2048797057444671506,Gans_Flanker,"Telah tiba waktunya setiap hari rasanya ingin bundir 
Semuanya ancur",Pertolongan Segera,0.5511041751140546,0.42051330118468316,"['Keputusasaan', 'Gangguan Fungsi', 'Tekanan Emosional']",R2: Keputusasaan + Gangguan Fungsi
2048712803650076984,simonbv2020,"@sapphicsfess Sepertinya kaka burnout. Coba ambil hak cuti &amp; cuti sekitaran 3-5 hari. Tidur ga  ngapa2in, ga buka2 medsos atau wa. Tidur atau sekedar rebahan aja. Aku pernah depresi juga &amp; ""menepi"" sebentar itu membantu. Semoga membantu yaa kaa 🙏",Pertolongan Segera,0.5495073693165495,0.4198680465871638,"['Indikasi Krisis', 'Gangguan Fungsi', 'Tekanan Emosional']",R1: Indikasi Krisis terdeteksi
2053317555822154017,destipra22,"@lngshotpot @Mangga1111 Tolong jangan nyalahin ceweknya. Ceweknya alumni sekolahku, aku satu sekolah juga sama si cowok. Kami sedaerah. Penyebabnya bukan gitu. Duh gusti, udah reda di fb, malah dibawa ke X nih kabar burung😢 dia bundir bukan karena si cewek.",Pertolongan Segera,0.5487304372202143,0.4195542452913342,['Indikasi Krisis'],R1: Indikasi Krisis terdeteksi
2048721360952992076,bopo_jodhipati,"Hipotiroidisme ini ngeganggu banget asli

Otak gw tau nih gw baik2 aja, tapi perasaan gw tuh sedih terus kayak abis diputusin atau dipecat gitu, bingung gimana jelasinnya, depresi banget dah pokoknya…

Semoga ga micu khilaf nyakitin diri sendiri aja deh",Pertolongan Segera,0.5438972920700439,0.4176042406847983,"['Indikasi Krisis', 'Tekanan Emosional']",R1: Indikasi Krisis terdeteksi
2047998517202067567,padimascakes,di agama gue kalo bundir dosa jd gatau ini aneh ato ngga tapi gue suka berdoa biar mati muda tanpa sakit kayak beneran langsung meninggal gituloh :),Pertolongan Segera,0.5438447507443657,0.4175830610999556,['Indikasi Krisis'],R1: Indikasi Krisis terdeteksi
2059293284493861003,ArubyBlue25296,@idf_nst Aku tembak keluarga itu bakal ngancem bundir mengingat riwayat keluarga itu sebelum kasus ini itu agak bermasalah terutama ibunya.,Pertolongan Segera,0.5428161225199114,0.41716849623304425,['Indikasi Krisis'],R1: Indikasi Krisis terdeteksi
2054209029342396876,flowwy85180725,@LelurAgus19160 @jorgianaaa Bundir sono,Pertolongan Segera,0.5403991967529427,0.41619498260093457,"['Keputusasaan', 'Tekanan Emosional', 'Permintaan Bantuan']",R3: Tekanan Emosional + Permintaan Bantuan
2056935698020929803,ZahiraErineOnly,kalo iya temen nya bundir gara gara erine coba ada bukti ga biar aku percaya??,Pertolongan Segera,0.5393557513673848,0.4157749324133902,['Indikasi Krisis'],R1: Indikasi Krisis terdeteksi
2052402923137835090,jsilvermist_,Elu kali yg depresi mbak wkwkwkwk https://t.co/knNobTjsiG,Pertolongan Segera,0.5340006441149627,0.41362127932635223,"['Keputusasaan', 'Gangguan Fungsi', 'Tekanan Emosional', 'Permintaan Bantuan']",R2: Keputusasaan + Gangguan Fungsi
2057290402684866937,tesszhaa,"@KevinPin__ @haluandotco Kak tp org yg sdg depresi dan berbeban sangat berat. Akan merasa dirinya sudah sangat teramat lelah dan tdk menemukan jalan. Kita yg msh baik2 saja akan bisa berfikir normal. Mereka sbnrnya butuh pertolongan,perhatian dr sekelilingnya 🥺",Pertolongan Segera,0.5337523882527176,0.41352151903239165,"['Gangguan Fungsi', 'Tekanan Emosional', 'Permintaan Bantuan']",R3: Tekanan Emosional + Permintaan Bantuan
2049430488138518650,Homo_sapiens21,"Lu orang yg ga punya depresi atau kondisi mau bunuh diri baik2 lah gw bilang mah, coba lu bayangin ada dikondisi mereka bukan malah ingetin ayat2 yang bikin mereka tambah merasa bersalah.",Pertolongan Segera,0.5296867752018363,0.4118886933182225,['Indikasi Krisis'],R1: Indikasi Krisis terdeteksi
2056845023183024619,katyahanssellin,"@18fesss Aku udah 10th ini di fase itu, Alhamdulillah sempat depresi tapi dipikir lagi ya mau gimana emang belum disuruh ketemu jodohnya mau nangis darah juga ngga ngefek. Diterima aja keadaan apa adanya.",Pertolongan Segera,0.529062065553772,0.411637943983078,"['Indikasi Krisis', 'Tekanan Emosional']",R1: Indikasi Krisis terdeteksi
2052343753596367304,aerlautty,"pengen bengong deh di jpo deket alun alun sby, ada yang mau nemenin? takut di kira mau bundir",Pertolongan Segera,0.528234136019878,0.4113056813225602,"['Keputusasaan', 'Tekanan Emosional', 'Permintaan Bantuan']",R3: Tekanan Emosional + Permintaan Bantuan
2058692201065115901,Ferdyy236,"@Vincoraff @Vincioraf Mental Tempe sok² ngajak ribut lu yatim² udh mending bundir aja lu sana gak guna lu caper sama cewe 
Mati aja lu sana yatim²😜🫵🏻🫵🏻",Pertolongan Segera,0.5280569982382862,0.41123460097746417,"['Keputusasaan', 'Gangguan Fungsi', 'Tekanan Emosional']",R2: Keputusasaan + Gangguan Fungsi
2048244101519405545,itsuki_minami91,"@eLAmaravati Dia mungkin ga tau, ada orang yg kontra sama orang yg bundir, tapi dia sendiri bundir.
Bundir ini beneran ga maen2. Aku sendiri ngerti gimana rasanya punya suicidal thoughts. Sesusah itu buat shake the thought. https://t.co/FWHr2sPESF",Pertolongan Segera,0.5268527931054074,0.4107514619827271,['Indikasi Krisis'],R1: Indikasi Krisis terdeteksi
2054545021563715594,VanillaSwe14468,"Saat kontrak kerja ku di bali udah selesai, aku dapat kerja baru lagi di pulau jawa. Pas aku balik, dia pun minta putus sama aku. Aku yang sudah terlanjur terikat sama dia pas di bali itu merasakan hancur dan depresi. Aku pun langsung memutuskan untuk taubat.",Pertolongan Segera,0.5265722693874941,0.41063893130331336,"['Indikasi Krisis', 'Keputusasaan', 'Tekanan Emosional']",R1: Indikasi Krisis terdeteksi
2056246534367555953,belief_urheart,@yappingfess Samaa aku juga lagi cari kerja. huhu berharap banget dapet kerjaan yg gak ada lingkungan toxic dan pressure 😭,Pertolongan Segera,0.525756307146688,0.4103116501461376,"['Indikasi Krisis', 'Keputusasaan', 'Tekanan Emosional']",R1: Indikasi Krisis terdeteksi
2051242738809790577,pepsicko,Kagak mati mati perasaan dulu tiap hari ngomongnya pengen bundir mulu,Pertolongan Segera,0.5255045357665538,0.41021067626548535,"['Keputusasaan', 'Gangguan Fungsi', 'Tekanan Emosional']",R2: Keputusasaan + Gangguan Fungsi
2051912128714653800,haneulsaeg,bayangin aje itu org sampe disuruh bundir disuruh keluar grup diancem mau dikirimin bunga kematian sama yang KATAYA SIH FANS grgr gasengaja ngmg “dulu gw keling bgt” silakan aja dibayangin de itu sekalian ajak mba wonnie ava pink yg katanya dia dan emaknya korea bgt,Pertolongan Segera,0.5232258922016613,0.40929704769091174,['Indikasi Krisis'],R1: Indikasi Krisis terdeteksi
2058847462337691685,lovvnarai,gue linglung buka pengumuman berkali kali berharap itu tu bohong. se depresi berat itu gue 😅😅😅😅😅,Pertolongan Segera,0.5226837736908921,0.40907974225102056,"['Indikasi Krisis', 'Keputusasaan', 'Tekanan Emosional']",R1: Indikasi Krisis terdeteksi
2050781895571710325,Survive6969,@ngemtot Sudahi depresi dan makanlah mie pedas sampe keringetan 😎,Pertolongan Segera,0.5215411030537767,0.4086217780907949,"['Keputusasaan', 'Gangguan Fungsi', 'Tekanan Emosional', 'Permintaan Bantuan']",R2: Keputusasaan + Gangguan Fungsi
2056374033231544365,anotherrdyyy_,"Beberapa tahun lalu gw kyk org depresi 😔, hampir tiap hari ovt kyk org gila, mas @bilirubeen saksi nya wkwkw, kita sempet deeptalk perkara aku yg ga semangat hidup dsb, tpi alhamdulillah skrg udh jarang ovt kyk dlu dan lebih legowo menjalani hidup🤓",Pertolongan Segera,0.521411582689378,0.40856987418550433,"['Indikasi Krisis', 'Keputusasaan', 'Tekanan Emosional']",R1: Indikasi Krisis terdeteksi
2057133166415208847,aintlova,"❓ masa aku kepikiran kalo dedek beneran bakal di gugurin terus juni masih stay sama remos tapi berujung depresi, juni kapan bahagiannya ya
💬 ngga dong kak, kalaupun memang sampai ada apa-apa dengan adek. juni ngga akan stay sama remos kalau... #yello https://t.co/U4IgNYxoRd",Pertolongan Segera,0.5213636391638454,0.40855066162167175,"['Indikasi Krisis', 'Keputusasaan', 'Gangguan Fungsi', 'Tekanan Emosional']",R1: Indikasi Krisis terdeteksi
2058230032590623023,stellangious,"@muncorner Nder, saya kemarin begitu dan terjadi selama sebulanan penuh. Akhirnya saya putuskan ke Psikiater (karena gejala lainnya saya juga susah tidur). 

Dan yap, beberapa bulan kontrol + psikoterapi dan makjreengg depresi. Itu bisa jadi tanda kamu lagi burnout atau gejala depresi.",Pertolongan Segera,0.5197426510103313,0.4079011683211182,"['Gangguan Fungsi', 'Tekanan Emosional']",R4: evidence_score 0.41 >= 0.4
2060315495841271876,Mint_Phuya,"@AymanAlatas Keluar rumah pas ortu mau cerai. Gw mutusin keluar rumah, nge kos dari pada bareng ortu. Krn saat itu gw lagi skripsi + kerja + persiapan koas. Jd daripada gw tambah stress depresi dan lainnya. Gw cabut dari rumah. Meskipun gw anak tunggal dan baru banget kerja beberapa bulan.",Pertolongan Segera,0.5189552028847071,0.4075857166087989,"['Indikasi Krisis', 'Keputusasaan', 'Gangguan Fungsi', 'Tekanan Emosional']",R1: Indikasi Krisis terdeteksi
2050805666454073472,st4rspring,"MASIH ADA GW (isinya ngewibu, depresi, trinkets, vtuber, dan buku☝️) https://t.co/U4KcJFZOji",Pertolongan Segera,0.5188672494767028,0.40755048484513257,"['Keputusasaan', 'Tekanan Emosional', 'Permintaan Bantuan']",R3: Tekanan Emosional + Permintaan Bantuan
2058832116469920060,jenocutesy,mau bundir,Pertolongan Segera,0.5155833938016677,0.4062353769938152,"['Keputusasaan', 'Tekanan Emosional', 'Permintaan Bantuan']",R3: Tekanan Emosional + Permintaan Bantuan
2056647841469370612,glxxydea,"“Cara km ngehandle masalah keren bgt""

Makasih tapi jujurr aku bahkan ga inget setengah dari hidup aku, dan bahkan aku lupa mereka lakuin apa ke aku, but isokey

jarang orang sadar kalau kita jadi
punya memori jangka pendek karna trauma dan depresi. kadang orang ngira kita emang https://t.co/D1BW3ryJRS",Pertolongan Segera,0.5152259723338679,0.4060922725634141,"['Indikasi Krisis', 'Keputusasaan', 'Tekanan Emosional']",R1: Indikasi Krisis terdeteksi
2051644250752999887,cibajuyut,"temen² pls jangan bundir, nnti klian ketemu prabowo di neraka lohh",Pertolongan Segera,0.5139108912430489,0.4055657928640192,"['Keputusasaan', 'Tekanan Emosional', 'Permintaan Bantuan']",R3: Tekanan Emosional + Permintaan Bantuan
2053006065332265461,tutorialhiddup_,"Terima kasih masih kuat sampe detik ini, apapun masalah yg dtg secara tiba” pasti bisa di hadapi, hidup dgn kegilaan aja udah alhamdulillah… ga perlu smp #bundir 

Hajar terus kenyataan hidup !!!",Pertolongan Segera,0.5131334843311566,0.405254602432251,"['Keputusasaan', 'Tekanan Emosional']",R4: evidence_score 0.41 >= 0.4
2049130181596692613,letchugowon,"@KapudS640 Baru aja kemaren the real human error loh kereta jalur yamanote line masinis nya baru magang salah ambil tindakan jadinya nabrak dan evakuasi nya berjam jam , gw kejebak 2 jam karna ada bundir nabarakin diri ke kereta ni paling sering",Pertolongan Segera,0.5125631625661452,0.405026322964466,['Indikasi Krisis'],R1: Indikasi Krisis terdeteksi
2050529523582570898,schfess,"bundir bngt ga ya? atau mungkin disini ada yg lolos smub, spill rata2nya dong sch! https://t.co/kixorMgw8r",Pertolongan Segera,0.5083594307825339,0.40334408391605725,"['Keputusasaan', 'Tekanan Emosional']",R4: evidence_score 0.40 >= 0.4
2049455094085845359,unclepacil_,"@sbyfess judol, malas, bundir gak ada yang bisa diharapkan dari laki laki macam itu. tinggal ae lah timbang capek makan ati sisa umur. bundir jarno ae, gak kiro wani. sik akeh lanangan sing iso dipilih.",Pertolongan Segera,0.5054344431263046,0.4021738628546397,"['Keputusasaan', 'Tekanan Emosional']",R4: evidence_score 0.40 >= 0.4
2053811335880966622,samnvendr,"Dulu di Indonesia, gue apply kerja melalui email puluhan kali.
Hasilnya? Ditolak terus. lulusan SMK, ga punya pengalaman, ga punya koneksi.
Pernah sampe depresi, mikir “gue ini ga berguna apa?”
Tapi ada satu hal yang gue pegang teguh sampai sekarang:
“Tuhan itu ga pernah telat, https://t.co/Xm3pEbW9TE",Pertolongan Segera,0.5047563559424976,0.40190259976820514,"['Keputusasaan', 'Gangguan Fungsi', 'Tekanan Emosional']",R2: Keputusasaan + Gangguan Fungsi
2049452772303708614,wijayaaksmaa,"@FaseDewasa_ @griffinarks iya sihh, tapi jangan dipikirin terus ah nanti depresi klo kya gtu terus",Pertolongan Segera,0.5030968000958984,0.4012387358781063,"['Keputusasaan', 'Gangguan Fungsi', 'Tekanan Emosional']",R2: Keputusasaan + Gangguan Fungsi
2059617854090260495,scolpioX,"burnout kerja tuh nyata banget ya, malam sebelum kerja udah kepikiran ‘besok harus ngadepin apa lagi ya’😭",Pertolongan Segera,0.49952527804623087,0.39981011116143433,"['Keputusasaan', 'Gangguan Fungsi', 'Tekanan Emosional']",R2: Keputusasaan + Gangguan Fungsi
2060303655593812125,cobacobakuy2,@madeleivraie Klo aku ternyata harus punya target baru ga depresi ternyata waktu gue ga tau mau apa dalam hidup pikiran gue kosong dan bingung tp klo gue punya tujuan ada hal yg gue pikirin kek ngalihin pikiran gw,Pertolongan Segera,0.49874067979200215,0.39949627085165546,"['Indikasi Krisis', 'Keputusasaan', 'Tekanan Emosional']",R1: Indikasi Krisis terdeteksi
2047642103090762012,deathvonis,otw batu iki sumpah orak meh bundir https://t.co/OcnolF63Vy,Pertolongan Segera,0.4984306613661187,0.3993722624850996,"['Keputusasaan', 'Tekanan Emosional', 'Permintaan Bantuan']",R3: Tekanan Emosional + Permintaan Bantuan
2047794403004252323,zksrzkshmr,@istopjeeting Ya kaga boleh bundir juga,Pertolongan Segera,0.4980608891041079,0.3992243517528881,"['Keputusasaan', 'Gangguan Fungsi', 'Tekanan Emosional']",R2: Keputusasaan + Gangguan Fungsi
2058881349034160141,physicalyz,"@Ceysa_ku lapar banget kayaknya

kalo aku tuan rumah
aku kasi duduk

kasihan cuk
orang lapar mempertahankan hidup
masa sih kita gak empati?

masa empati ama orang bundir?",Pertolongan Segera,0.4973376315309586,0.39893504254745715,"['Indikasi Krisis', 'Keputusasaan', 'Tekanan Emosional']",R1: Indikasi Krisis terdeteksi
2048261842062266404,penikmat_koopie,"@Anak__Ogi Gaesss cari teman yg bisa diajak Ngobrol tanpa beban. Kalo nangis, nangis aja tapi jangan bundir. Mabok dikit ga pp yg penting semua beban keluarin dulu. Kamu cuman butuh teman buat ngobrol. Paling bagus ngobrol sama Tuhan",Pertolongan Segera,0.4967407029861444,0.3986962627280842,"['Tekanan Emosional', 'Permintaan Bantuan']",R3: Tekanan Emosional + Permintaan Bantuan
2059509986351571249,ilusiperfeksi,"Ketahanan mental tiap orang itu beda 😄 gabisa dipukul rata. Kemarin gw kerja bareng sodara, eh besoknya dia keluar. Kenapa? Karena workplace nya ga sesuai dengan kemampuan nya, kerja itu ga bisa dipaksakan kalo emang kita nya ga kuat, kalo tbtb bundir emg company mau tanggung?",Pertolongan Segera,0.4958606639738005,0.39834422776193334,['Indikasi Krisis'],R1: Indikasi Krisis terdeteksi
2057478145377448152,RizkQkQ1,"@haluandotco aku lulusan arsi aja emng ngrasa berat bgt terlebih karena basic aku dari soshum🤣 tapi jujur gada kepikiran buat bundir. tolong temen yg kuliah arsi kalo ngrasa gakuat minta tolong ke temen"" kuliahmu ya jgn memaksakan diri buat menanggung beban sendiri ✨",Pertolongan Segera,0.4952361652555794,0.39809440843986743,"['Indikasi Krisis', 'Permintaan Bantuan']",R1: Indikasi Krisis terdeteksi
2058161340620181989,kastorisius,"@Alter_GenZ Dm ajaa, all bills on me, atau kalau butuh teman cerita juga I’m all ears",Curhat Ringan,0.4951491974758156,0.3980596181118128,"['Keputusasaan', 'Permintaan Bantuan']",Tidak ada kombinasi evidence pemicu urgensi
2054767460767920357,alivepoopie,"dlu aku terluka bgt sm lingkungan toxic smp, kirain sma bakal sm. ternyata jauh bgt dri ekspektasi. smua org nya baikk bgtt meski ak smpe skrg masih blm bsa deket sm org lain krena trauma di smp... tp sma se seru itu. pergi pagi, pulang hampir maghrib",Pertolongan Segera,0.4948194955154177,0.39792772405075305,"['Indikasi Krisis', 'Tekanan Emosional']",R1: Indikasi Krisis terdeteksi
2050472156698644867,TXTCAPSLOCK,@zakariamlk Bundir mint dah ga tahan bgt hidup,Curhat Ringan,0.4940708340709539,0.39762822245106555,"['Keputusasaan', 'Tekanan Emosional']",Tidak ada kombinasi evidence pemicu urgensi
2054567326813696110,tangernein,ngestan wintang hari gini ibarat depresi 5 thn,Pertolongan Segera,0.4936400027464383,0.39745586388038867,"['Keputusasaan', 'Gangguan Fungsi', 'Tekanan Emosional']",R2: Keputusasaan + Gangguan Fungsi
2047675023901778099,aha32358,"@sydneyzw Bundir itu suatu yang dilarang dalam agama saya (muslim) bahaya bro azab ingat itu,",Pertolongan Segera,0.4932891956738205,0.3973155170679093,['Indikasi Krisis'],R1: Indikasi Krisis terdeteksi
2047999355358253454,fraviato,"Izinkan gue QRT ini sebagai community volunteer yg sudah entah berapa kali ngadepin kasus pencegahan bunuh diri:

Depresi itu ada triggernya, bener. Tapi kita orang ketiga nggak akan tau apaan
Naluri pasti bakal nebak2 ""kenapa ya?""

Padahal harusnya kita tarik itu orang, kita",Pertolongan Segera,0.4929467799570849,0.39717852482289984,['Indikasi Krisis'],R1: Indikasi Krisis terdeteksi
2060169890980643135,toketriot,"ini method gw untuk stay sane being adult so far:
1. Bobo
2. Ciuman
3. Ketawa tiap lihat dunia makin absurd karena alternatifnya ya depresi total 😭
4. Nyari diskonan makanan sebagai sumber kebahagiaan temporer
5. Bikin to do list cuma untuk merasakan ilusi kontrol atas hidup",Pertolongan Segera,0.4920896597812812,0.3968355998848424,"['Indikasi Krisis', 'Tekanan Emosional']",R1: Indikasi Krisis terdeteksi
2060568350477160626,suakamalaikat,"@ohmy_beautybank Aku muncul kaya gini kalo lagi stress berat ato fase depresi. Sekujur tubuh malah. Tapi ga gatel sama sekali. Kata psikiaterku normal mengingat aku ada illness. Kalo fasenya udah lewat, nanti hilang sendiri. Coba sender inget” dulu kemarin” kenapa?",Pertolongan Segera,0.49153717584708567,0.39661454702868604,"['Indikasi Krisis', 'Tekanan Emosional']",R1: Indikasi Krisis terdeteksi
2056566001400205512,gitaruji17,"Sungho mengalami depresi kenapa bisa aku bilang gitu? Karna dari yg diliat dia nunggu taesan pergi saat nganter makanan, rumah berantakan dan tidak ada cahaya yg masuk dmna dia mauu menyendiri masuklah ihan yg bikin dia mulai terbuka.",Pertolongan Segera,0.48989630348323804,0.3959579711610621,"['Indikasi Krisis', 'Gangguan Fungsi', 'Tekanan Emosional']",R1: Indikasi Krisis terdeteksi
2054555585652437398,winchhichies,"untung dia gak nyebut “udah lama nih gapake seragam, terakhir msp pas jadi sound” gw akan bundir kayaknya kl dia bilang gt 😂🔫 https://t.co/eLDUiGxbjR",Pertolongan Segera,0.48929199143840496,0.3957161415706982,['Indikasi Krisis'],R1: Indikasi Krisis terdeteksi
2057479049954365645,tanyarlfes,"TW // depresi
guys, ak lgi fase d3presi1 berat dan beberapa hari lagi tuh pengumuman utbk, ak takut klo hasilnya gagal dan jadinya makin kacau, ak harus gimana ini ya... 💚",Pertolongan Segera,0.4878901553300646,0.3951551146579511,"['Indikasi Krisis', 'Keputusasaan', 'Tekanan Emosional']",R1: Indikasi Krisis terdeteksi
2057802030014722393,sintamudia,"@bersuwara_ Nah, ironis itu, walau ada benarnya. Klo tiap hari kelaparan, gak perlu 6 bulan buat masyarakat stress, depresi, putus asa, dan berkumpul dgn bnyk masalah, juga macam2 penyakit. Paling ditakuti adalah merasa bahwa hidup sudah tdk ada gunanya, ini udah warning serius",Pertolongan Segera,0.48740868765956985,0.39496240999662513,"['Keputusasaan', 'Gangguan Fungsi', 'Tekanan Emosional']",R2: Keputusasaan + Gangguan Fungsi
2053092736887324862,HumorJonTampan,"@rang_simabua Mangkanya jangan Bundir supaya menua...

#Ngik",Pertolongan Segera,0.48698896055157465,0.39479440902218677,"['Keputusasaan', 'Gangguan Fungsi', 'Tekanan Emosional']",R2: Keputusasaan + Gangguan Fungsi
2059993916016066848,sektemenyamping,@chitchatfess Bundir aja kak,Pertolongan Segera,0.4862944056588415,0.394516388575236,"['Keputusasaan', 'Tekanan Emosional', 'Permintaan Bantuan']",R3: Tekanan Emosional + Permintaan Bantuan
2057786070096658610,taqibalqibul,@Vanian___ Nanti kamu di cap depresi kak,Pertolongan Segera,0.4854535322254707,0.3941797704407663,"['Keputusasaan', 'Gangguan Fungsi', 'Tekanan Emosional', 'Permintaan Bantuan']",R2: Keputusasaan + Gangguan Fungsi
2053119728248623180,aboutonjii,"wkwk, iya juga ya?
pernah nemenin org depresi, skrg udh jadian sm temen kampus gw
pernah nemenin org semrawut krn pinjol, skrg orangnya lg S2
pernah nemenin org dari yg gaji cmn 20rb, skrg udh gaji 10jt

lah gw? gaada yg nyembuhin gw anjayy",Curhat Ringan,0.4839191249765009,0.3935654307856704,"['Keputusasaan', 'Tekanan Emosional']",Tidak ada kombinasi evidence pemicu urgensi
2056168098324156789,Narendrarenryu,"@putsalss @0wangiii1604 @tanyarlfes Iya gue juga mikir selama dia ngejabat, gue dapat apa dari milih dia? Gaada sama sekali 😀😀 ada dapat sesuatu, yaitu depresi gadapat kerja😀😀😀",Curhat Ringan,0.4829918602200515,0.3931941182324381,"['Keputusasaan', 'Tekanan Emosional']",Tidak ada kombinasi evidence pemicu urgensi
2054864533978767421,wuican,"Korban ga bundir aja udah hebat jing, pelaku daripada merusak org mending lu coliin tu kontol lu sampe lecet cok. Gausah jadiin org lain sebagai pelampiasan nafsu hewan itu. Dikasi otak bukanya dipake heran gw",Pertolongan Segera,0.4828322668842016,0.393130206248977,['Indikasi Krisis'],R1: Indikasi Krisis terdeteksi
2050973703408865318,Kemangilly,"@Limhoodx Maap ya bang, ane sebagai survivor depresi kalo dibilang deperesi itu disabilitas tidak setuju.

Depresi itu kondisi kita sedih terus menerus dan kehilangan semangat untuk semuanya. Semua negatif. Itu bisa sembuh kok bang.

Orang depresi kalo ane ya bang, gak bisa di tanya tujuan",Pertolongan Segera,0.4805935526360599,0.39223351957220026,"['Indikasi Krisis', 'Tekanan Emosional']",R1: Indikasi Krisis terdeteksi
2050160814913724732,Cottonbnnuy,"""Ngapain bundir kan ada mie aya-"" https://t.co/Izwp5GgNPC",Pertolongan Segera,0.4805845336622319,0.39222990653731604,"['Keputusasaan', 'Tekanan Emosional', 'Permintaan Bantuan']",R3: Tekanan Emosional + Permintaan Bantuan
2057654709826306478,cryptogem1000,"@Latifayaaa Jangan masuk dulu ka, kebawah lagi masuk fase depresi",Pertolongan Segera,0.47889831330124827,0.39155430866010266,"['Keputusasaan', 'Gangguan Fungsi', 'Tekanan Emosional']",R2: Keputusasaan + Gangguan Fungsi
2058417286122439063,kucinghilang_,"@busanonni Aku blm berani nonton itu, takut main depresi sama pemerintah 😔",Pertolongan Segera,0.4785900741659424,0.39143078977411444,"['Indikasi Krisis', 'Keputusasaan']",R1: Indikasi Krisis terdeteksi
2058868872904892768,kriminologee,"@kejaaanaaa Nangisin diri sendiri sih bentar doang, tapi pressure dari orng sekitar jir yg buat mau bundir",Curhat Ringan,0.4784557901876742,0.3913769768946099,['Tekanan Emosional'],Tidak ada kombinasi evidence pemicu urgensi
2057602626993484149,kuya_darat,@Retshmg @repostiktok Mending bundir aja 🫶,Pertolongan Segera,0.47766383542618474,0.39105958378676214,"['Keputusasaan', 'Tekanan Emosional', 'Permintaan Bantuan']",R3: Tekanan Emosional + Permintaan Bantuan
2054870999561339051,Babypiping,"@cutieynor @dearbibii keliatan depresi nya gara"" ke hatte yah?",Pertolongan Segera,0.47672547667533355,0.3906834577069138,"['Keputusasaan', 'Gangguan Fungsi', 'Tekanan Emosional']",R2: Keputusasaan + Gangguan Fungsi
2047936523711271263,katakangparkir,"@pantherus_leo @ardisatriawan Setuju dengan catatan. Bundir itu salah, tapi kalo udah kejadian, yg perlu dilakukan adalah ngajak orang2 lain yg punya masalah untuk jangan bundir. Bukan menghakimi yg udah md. Gua tetap menyalahkan yg menghakimi, apalagi tanpa tau apa2",Pertolongan Segera,0.4728904459502512,0.3891455336953655,['Indikasi Krisis'],R1: Indikasi Krisis terdeteksi
2050245907137077422,xxygstdzu,"@sseraist kebanyakan mindset org tuh kalo nunjukin sisi emosional nya dianggep ga tahan banting. padahal dosen ku bilang keluarin sisi emosional kamu tuh bukan berarti lemah, justru bahaya kalo ditahan *fyi ak dri prodi psikologi. makanya idol fav mrk kebanyakan bundir😅gaboleh emosional😅",Pertolongan Segera,0.47223721478900843,0.388883452072288,['Indikasi Krisis'],R1: Indikasi Krisis terdeteksi
2058192395599315381,thinkerlova,"@_Monsoonrain terus knpa 2 org korban cwenya bundir? lo ga curiga apa gmna? ini nyawa loh, ga mungkin mreka melakukan itu gara2 hal spele",Pertolongan Segera,0.472151850982534,0.38884920062440814,"['Keputusasaan', 'Gangguan Fungsi', 'Tekanan Emosional']",R2: Keputusasaan + Gangguan Fungsi
2059987136276046274,moonraeanne,"hellow sobat #studytwt #collegetwt let's be #moots plijjj 🥹, aku butuh teman yang lg nginfo mandiri huhu. depresi ringan bgt habis ketolak snbt (sdih 😔😔😔) 

ANW YANG SUDAH LOLOS ATAU GAP/SEMIGAP HMU JUGAK HEHE 🫰🏻🫰🏻😉",Curhat Ringan,0.4705639806573871,0.38821196086478954,['Permintaan Bantuan'],Tidak ada kombinasi evidence pemicu urgensi
2055761817780335100,decalcomaniact,@just3xist bikin depresi nonton throwback ini,Pertolongan Segera,0.47020849196060993,0.3880692648165154,"['Keputusasaan', 'Gangguan Fungsi', 'Tekanan Emosional']",R2: Keputusasaan + Gangguan Fungsi
2051010731735441851,mhwnk_,"Asli, laki2 mending bundir massal atau dibantai aja. Someone pls kill me😍",Pertolongan Segera,0.468777235919252,0.3874946227579406,"['Keputusasaan', 'Tekanan Emosional', 'Permintaan Bantuan']",R3: Tekanan Emosional + Permintaan Bantuan
2057638166656668098,sashimith,"@mahaemist Thanks buat mama dan papaku yg bersedia buat aku repotin 24/7. Thanks buat suamiku yg bersedia ngurusin adek tanpa kusuruh 24 jam full (pas lg bareng aku dan adek). Thanks buat mertua yg ikut repot jagain adek kalau aku lg butuh me time. Tanpa mereka, sepertinya aku akan depresi.",Pertolongan Segera,0.46414864612470774,0.3856348061200344,"['Gangguan Fungsi', 'Tekanan Emosional', 'Permintaan Bantuan']",R3: Tekanan Emosional + Permintaan Bantuan
2059420075191599199,L4t3N1t3L4tt3,"@Indouncensored @LadPsycho Kapan lu bundir, nyet?",Pertolongan Segera,0.4641243429321521,0.38562503457069397,"['Keputusasaan', 'Gangguan Fungsi', 'Tekanan Emosional', 'Permintaan Bantuan']",R2: Keputusasaan + Gangguan Fungsi
2052344855943082209,xahobluu,"untuk versiku, aku beruntung.

beruntung gajadi bundir &amp; masih hidup sehat, beruntung ditegur Tuhan untuk berkesempatan kembali kepadaNya, beruntung bisa bersyukur &amp; mengeluh, beruntung masih bisa bernafas, beruntung masih punya keluarga lengkap, beruntung punya sahabat yang",Pertolongan Segera,0.4626623227391616,0.3850370744864146,['Indikasi Krisis'],R1: Indikasi Krisis terdeteksi
2048408046733267028,SoloMenfess,-sol Butuh pandangan pendapat masukan apapun lah dari yg paham di bidang psikologis atau orang yg pernah sembuh dari depresi. Karna akhir2 ini aku jadi sering nyalahin diri sendiri. Tia🙏🏻 semoga kalian sehat dan bahagia selalu. https://t.co/DovdIrBNk3,Pertolongan Segera,0.4623388197046842,0.38490694129105774,"['Indikasi Krisis', 'Tekanan Emosional']",R1: Indikasi Krisis terdeteksi
2048772623082172585,tojifusiguro,"@nirfungsih aku kalo lagi cape bgt trs kepikiran bundir. dibanding makan, aku lebih pilih mandi. gatau kenapa mandi itu bikin pikiran yg tadinya kacau jadi lebih tenang",Curhat Ringan,0.4617749749449771,0.3846800970308709,"['Gangguan Fungsi', 'Tekanan Emosional']",Tidak ada kombinasi evidence pemicu urgensi
2050212595865714861,cintayve,@Prodigy465604 @meyimije Lu aja yang bundir gimana? Biar stok orang2 tolol kaya lu berkurang,Curhat Ringan,0.46133052454754214,0.38450125943530694,"['Keputusasaan', 'Tekanan Emosional']",Tidak ada kombinasi evidence pemicu urgensi
2048386152303067378,dialectiqa,episode depresi gw balik pada saat yg ga tepat 🥺,Pertolongan Segera,0.46055720570980013,0.38419003287951153,"['Indikasi Krisis', 'Tekanan Emosional']",R1: Indikasi Krisis terdeteksi
2054221268099223990,bakuldimsum_,"Saran gue jangan post video gore, kasus bundir pokonya hal sensitif, bahaya buat akun Lo. Mungkin gampang naikin impresi tapi imbasnya akun Lo bisa ke kunci. Dahlah cari yg aman2 aja walau emang sulit tp emang nyari duit makin susah.
""Lo bisa bilang gitu Krn akun lu 10k lebih""",Pertolongan Segera,0.4595804910439895,0.38379683909994183,['Indikasi Krisis'],R1: Indikasi Krisis terdeteksi
2059593166999974198,risolmayomozza,"pbm ga nyangka sih, di TO mentok paling gede 500 an sampe sedih stress depresi.  plot twistnya kepala 7, musuhmu adalah temanmu kah",Pertolongan Segera,0.4578504997357713,0.38310009168856074,"['Keputusasaan', 'Gangguan Fungsi', 'Tekanan Emosional']",R2: Keputusasaan + Gangguan Fungsi
2057763051202564253,Purplewithyell1,"Gua curiga nasip Jeongwoo di ending itu dia bundir 😭
1. Dia udh gak punya ibu dan ayah
2. Dia kehilangan Huiju, cewek yang sejak SMA dia anggap bakal selalu balik ke dia
3. Kehilangan jabatan
4. Kehilangan sahabat (IAN)
5. Menyesal udah ninggalin tuhan dan jadi jahat 😭",Pertolongan Segera,0.4572818713908472,0.3828709902185382,['Indikasi Krisis'],R1: Indikasi Krisis terdeteksi
2049116276237431131,lily_daisy_rose,"emang ngentot, gw kesel sama opini orang² di sini. kita sebagai orang lagi dimintain pertolongan sama orang yang depresi gak sebego itu cuma ngasih saran makan mie ayam atau ice cream, itu emang solusi sementara. kita juga pengennya nyari tau apa yang kalian sebenernya butuhin.",Pertolongan Segera,0.45675384641980443,0.3826582077777747,"['Tekanan Emosional', 'Permintaan Bantuan']",R3: Tekanan Emosional + Permintaan Bantuan
2049347230151438722,RatuGercep,"@tanyarlfes Bestiku begini nder, sampe hari ini di usia udh kepala 3 masih rutin ke psikolog. Kata dia gini, 'ada yg kurang, ada yg tdk pada tempatnya. Tp gak tau itu apa. Tapi itu nyata banget dan bikin bener² depresi'
Siapapun yg ngalamin ky gini semoga segera dpt damaimu yak..big hug https://t.co/LENMBSThZh",Pertolongan Segera,0.4565973628094723,0.38259514082561846,"['Keputusasaan', 'Gangguan Fungsi', 'Tekanan Emosional', 'Permintaan Bantuan']",R2: Keputusasaan + Gangguan Fungsi
2047648919526801770,winchhichies,beneran depresi njir gue pengen nonton homoo dan baca au tp jdnya makin gabisa nonton yg lain selain that summer anjeeeenggggg pukimaaaak gue udah rewatch yg ke 4x,Curhat Ringan,0.45348508550882244,0.38134007833220745,"['Gangguan Fungsi', 'Tekanan Emosional']",Tidak ada kombinasi evidence pemicu urgensi
2058109898840539532,perogeremmer,"Waktu gue depresi karena patah hati, gue bilang ke psikolog gue:

""Aku nih gym 5-6x seminggu loh, tapi aku masih nangisnya kaya anak kecil tiap hari, kenapa?""

dia tersenyum kecil, lalu berkata:

""Ini tangki emosi kamu (nunjukin gelas teh gede), lalu emosi yang kamu rasain itu",Pertolongan Segera,0.45170117376720614,0.38062003995433,"['Indikasi Krisis', 'Tekanan Emosional']",R1: Indikasi Krisis terdeteksi
2057133420900434254,yurisndika,"yg pengen bundir tahan dulu, apa ga pengen liat prabowo meninggal",Curhat Ringan,0.45081229555160107,0.38026107712225476,"['Keputusasaan', 'Tekanan Emosional']",Tidak ada kombinasi evidence pemicu urgensi
2049430623794991369,Joulevansu,"Kalian Tau kasus bundir yang anak kuliahan gendut itu? Lompat Dari lantai 4(?) kayanya. 

Aku cerita sama keluarga ku.. aku bilang, kasian mentalnya ga ada yang mahamin.

Keluargaku semua judge dia.. katanya dia bodoh milih keputusan bundir.",Pertolongan Segera,0.45046004946247364,0.3801187918041692,['Indikasi Krisis'],R1: Indikasi Krisis terdeteksi
2058873476266807656,syylovesyouu,"udahmah gapyear, ketolak lagi. better lanjut ikut lagi tahun depan apa bundir yah",Curhat Ringan,0.4497018837033308,0.37981247215559993,"['Keputusasaan', 'Tekanan Emosional']",Tidak ada kombinasi evidence pemicu urgensi
2048003880399847561,sugarchc12,"@seanyo___o BENER😭. Lagi aneh gituloh dia bundir terus kok game yg dia mainin dibawa2
Ga lucu woi KLO aku bundir nih terus yg ditanya ""dia abis main game apa?"" 
ANEHHH",Pertolongan Segera,0.44905104004956675,0.37954943830316723,['Indikasi Krisis'],R1: Indikasi Krisis terdeteksi
2051295436259176458,KaripapJamur,"@Kemangilly Untungnya aku kerja di rumah kak, kalo kayak kamu pasti lebih menantang ya. Hebat kamu udah bisa laluin semua 🥳
Hebat juga istrimu udah nemenin selama masa2 terpuruk, karena orang depresi tuh suka ada momen ""lebay""nya, yg dengerin kalo ga kuat bisa panas kuping &amp; panas kepala",Curhat Ringan,0.4478419460677125,0.3790606036330714,['Tekanan Emosional'],Tidak ada kombinasi evidence pemicu urgensi
2058874062538211512,princessisill,ga bundir ajh udah alhamdulillah,Curhat Ringan,0.4444497147501951,0.37768777933987707,"['Keputusasaan', 'Tekanan Emosional']",Tidak ada kombinasi evidence pemicu urgensi
2052039243510530520,soularebels,@fluoxetan @cookiesnyamyum @azriiel Ya ntar ga sesuai narasi dan malah bundir kalo ga dicrop gmn sih :(,Curhat Ringan,0.4442044723348066,0.3775884509086609,"['Keputusasaan', 'Tekanan Emosional']",Tidak ada kombinasi evidence pemicu urgensi
2047773855851380945,zwavelzure_,"Gw kemarin bilang yg bundir di jembatan itu fomo. Gw penyintas, dan gw sedikit banyak bisa tau apa yg mereka rasain. Kenapa ""fomo""? Karena abis liat orang bundir di sana viral, yg muncul di pikiran gw (or mereka) adalah ""apa gw mati di sana juga ya biar diperhatiin orang juga?""",Pertolongan Segera,0.4438891751365072,0.3774607326045181,['Indikasi Krisis'],R1: Indikasi Krisis terdeteksi
2052743861680881819,Viabukanbakpia,"@sajunesa @yappingfess Moveonnya butuh 2 taun, ga main sosmed sama sekali cuma di kamar bangun tidur nangis makan nangis udh depresi se depresi depresinya. Akhirnya bisa sembuh karena ngedorong diri sendiri klo gaboleh stuck disitu situ aja hehehe",Curhat Ringan,0.4400968582166086,0.3759231027328607,"['Gangguan Fungsi', 'Tekanan Emosional']",Tidak ada kombinasi evidence pemicu urgensi
2048249559823036621,Mayatanakagung,"@LambeSahamjja Sy 80, peristiwa 98 itu pas sy mo EBTANAS,lalu kuliah. Wkt kerusuhan dirmh, Indom4r*t dijarah sempat mo dibakar tp dihalau warga yg sdh siap bawa sajam. Sblmna th 97, itu sy liat byk bank2 diLIKUIDASI (ditutup), sebagian diBAIL OUT lwt BLBI. Byk nasabah BUNDIR krn gak bisa tarik",Pertolongan Segera,0.439426352006062,0.3756509500019478,['Indikasi Krisis'],R1: Indikasi Krisis terdeteksi
2060442391191183440,sheirabila,pgn bundir,Pertolongan Segera,0.4386362282849674,0.375330130259196,"['Keputusasaan', 'Tekanan Emosional', 'Permintaan Bantuan']",R3: Tekanan Emosional + Permintaan Bantuan
2058046681082650758,hangcntl,"@tanyarlfes aku depresi karena abis ditinggal ibu meninggal dan ada di tempat kerja yg toxic, tiba2 dikasih tiket konser bruno mars, tiba2 keterima di bumn bergengsi dgn salary lebih2 bagi aku, giba2 penempatan paling deket rumah, tiba2 behavior kantornya baik banget, Allah baik banget❤️",Pertolongan Segera,0.43854084744506755,0.37529139356179675,"['Indikasi Krisis', 'Keputusasaan', 'Tekanan Emosional']",R1: Indikasi Krisis terdeteksi
2049430480223981616,Homo_sapiens21,"You know what, gw baru tau ortunya lagi ribut besar cukup lama, dia bingung mau pro ibunya atau ayahnya, dia mau dua2nya tp ayah ibunya ga bs akur. Dia ud stress banget, belajar ga mau, dibilangin melawan, akhirnya setelah beberapa minggu dia berani nanya cara bundir yg gak sakit",Pertolongan Segera,0.43798161204133323,0.37506423597082944,['Indikasi Krisis'],R1: Indikasi Krisis terdeteksi
2047704540498321774,Udya0281381501,@Gendoet3G Egois. Gk mikir perasaan sopir yang aslinya gk tau apa-apa malah jadi tersangka yeu anjing tolol bangsat on ol. Maksud gue kalau mau bundir tuh minimal cari tempat yg sepi nggak terjangkau sama orang lain lah bangsat. Kayak gini malah nyusahin orang lain yg gk salah asw,Pertolongan Segera,0.43727446601996894,0.37477690636208566,['Indikasi Krisis'],R1: Indikasi Krisis terdeteksi
2048711111449649295,ruki_yahea,"@ojiBoy_828 @0xhanyfa Izin menjawab : 

Hati-hatinya, karena dia bisa meledak dan bundir

Dan kalau bundir, kita yang nyesel kayak : “seandainya aku dulu lebih peka”, “tahu gitu dulu aku dorong dia ke psikiater”, dll (tapi udah telat, dia terlanjur bundir)

Mungkin begitu, CMIIW",Pertolongan Segera,0.4363963352879602,0.37441995739936834,['Indikasi Krisis'],R1: Indikasi Krisis terdeteksi
2058856266265666039,Dobel_Step,@RudiSitanggang9 depresi gitulah kira2,Pertolongan Segera,0.4353187583013146,0.3739817142486572,"['Keputusasaan', 'Gangguan Fungsi', 'Tekanan Emosional']",R2: Keputusasaan + Gangguan Fungsi
2052443749452853433,fightmilkcookie,"Lu kali yang depresi, kocak 😭",Pertolongan Segera,0.4317350010709868,0.37252241192442,"['Keputusasaan', 'Tekanan Emosional', 'Permintaan Bantuan']",R3: Tekanan Emosional + Permintaan Bantuan
2052259704076927245,perfedc,@XNurulMadani bundir pun fomo,Curhat Ringan,0.4304548803691959,0.3720004504377191,"['Keputusasaan', 'Tekanan Emosional']",Tidak ada kombinasi evidence pemicu urgensi
2048596648025354598,jeefri95,"@Toniqufp Bener banget, dari sini belajar gak mau berharap lagi sama orang lain mas, yang katanya tulus tapi kenyataannya tidak, hanya manis di mulut, alhamdulillah akhirnya bisa bangkit sndirian, pdhal sbelumnya stress bgt ampir bundir😭",Pertolongan Segera,0.4300027672122361,0.3718160137985692,"['Keputusasaan', 'Gangguan Fungsi', 'Tekanan Emosional']",R2: Keputusasaan + Gangguan Fungsi
2053810695867945118,wyomoth,@plengens @SistersInDanger sigoblok bundir aja gih lu gaguna bkin malu emak,Pertolongan Segera,0.42915979672696486,0.3714720019788453,"['Keputusasaan', 'Tekanan Emosional', 'Permintaan Bantuan']",R3: Tekanan Emosional + Permintaan Bantuan
2051500287249256557,mandifestasi,"@iteramfs Ganti admin aja, ada koma setelah tanda tanya aja udah keliatan bego nya. Minim empati miris, lu kira bundir jokes sepele. Dongo nya nge dongo banget malu maluin",Pertolongan Segera,0.4273673407372459,0.370739949833263,"['Keputusasaan', 'Gangguan Fungsi', 'Tekanan Emosional']",R2: Keputusasaan + Gangguan Fungsi
2048373745908335080,MunchMunc_21,"@suspender_men @19BROMAN Tingkatan depresi lu itu masih ringan belum tergolong berat. 

Kalau udah berat itu nangis berhari², pengen bunuh diri terus, kalau tidur itu rasanya pengen gak bangun² lagi karna udah gk nerima sama kehidupan nyata.",Curhat Ringan,0.42407359611562345,0.36939271344154173,"['Gangguan Fungsi', 'Tekanan Emosional']",Tidak ada kombinasi evidence pemicu urgensi
2059233789684203852,kissesyla,bundir aja lah,Curhat Ringan,0.4217608284488626,0.36844508214430377,"['Keputusasaan', 'Tekanan Emosional']",Tidak ada kombinasi evidence pemicu urgensi
2059608185384866136,piscsbby,"bagi gua jangankan virtual, berharap hubungan serius di rl aja mustahil. bcs bagi gua, semua akan nyakitin, dan semua akan asing pada waktunya. ga perlu berharap, ga perlu berekspektasi. bisa bertahan hidup, gak gila, gak bundir, dan ga ngebunuh orang aja udah luar biasa.",Pertolongan Segera,0.4211637435152569,0.36820020639535156,"['Indikasi Krisis', 'Keputusasaan']",R1: Indikasi Krisis terdeteksi
2059686334290436295,lilylolzx,"@Sprinkleeaicee @Pyroncalanyala Maklumin aja kak, lg depresi berat wkwk",Pertolongan Segera,0.4182270764586989,0.36699443242766644,"['Keputusasaan', 'Gangguan Fungsi', 'Tekanan Emosional']",R2: Keputusasaan + Gangguan Fungsi
2055974382686839026,happyandimoet,duh besok senin #depresi,Pertolongan Segera,0.4176746457466609,0.3667673450527769,"['Keputusasaan', 'Gangguan Fungsi', 'Tekanan Emosional']",R2: Keputusasaan + Gangguan Fungsi
2048009976011255931,tetehtasik62,"🙄🙄
Sehat2 ya sodara ku,jangan pernah berpikir untuk bundir,apapun masalah nya https://t.co/Xua54qlQIK",Pertolongan Segera,0.4175973008552068,0.3667355441685879,"['Keputusasaan', 'Gangguan Fungsi', 'Tekanan Emosional']",R2: Keputusasaan + Gangguan Fungsi
2049100510855368768,rmhsb31,"@Anak__Ogi Aturan no.1 yg selalu gw pegang selama berkendara 

Orang disekitar gw tuh orang gila yg nekat bundir, harus jauh"" dan selalu hati"" meskipun mereka terliat waras",Pertolongan Segera,0.4171378290018492,0.3665465947353479,"['Indikasi Krisis', 'Permintaan Bantuan']",R1: Indikasi Krisis terdeteksi
2057777262645391477,retorisasi,"habis dapet kabar dari cewek gua kalau temennya ada yang bunuh diri karena depresi. guys, tolong ya, sesekali coba cek kabar temen-temen kalian. siapa tau mereka lagi butuh ditemenin, didengerin, atau sekadar ada yang hadir buat mereka. orang bisa aja keliatan “oke” di luar,",Pertolongan Segera,0.4159631074521082,0.3660632419315252,['Indikasi Krisis'],R1: Indikasi Krisis terdeteksi
2050978047030092208,dictionarins,plis teman2 kalau suka kdrama depresi nonton we are all trying here *chef kiss* mantep bgt tu drama cinta mati gweh sama semuanya yg ada disitu,Pertolongan Segera,0.4133287136970442,0.36497785196159827,"['Keputusasaan', 'Tekanan Emosional', 'Permintaan Bantuan']",R3: Tekanan Emosional + Permintaan Bantuan
2052399138332160121,Andiandii339990,Yg depresi kan kalian bude 😭🤡😜🤣,Curhat Ringan,0.412705422332962,0.36472075455116504,"['Keputusasaan', 'Tekanan Emosional']",Tidak ada kombinasi evidence pemicu urgensi
2049161467128357195,Viking_SMKN2Bdg,"Iya iya, gih rakit bondet lagi sana. Wajar depresi, 22 tahun soalnya ngang ngong doang",Pertolongan Segera,0.41182043558222586,0.3643555135437937,"['Keputusasaan', 'Gangguan Fungsi', 'Tekanan Emosional']",R2: Keputusasaan + Gangguan Fungsi
2049374208413802858,viraasiregar,"1. Aku benci laki² playvic, sikit² bundir, sikit² ini itu
2. Kalau sekiranya blm punya apa², jangan ajak anak orang hidup susah
3. Paling anti sama laki² malas, taunya terima bersih

Ini udahlah malas, malas cari kerja, tp mau nikah ngidupin anak orang. Oohhhh wassalam",Pertolongan Segera,0.4101488134990989,0.36366497747825854,"['Indikasi Krisis', 'Keputusasaan']",R1: Indikasi Krisis terdeteksi
2048804518650081502,meng_betina,"Apalahh hari ini nemu 2 meng yg kasian
1, kaya mau bundir gamau kepinggir jalan maunya ditengah
2, ada meng yg liatin pet shop 😭",Pertolongan Segera,0.4101056010718257,0.36364711541118044,"['Keputusasaan', 'Gangguan Fungsi', 'Tekanan Emosional']",R2: Keputusasaan + Gangguan Fungsi
2050471972858118408,tsth051023,"@moviemnfs The Hymn of Death. 
Jangan bully gua
Buat bbrp org mungkin drama 3 episode ini bagus 
Jujur gue akui memang secara kualitas akting dan perintilan productionnya memang OKE BAGUS BGT
TP GUA GA SUKA CERITANYA, KESEL. 
2 TOKOH UTAMA SELINGKUH MILIH BUNDIR BARENG KAN ANJENDGDJDHJSBZJS https://t.co/giNpPu4XI6",Pertolongan Segera,0.40943503725860353,0.3633698608839151,['Indikasi Krisis'],R1: Indikasi Krisis terdeteksi
2053124409628717120,adanaradisini,"Sedikit nostalgia sebelum tidur. 
Pertama kali dikasih komik ini sama sodara pas umur 5 tahunan, aku inget bgt dikasih ini buat hiburan setelah alm. papaku meninggal.

Waktu itu aku setahunan dioper2 ke sodara2 mamaku, beliau ga sanggup rawat 2 anak dalam kondisi depresi :') https://t.co/0Pi9q1KQfz",Pertolongan Segera,0.40836458222755645,0.36292697624726733,['Indikasi Krisis'],R1: Indikasi Krisis terdeteksi
2053094415141593351,sparkglow_Win,@iiniakuy_ Scene epic dr awal dia depresi pun kayak percuma Skrang Krn penyelesaian cuma kyak tadi,Curhat Ringan,0.4052282362857804,0.36162727131988065,"['Keputusasaan', 'Tekanan Emosional']",Tidak ada kombinasi evidence pemicu urgensi
2050804392312652001,anditenri02_,@desiseazio Lebih plenger lagi karna sehari sebelumnya mikir PGN mati terus selamat besoknya ttep minum vitamin karna lupa kemaren mikir PGN mati😭😭org gile Mane yg mikir bundir tp selamat sehari doang mikir harus idup😭👍🏼,Curhat Ringan,0.4044151036077957,0.361289789279302,"['Gangguan Fungsi', 'Tekanan Emosional']",Tidak ada kombinasi evidence pemicu urgensi
2059520016392085837,denmji_,"Iya.. Aku ga self harm soalnya aku ga tahan sakit. Pernah, tapi jadi infeksi dan sakit bgt. Sekarang kalo depresi, ga keliatan sama sekali karena in real life aku masih bisa bercanda. 

Cuma rambut rontok, dikira ketombean, brain fog, dan sering sakit kepala. Bb aja cuma 35/36.",Pertolongan Segera,0.40431635810164895,0.36124879121780396,"['Indikasi Krisis', 'Tekanan Emosional']",R1: Indikasi Krisis terdeteksi
2051912990937821402,xboxjeaneh567,"ga elig $BILL , bundir solusi….. https://t.co/zqyHtiGm7N",Curhat Ringan,0.4039610541583094,0.3611012462413672,['Keputusasaan'],Tidak ada kombinasi evidence pemicu urgensi
2058440851244900735,Gongjume,"pantes kalian sekarang keliatan bahagia banget ber 6 aku juga paham si pasti seneng banget rasanya bebas dari 'orang egois,hipokrit, problematik,caper lagi', bersyukur banget kalian bisa lepas dari lingkungan toxic kayak gitu, sehat terus anak anak baik 🫳🏻🫳🏻🫳🏻🫳🏻🫳🏻🫳🏻",Pertolongan Segera,0.40309208129095275,0.36074021639245935,"['Indikasi Krisis', 'Tekanan Emosional']",R1: Indikasi Krisis terdeteksi
2058827887588089958,saraftepi,AKU TIDAK JADI DEPRESI https://t.co/ddKhDRhD7M,Curhat Ringan,0.40186680730538427,0.360230724919926,"['Keputusasaan', 'Tekanan Emosional']",Tidak ada kombinasi evidence pemicu urgensi
2050528506208260431,jyogoya,"@ jyo keng tolong kasih live yang kalian janjikan itu... aku burnout banget, ada 4 ide edit tapi ga ada motivasinya 😭😭😭 https://t.co/oAFm8Ywkuw",Pertolongan Segera,0.4010171901828068,0.35987713951053046,"['Tekanan Emosional', 'Permintaan Bantuan']",R3: Tekanan Emosional + Permintaan Bantuan
2048247357012320434,SnaiperMask,"Siapa tau mas poci, mbak kun bundir https://t.co/MMJvpixHWT",Curhat Ringan,0.40064515206596846,0.35972223047054175,"['Keputusasaan', 'Tekanan Emosional']",Tidak ada kombinasi evidence pemicu urgensi
2058413285121364388,r3nhartono,@toe_giman Yang jadi caregiver kebanyakan mati duluan karena ga punya support sistem dan burn out karena ga bisa punya kehidupan sendiri. Gue ngalamin hal ini sampe ada trait pingin bundir. Bacot kalian yang romantisasi hal ginian!,Pertolongan Segera,0.3998279504536764,0.35938179673570575,"['Indikasi Krisis', 'Tekanan Emosional']",R1: Indikasi Krisis terdeteksi
2058443630587875578,Sunnyy1004,"Orang yg bikin gue depresi kayak nya fine fine aja, tapi inget balasan Tuhan lebih sakit.",Pertolongan Segera,0.3993992280117307,0.35920310471997113,"['Indikasi Krisis', 'Tekanan Emosional']",R1: Indikasi Krisis terdeteksi
2047681193462960502,FuadFty,@cyberclownid Bundir itu,Pertolongan Segera,0.39782790677456475,0.3585476243134701,"['Keputusasaan', 'Tekanan Emosional', 'Permintaan Bantuan']",R3: Tekanan Emosional + Permintaan Bantuan
2048070401289585148,tir_mcdohll,"@Anak__Ogi Waduh koq pikiran nya pendek banget sih, pake bundir, 🤦",Pertolongan Segera,0.396617399258199,0.35804205952268664,"['Keputusasaan', 'Gangguan Fungsi', 'Tekanan Emosional']",R2: Keputusasaan + Gangguan Fungsi
2057851177191235629,maddieadnid08,"Buat cewe2 tolol yg masih bela kim soohyun, kejahatan dia bukan ke Saeron aja ya, tapi juga ke Sulli. Ini manusia salah satu penyebab Sulli depresi karena hujatan publik. 
Sumpah demi apapun, gue berharap kehidupan dia akan hancur berkali2 lipat.",Pertolongan Segera,0.3960643980267531,0.3578109246311766,"['Indikasi Krisis', 'Tekanan Emosional']",R1: Indikasi Krisis terdeteksi
2059853985864184156,16zzza,"Halo butuh sugar daddy, kalo bisa 2 buat temen saya juga kami depresi butuh duit buat bayar ukt dan ipi",Curhat Ringan,0.3950357042483539,0.3573806710315473,['Permintaan Bantuan'],Tidak ada kombinasi evidence pemicu urgensi
2054063002375328008,14LimaTiga,"Tadi liat ada akun yg sampe ngajakin COD sampe mau ngilangin nyawa orang. 

Segitu depresi nya gara-gara bola. Padahal kalo udh ga kuat, mending jangan buka sosmed.",Pertolongan Segera,0.39496907230969425,0.35735278870120196,"['Keputusasaan', 'Gangguan Fungsi', 'Tekanan Emosional']",R2: Keputusasaan + Gangguan Fungsi
2059955751821746470,vindrr2610,ngejar 5M impresi sampe depresi🗿 https://t.co/z3LNd76Dgo,Pertolongan Segera,0.39451512565774577,0.35716278986497363,"['Keputusasaan', 'Tekanan Emosional', 'Permintaan Bantuan']",R3: Tekanan Emosional + Permintaan Bantuan
2057771676453290090,azriiel,"Waktu kuliah pas lagi depresi-depresinya ada temen yang bilang ke orang-orang kalo gue gak pernah mau diajak main atau keluar kos, padahal gak pernah diajak samsek wkwkw",Curhat Ringan,0.3938965660512664,0.356903769753196,['Gangguan Fungsi'],Tidak ada kombinasi evidence pemicu urgensi
2047683173346365814,BuletBelut5023,Setdah! Bundir nya kayak spontan gitu! https://t.co/AlRKY3QrJL,Curhat Ringan,0.3910389419070132,0.355705282904885,"['Keputusasaan', 'Tekanan Emosional']",Tidak ada kombinasi evidence pemicu urgensi
2054951672817021218,_marisambat,"@raniacalista_ Baca reply-an, para cwk lg coli ego. Gpp, asal kalian gak bundir aja. Itung² nyari kemenangan kecil disela-sela kekalahan di kehidupan nyata.",Curhat Ringan,0.39084158831147237,0.35562239813082147,"['Keputusasaan', 'Tekanan Emosional']",Tidak ada kombinasi evidence pemicu urgensi
2056860164427579519,Cowhead606,"@varian65636 @HSmanmore Bundir kontol, demi tuhan lo noh bundir mereka wkwkwk",Curhat Ringan,0.39052898313936324,0.35549107916427386,"['Keputusasaan', 'Tekanan Emosional']",Tidak ada kombinasi evidence pemicu urgensi
2056458691541680447,medanmycity,Depresi banget karena wowo,Pertolongan Segera,0.3899738749062608,0.3552577965187304,"['Keputusasaan', 'Gangguan Fungsi', 'Tekanan Emosional']",R2: Keputusasaan + Gangguan Fungsi
2050374502824251793,lail_23,"@sukamendoanm Cara deketin org mw bundir tu nggak bisa dong langsung ngagetin begituu... Ngawurr sih,",Curhat Ringan,0.3895639516854668,0.35508545059146307,"['Keputusasaan', 'Tekanan Emosional']",Tidak ada kombinasi evidence pemicu urgensi
2052085289590673805,limited_girl826,"@tanyakanrl Aku juga di tahap ini kok. Tapi ya emang aku didiagnosa depresi dan anxiety. Depresinya lumayan membaik. Tp ya efeknya masih ada, mudah capek dan sakit, slow learner, gampangggg banget lupa. Tp skrg sedang menata hidup kembali, pelan pelan aja untuk belajar lagi",Curhat Ringan,0.3890731284179435,0.35487900511784987,['Tekanan Emosional'],Tidak ada kombinasi evidence pemicu urgensi
2053007485254914103,FalbarqiFathan,"@yappingfess Anjing, dia blom ngerasain aja taik rasanya kehilangan, curiga gua pas mereka kehilangan sesuatu depresi dan berakhir seperti yang mereka katakan, ah cupu, menjadikan kematian bercandaan, pdhl sesek napas dikit udah mikir mikir kmn mna",Pertolongan Segera,0.3881906427727747,0.35450758401191595,"['Indikasi Krisis', 'Tekanan Emosional']",R1: Indikasi Krisis terdeteksi
2058758329623851462,sqsyahquilla_,"what about heeseung??? KETIKAN KAUM KALIAN WAKTU ITU JUGA ADA YANG BAWA-BAWA KE KELUARGA DIA YA ANJING SMPE NYURUH DIA BUNDIR DLL. SAYANGNYA GUE GA SS LAGI, GW GA MEMBENARKAN AKUN ITU. TAPI KNP KALIAN INI PLAYING VICTIM BGT ANJING, DIA SALAH APA JIR, DIA G JAHATIN KALIAN LOH..",Pertolongan Segera,0.387485722865679,0.35421067521427624,['Indikasi Krisis'],R1: Indikasi Krisis terdeteksi
2050851250028360026,AntoniusCDN,Bundir lagi...📸📸 https://t.co/uOUl6FNjJw,Curhat Ringan,0.3855639481702597,0.3534002204736074,"['Keputusasaan', 'Tekanan Emosional']",Tidak ada kombinasi evidence pemicu urgensi
2051277225555861824,reva0520,"Ulah Desi kayaknya nih yg bius Lidya, bikin seakan² Lidya bundir
#TerikatJanjiEp30

30 DAYS SAILING WITH SENADA",Curhat Ringan,0.38551125827119515,0.35337797891009937,"['Gangguan Fungsi', 'Tekanan Emosional']",Tidak ada kombinasi evidence pemicu urgensi
2056312154865959078,rettoujoujou,iya gw harap dia bundir,Pertolongan Segera,0.3848684786461879,0.35310655612159864,['Indikasi Krisis'],R1: Indikasi Krisis terdeteksi
2048014459579609556,peliharaannywwx,"@sugarchc12 Aku baru tau kalo d sd nya ade aku, udah ada 2 anak yg mau bundir. Yg 1 sekelas ama dia. Dua2nya mau loncat dari rooftop sekolah tapi untungnya masih selamet. Dua2nya stress gara2 ortunya

Pantesan mamaku jarang banget marahin ade aku🗿",Curhat Ringan,0.38434747447105544,0.35288643024184485,['Tekanan Emosional'],Tidak ada kombinasi evidence pemicu urgensi
2058431116651209145,shenvana_,@flore4le @yjwonnielovely Bundir lgsg kayaknya kwkw,Curhat Ringan,0.38376222701780766,0.35263902761719446,"['Keputusasaan', 'Permintaan Bantuan']",Tidak ada kombinasi evidence pemicu urgensi
2050194505576640905,KaripapJamur,"@noirzaa Ngga semua orang depresi harus tidur pake suara berisik sih, aku dulu malah harus tidur dalam suasana rileks &amp; tenang karena suara berisik bikin mimpiku kacau dan bangun dalam keadaan makin capek.

Buat kalian yg harus tidur dengan dengerin suara berisik juga bukan berarti kalian",Curhat Ringan,0.38351891833631235,0.3525361314867482,"['Gangguan Fungsi', 'Tekanan Emosional']",Tidak ada kombinasi evidence pemicu urgensi
2047625993595330986,mtwp25,@MeteorPanas @IDGoonerscom Gara2 bola aja sampe nyumpahin org buat bundir 😂 https://t.co/qe8zfzX99j,Curhat Ringan,0.3828940072238041,0.35227174108678644,"['Keputusasaan', 'Tekanan Emosional']",Tidak ada kombinasi evidence pemicu urgensi
2054859551015616800,vampshtt,nutupin depresi pake jokes tuh salah satu cara gua survive di kehidupan dewasa,Pertolongan Segera,0.3824798016762061,0.3520964067993742,"['Indikasi Krisis', 'Tekanan Emosional']",R1: Indikasi Krisis terdeteksi
2047691873998065728,Saabbiin,Beberapa hari ini burnout banget tp happy lagi liat mbi senyum 🥹💗 https://t.co/v3DVDRlJmW,Curhat Ringan,0.3799835429822683,0.3510381922577367,"['Gangguan Fungsi', 'Tekanan Emosional']",Tidak ada kombinasi evidence pemicu urgensi
2048573583333675229,siemprerosso,Reminder untuk kita semua dari saya yang depresi (tapi bukan dari putus cinta) dan on/off psikiater 🙏 https://t.co/GJhTcBkp3A,Pertolongan Segera,0.37913505151762555,0.3506778894048749,"['Indikasi Krisis', 'Tekanan Emosional']",R1: Indikasi Krisis terdeteksi
2052393680896745587,jveonghani,"Trauma di rp yg paling parah dulu couplelan sama orang yg dads banyak couple di acc berbeda, terus dia ada drama bundir dan karna akun dia banyak banget gue jadi was was ngeri tiba tiba dia balik lagi ganggu gue lagi.",Pertolongan Segera,0.3791218210121533,0.35067226873202756,['Indikasi Krisis'],R1: Indikasi Krisis terdeteksi
2051479573586751639,Umikomichi,"Seperti biasa, kenapa aku WNI..
Negaranya nggak salah, Gov nya yang nggak waras //depresi. Dahlah, haluin Shinji saja 🏃‍♀️",Curhat Ringan,0.3774283651633176,0.34995220917643927,"['Keputusasaan', 'Tekanan Emosional']",Tidak ada kombinasi evidence pemicu urgensi
2060566780469453088,Lpyney,"– I know sometimes I act rude to everyone but please don't take it to heart, Idk why aku gampang banget marah kalau lagi ada tekanan mental so I prefer to isolate myself from everyone :(
I know it's not an excuse so I want to apologize to everyone 🙏

Thank you, love yall ❤️",Curhat Ringan,0.3765533397068237,0.34957964971210015,['Permintaan Bantuan'],Tidak ada kombinasi evidence pemicu urgensi
2048551359168065862,Embunwardana,"Reminder...
Apa pun,bagai mana pun dan seberat apa pun masalah dan ujian hidupmu.jangn pernh punya niatan untuk Bundir ya",Curhat Ringan,0.3756640806998839,0.34920067859418463,"['Keputusasaan', 'Tekanan Emosional']",Tidak ada kombinasi evidence pemicu urgensi
2057674459553923379,rougenerys,@cloriavey Sebagai orang yang selama sekolah dikucilin dan dianggep 'jackpot' kalo lagi kelompokan hari-hari itu rasanya pengen bundir,Curhat Ringan,0.37528268218657623,0.3490380305232424,"['Gangguan Fungsi', 'Tekanan Emosional']",Tidak ada kombinasi evidence pemicu urgensi
2057645634933719094,icykids,"Tiap hari ngomongin urusan rumah makin pengen bundir 🥰 
Mantap",Curhat Ringan,0.37491722953848855,0.3488821206670819,"['Gangguan Fungsi', 'Tekanan Emosional']",Tidak ada kombinasi evidence pemicu urgensi
2048002834072010922,fleurdaissy,hi mantimun!! sobat gapku tentunya😆 mohon doanyaa yaaaa huhu *TYSM for my folls ga kebayangg kalo misalnya aku selama gap gak bikin akun inii.. udh burnout parah kayaknya sampe h-1 ILY SOMUCH ALL… wish us LUCKKK!! 😆💞😘💓🥹💖 **muach https://t.co/PEIbtsM7xt,Curhat Ringan,0.3737316507404801,0.3483759076306314,['Tekanan Emosional'],Tidak ada kombinasi evidence pemicu urgensi
2053109786569474504,sagwajixx,WAKAKAKAKKAA GAJADI DEPRESI GAK JADI WAKAKAKAKAKAKKAKAKAKAKAKAKAM  #PerfectCrownEp10,Pertolongan Segera,0.3734940514408095,0.34827438087174384,"['Keputusasaan', 'Gangguan Fungsi', 'Tekanan Emosional', 'Permintaan Bantuan']",R2: Keputusasaan + Gangguan Fungsi
2058704995399397645,miyanoslut,"Naruto, alasan biar ga depresi + menjalani hidup dengan penuh semangat wkwkwk",Curhat Ringan,0.37321561304165884,0.34815537026434235,"['Keputusasaan', 'Tekanan Emosional']",Tidak ada kombinasi evidence pemicu urgensi
2052076881789489545,majoeviane,"@sbmptnfess simplenya hidup itu ga berputar di lu aja
yang takut gagal snbt bukan lu doang
dikira yang lain kaga capek mental, ga capek fisik gitu 
cuma yang lain pemikiran lebih dewasa, pake logika, dan tau ga kalo bundir itu cuma caper, cuma nyebarin energi negatif ke orang orang",Curhat Ringan,0.3711994558834348,0.3472925428639759,['Tekanan Emosional'],Tidak ada kombinasi evidence pemicu urgensi
2048396169110565158,Ginevratruelove,"YA KANN? BAYANGIN LU LAGI DI TITIK AKHIR LU KARENA MENTAL MEMBURUK, ECONOMY NGE CRASH, KELUARGA GAADA YG PEDULI, BENER2 HILANG ARAH DI HIDUP, DAN ADA YG BILANG: ""fomo pengen bundir ya lu""",Curhat Ringan,0.36971980948848404,0.3466580979751818,"['Keputusasaan', 'Tekanan Emosional']",Tidak ada kombinasi evidence pemicu urgensi
2059554298284085324,tasyaFP,"@qutiews Hahahaha kayaknya karena org depresi pasti udh putus asa sama dirinya sendiri dan sekitarnya sih, pola pikirnya pasti dia dan seluruh dunianya useless. Jadi buat apa harapan krn udh pasti gak akan kejadian.",Curhat Ringan,0.3688416073580302,0.3462810454043475,"['Keputusasaan', 'Tekanan Emosional']",Tidak ada kombinasi evidence pemicu urgensi
2059610446311899410,twelvevin,"@qutiews badan lemes, gadoyan makan

rasanya mau menghindar tapi trus kebayang2 setiap detik, setiap waktu, circle yang juga gabisa nge reach out kita depresi bikin semua makin kacau, karena gada ruang dengar, gada semangat hidup, nyakitin diri sendiri jadi terbiasa nyaman",Pertolongan Segera,0.36664404987011456,0.3453358899463307,"['Keputusasaan', 'Gangguan Fungsi', 'Tekanan Emosional']",R2: Keputusasaan + Gangguan Fungsi
2050959337548640459,tentakular,selasa s nya depresi,Curhat Ringan,0.3660688127533856,0.3450880917635831,"['Keputusasaan', 'Tekanan Emosional']",Tidak ada kombinasi evidence pemicu urgensi
2056852786680095169,yourfavemeat,"Tulisanku berhenti di bab tiga.
Aku ngerasa depresi.
Sakit-sakitan.
Sebulan...ya sebulan lamanya aku sakit-sembuh-sakit-sembuh.
Aku pamitan ke mentorku, bahwa aku gak bakal lanjutin novelnya. Aku terlalu stress untuk itu. Kenangannya menyiksa batin.",Curhat Ringan,0.3657584783315156,0.3449543389407071,['Tekanan Emosional'],Tidak ada kombinasi evidence pemicu urgensi
2052061467017675288,marnitwards,DEPRESI AKU SU DIBUNGKAM MELONG TERUS 😤 appss kicaw malah disuru meneng ki piye ontran ontranane lah om 👋🏻 rehat su https://t.co/01Pw9gGfE6,Curhat Ringan,0.3646296656247505,0.34446741911497986,"['Gangguan Fungsi', 'Tekanan Emosional']",Tidak ada kombinasi evidence pemicu urgensi
2052367435479798065,shyindigoaster,"@anfess_ Generasi ini nonton perjuangan (obsesi) Naruto untuk bawa pulang Sasuke (walau orangnya ga mau dan udah ditolak berkali-kali), secara ga langsung kita ditempa untuk pantang menyerah (sampai ga ada waktu buat stress/depresi) 😬",Curhat Ringan,0.36442493994412967,0.34437904086979954,"['Keputusasaan', 'Tekanan Emosional']",Tidak ada kombinasi evidence pemicu urgensi
2048164878700175521,nova_dharma_pm,"Opini gue sebagai orang yang juga anti dengan orang yang bunuh diri—gue juga menganggap mereka merugikan masyarakat:

Secara material, seandainya kalian dihidupkan menjadi mereka yang bunuh diri—tanpa ingatan diri kalian saat ini, gue yakin 100% kalian juga akan bunuh diri.",Pertolongan Segera,0.36284964627983574,0.34369828890670434,['Indikasi Krisis'],R1: Indikasi Krisis terdeteksi
2059152641360543986,geminietwenty,@acelxcheng maksudnya apa ya? nyuruh hs bundir ?,Curhat Ringan,0.3613122038837322,0.34303266622803424,"['Keputusasaan', 'Tekanan Emosional']",Tidak ada kombinasi evidence pemicu urgensi
2048814234113593773,Beng2cocho,"@hendratno64 @krlmania @InfoKRL @KAI121 Nonton ini bikin ketrigger 😭 goncangannya kayak begitu. udah pernah ngerasain, makanya emosi banget kalau ada yg nrabas palang atau bundir di kereta. Dikira di dalem ga terguncang² terkocok² apa. Kayak gini masih pd ngeyel ""harusnya bisa ngerem"" ngerem palelu",Curhat Ringan,0.36112633479138295,0.342952112718062,['Tekanan Emosional'],Tidak ada kombinasi evidence pemicu urgensi
2058668548344648105,ftourth,MANA YA MEME YG SATU DEPRESI SATU HAPPY ITU https://t.co/VXcI9oZZrc,Pertolongan Segera,0.35897538244967653,0.3420185952475577,"['Keputusasaan', 'Tekanan Emosional', 'Permintaan Bantuan']",R3: Tekanan Emosional + Permintaan Bantuan
2057519921131823284,Spqrxie,"AI ga punya perasaan, ga punya attachment, ga punya otak yang sama kaya yang kita punya 

Kalo sampe ada perasaan kasian atau simpati sama model AI begini mending stop dulu pakenya, takutnya kalian aslinya ga siap
*Keinget kasus bundir gr"" reply chat AI dianggep beneran 😅",Curhat Ringan,0.3588505151161572,0.3419643273859313,"['Keputusasaan', 'Tekanan Emosional']",Tidak ada kombinasi evidence pemicu urgensi
2057783331803271272,buckleybliss,Depresi malah,Curhat Ringan,0.35850198797442745,0.34181281201767194,"['Keputusasaan', 'Tekanan Emosional']",Tidak ada kombinasi evidence pemicu urgensi
2050516989857456146,hulskywalker,"Little did people know that aku penyintas gangguan depresi, ga semua hrs dipertontonkan ke dunia kan ya, tapi kadang aku mau satu dunia tau klo aku suffered mwehe tapi skrg cukup liatin yg happy happy aja meskipun ak tau ada potensi bakal relapse lagi di keadaan manapun",Pertolongan Segera,0.3582270420086771,0.3416932387785478,"['Indikasi Krisis', 'Tekanan Emosional']",R1: Indikasi Krisis terdeteksi
2050372010132516984,sofyatw,"@sukamendoanm dia sebenernya gamau bundir, (mungkin caper aja) nah mangkanya pas mau ditolongin dia gamau (mau ada drama dulu) sampe akhirnya posisi ga bagus eh jatoh dan TERIAK. kalo emg niatnya mau bundir kalo jatoh gamungin teriak (karna teriak itu respon tubuh yg takut)",Curhat Ringan,0.35816932106767335,0.34166813095410664,['Permintaan Bantuan'],Tidak ada kombinasi evidence pemicu urgensi
2054201860685468152,apatheianism,"@Roh_hutann @nyarianaksaya Dulu aku press malah develop jadi depresi bertahun-tahun, daripada hidup dengan ekspektasi orang lain dan merugikan diri sendiri mending cut off orang-orang yang gak bisa nerima",Pertolongan Segera,0.3580703472937956,0.3416250745455424,"['Indikasi Krisis', 'Tekanan Emosional']",R1: Indikasi Krisis terdeteksi
2048786886962139420,becyolate,@pongkisweeby @txtdrbekasi itu nerobos mogok atau niat bundir sih gilaa,Curhat Ringan,0.3553535445897381,0.34044111587784504,"['Keputusasaan', 'Tekanan Emosional']",Tidak ada kombinasi evidence pemicu urgensi
2059937718269063394,parknohsam,"wkt abis layoff ak depresi berat, salah satu yg bikin tambah stress adalah gk ada job yg bener-bener aku mau/cocok di aku, ak ngerasa bersalah bgt.

tp psikiater ak blg ""trs kl km kerja yg gak km suka, apa km jd hepi? apa depresi km bakal berkurang? malah bs jd nambah kan""",Curhat Ringan,0.3552984605795699,0.34041706901608093,['Tekanan Emosional'],Tidak ada kombinasi evidence pemicu urgensi
2048154610502938844,Frankenwenie,"@sevengolae Kalau gak di blockir, yang ada kamu suruh bundir lagi kak. Eh?",Curhat Ringan,0.35492758383185785,0.3402551195838235,"['Keputusasaan', 'Tekanan Emosional']",Tidak ada kombinasi evidence pemicu urgensi
2057137617553219687,renzxyaa,curiga depresi berat lagi wkwk https://t.co/xML802rtYZ,Curhat Ringan,0.35414112742728315,0.33991144823305536,"['Keputusasaan', 'Tekanan Emosional']",Tidak ada kombinasi evidence pemicu urgensi
2052069351168291311,tobio_hun,@koushiespede Si adek lg depresi jangan diganggu 😭,Curhat Ringan,0.35300819270347605,0.3394157633636937,"['Keputusasaan', 'Tekanan Emosional']",Tidak ada kombinasi evidence pemicu urgensi
2053564767264997629,panTelocvikar,"@AemiliusPaullus Bavím se moc. Kdo nikdy nepřemohl depresi tím, že si šel zaběhat, ať hodí kamenem. :D :D",Curhat Ringan,0.35228079543840934,0.339097129576134,"['Keputusasaan', 'Tekanan Emosional']",Tidak ada kombinasi evidence pemicu urgensi
2059865803365957690,nikitomi,"Marathon Stories: berjuang melunasi pinjaman online (pinjol) - eps 2

lalu apa yang membuat aku masih hidup sampai memberanikan buka aib sendiri seperti ini?

mosok sih sampek kepikiran bundir?
keluargaku ada, kalau sampai melukai tubuh sendiri mosok iya ga berujung bundir?",Pertolongan Segera,0.35215653780352246,0.3390426689928228,['Indikasi Krisis'],R1: Indikasi Krisis terdeteksi
2053305654375510398,Saltojempalikan,"@Mangga1111 Ga worth it bang, kenapa bundir padahal enakan jomblo bisa liat ufc minggu pagi ga perlu cari side job di waktu senggang, seperti kata koes plus Hati senang walaupun tak punya uang😅",Pertolongan Segera,0.35181264736153006,0.3388919003082044,"['Keputusasaan', 'Gangguan Fungsi', 'Tekanan Emosional']",R2: Keputusasaan + Gangguan Fungsi
2053084224991945008,mainraketp,main biar gak bundir https://t.co/d9oJVtFttL,Curhat Ringan,0.35169621899226716,0.3388408404408079,['Permintaan Bantuan'],Tidak ada kombinasi evidence pemicu urgensi
2052443145661800493,collegemfs,[cm] ges ku anak dkv dan bab 4 isinya bikin perancangan semua tapi sender burnout banget dan ga yakin bakal bisa kelar semua dalam waktu setengah bulan... ku takut banget ngulang semester karena semuanya berasa kek ga kesempet bikin :'),Curhat Ringan,0.3500196059967587,0.3381046970685323,"['Gangguan Fungsi', 'Tekanan Emosional']",Tidak ada kombinasi evidence pemicu urgensi
2057653934664425493,cryptogem1000,@Sai_XMarkets Kurang depresi ka😂,Pertolongan Segera,0.34982656284199976,0.33801983432336286,"['Keputusasaan', 'Gangguan Fungsi', 'Tekanan Emosional']",R2: Keputusasaan + Gangguan Fungsi
2050944342584446985,MichaelPostulka,"Pamatuji si jako by to bylo včera, že své tehdejší přítelkyni jsem říkal, když jsem byl hoooodně v depresi, že to jediné co chci dělat je číst a běhat. Jako, to není zas tak moc, ne? 
A můj život teď je, že buď čtu, píšu anebo cvičím. No, občas skočím na nějaký 🧨  granát💣 , https://t.co/vwNOcrdO5a",Pertolongan Segera,0.34873339054965086,0.33753886096405267,"['Keputusasaan', 'Gangguan Fungsi', 'Tekanan Emosional']",R2: Keputusasaan + Gangguan Fungsi
2053750218483806412,love_soul87,"😱 Kesebut kata putus kah? atau bilang gak cinta, atau gimana? Gas langsung aja, siap merayakan🥳 biar si F menghilang dari radar lingkungan toxic itu, sejalan juga sama omongan Pak Hari. GAK SABAR💃",Curhat Ringan,0.3482503646293883,0.33732611663413775,"['Keputusasaan', 'Tekanan Emosional']",Tidak ada kombinasi evidence pemicu urgensi
2052742661308834165,hazeldusk,"gw akan selalu membanggakan seluruh momen confession karakter2 gw aliassss DESPERATE TIME DESPERATE MEASURE. brilek pas lg deeptalk yg besoknya mau perang, jesslucy pas lucy mau bundir, sergio nanti lihat sendiri dah aoewfoakfekawokefoawkoefkaoewkf",Curhat Ringan,0.34793256983687215,0.3371860719088352,"['Keputusasaan', 'Permintaan Bantuan']",Tidak ada kombinasi evidence pemicu urgensi
2053447291189743865,Cygta_12,"@Ccookk_ Pelajaran buat cowo lain kalau mau judol, ngekuin hal bodoh, kalau mau bundir gausah ngerepotin org. Pede banget ngataim si cewe padahak yg salah cowonya njir",Curhat Ringan,0.34782836319727484,0.33714013749902905,[],Tidak ada kombinasi evidence pemicu urgensi
2051280246838821169,killuakbar,"@theultramilkkk gaji gede lingkungan toxic, karena di tempat kerja gw ga mencari kebahagiaan tapi emang mau berjuang berdarah2 aja.. toh kita punya tempat lain untuk bahagia kan?",Pertolongan Segera,0.34774183622995564,0.3371019914294734,"['Indikasi Krisis', 'Keputusasaan']",R1: Indikasi Krisis terdeteksi
2048014285830586488,KasanBaret,@garismerah_id Semoga tidak ada lagi anak2 yg bundir di sini dan di manapun. Ayo jangan putus asa. Buat akun X. Banyak yg bersedia dengarkan keluhanmu.,Curhat Ringan,0.34750031288800537,0.3369954905726693,['Keputusasaan'],Tidak ada kombinasi evidence pemicu urgensi
2058602534181490891,timiro_hamtaro,Kalo malem kek orang depresi,Curhat Ringan,0.3470582546201132,0.336800473205971,"['Keputusasaan', 'Tekanan Emosional']",Tidak ada kombinasi evidence pemicu urgensi
2051623997302067348,rideordiees,@ipb_menfess ada yg mau bundir,Curhat Ringan,0.34651233170292023,0.33655947446823115,['Tekanan Emosional'],Tidak ada kombinasi evidence pemicu urgensi
2048723694743323055,Ay_ri_ni,"@xpeacessea Gue dulu cuma karena ice cream, kalo gue mati sekarang (bundir) gue gak akan bisa nikmatin ice cream fav gue tiap Minggu lagi. Beberapa waktu berlalu, gue malah nganggur 🤣gak bisa nikmatin ice cream tiap Minggu, tapi Nemu vitamin berwujud manusia yang bener-bener bikin semangat.",Pertolongan Segera,0.3456194540913891,0.33616492694074457,"['Indikasi Krisis', 'Gangguan Fungsi']",R1: Indikasi Krisis terdeteksi
2058008260381401544,Rizlamichi,"@LananKsndr2 Iya2 hama, udah depresi belum hari ini?",Pertolongan Segera,0.34401170082474924,0.3354532718658447,"['Keputusasaan', 'Gangguan Fungsi', 'Tekanan Emosional']",R2: Keputusasaan + Gangguan Fungsi
2048244734125355374,ardisatriawan,"Poin no 3, yang termasuk hilang akal itu Allah yang tau. Apakah seseorang itu termasuk depresi/odgj yang dimaksud hilang akal.
Maksud saya disini, bukan ranah kita untuk menghakimi mereka.
Tapi bagaimana kita bisa mencegah itu terjadi dengan memberi support atau pertolongan bagi",Curhat Ringan,0.3438007435620667,0.3353597768328407,['Permintaan Bantuan'],Tidak ada kombinasi evidence pemicu urgensi
2050947407744250353,cintamwu,"@tanyakanrl Engga. Tapi gayakin buat bundir. Lebih banyak rugi dripada untung. Jdi nunggu aja, org ga kerasa guys. Kalo bundir dosanya gak karuan. Nikmatin aja sambil baca novel ❤️",Curhat Ringan,0.34328073250317737,0.33512919418739556,['Tekanan Emosional'],Tidak ada kombinasi evidence pemicu urgensi
2048710871078359392,cubitski,"tatapan:

jujur sebenarnya masih mager kerja, tapi cubitski udah depresi nunggunya https://t.co/WaHxa9dvbE",Pertolongan Segera,0.34326463041987965,0.3351220515641299,"['Keputusasaan', 'Gangguan Fungsi', 'Tekanan Emosional']",R2: Keputusasaan + Gangguan Fungsi
2052334367717126261,baefourhyun,gilakkkk pasti si nnk jella depresi liat beginian,Curhat Ringan,0.34218939854527675,0.3346447330532652,"['Keputusasaan', 'Tekanan Emosional']",Tidak ada kombinasi evidence pemicu urgensi
2054997082784911598,natahandsome,"Stress gw liat kelakuan si kala. Baru dibilang beban aja udh sampe depresi begitu, gimana asa yg dari kecil udh dilimpahin tanggung jawab pdhl mereka kembar, selalu disalahin semua org, dibentak+ditonjok+ditendang adiknya sendiri. Gw klo jd asa mah udh depresi dari kecil😭😭",Pertolongan Segera,0.34194448725454346,0.3345359112277176,"['Indikasi Krisis', 'Tekanan Emosional']",R1: Indikasi Krisis terdeteksi
2051624386709672017,smokeatcity,gua nulis fanfict homo sebagai pelarian biar ga bundir karena dientot brutal kehidupan,Pertolongan Segera,0.3417977252601185,0.33447068229769217,['Indikasi Krisis'],R1: Indikasi Krisis terdeteksi
2057797420118057349,AafifAzhar70,@barcastuff_idn Mending suruh latih ipul aja. Kasian liat jurgentot depresi wkwkwk @thejurgenholic,Pertolongan Segera,0.34164717166315434,0.33440375418374035,"['Keputusasaan', 'Gangguan Fungsi', 'Tekanan Emosional']",R2: Keputusasaan + Gangguan Fungsi
2048000122450260182,gIikowings,"depresi, berantakan bgtt",Curhat Ringan,0.341024301315466,0.3341267081824216,"['Keputusasaan', 'Tekanan Emosional']",Tidak ada kombinasi evidence pemicu urgensi
2058845274228011151,purplequeeeer__,So i can't say depresi and suicide anymore??? Gw upload gini doang jir?? https://t.co/D9YL6r8Mui,Pertolongan Segera,0.340957838034432,0.3340971316352035,"['Indikasi Krisis', 'Tekanan Emosional']",R1: Indikasi Krisis terdeteksi
2048270472371180006,siiemak,"Hai, dr aku yg pernah depresi &amp; sempat pengen mati..
Gak semua orang depresi itu bisa mikir &amp; menyadari risiko2 yg ada. Bisa jd cm mikir udah kepepet, bingung, dan ngrasa gak ada yg peduli. ...",Pertolongan Segera,0.3406903059440751,0.3339780501343987,"['Indikasi Krisis', 'Tekanan Emosional']",R1: Indikasi Krisis terdeteksi
2049340232949203166,anakayahg,"@sbyfess Nggak nggak nder, kalau kamu minta putus aja dia ngancem mau bundir, gimana nantinya waktu kamu nikah bareng dia? please run as fast as you can, terlebih setelah gua baca riwayat judolnya itu 🤗🤗",Curhat Ringan,0.33921524371011874,0.3333206689718998,['Permintaan Bantuan'],Tidak ada kombinasi evidence pemicu urgensi
2048783325167555009,plagueangel_,"Bedain cape tapi masih bisa ketolong karna otakmu sehat, sama stress kronis alias depresi yg otaknya tu udah beda sama elu yg normal. Gitu aja ga ngerti. Capek mah sama capek.",Pertolongan Segera,0.33910292157373434,0.33327055428967334,"['Gangguan Fungsi', 'Tekanan Emosional', 'Permintaan Bantuan']",R3: Tekanan Emosional + Permintaan Bantuan
2050161086343819544,lovelydoor__,@baseconvo Kalo ini anggurnya tipe yang bikin mabuk pusing depresi hilang arah gerd gak kenal aku siapa ini dimana aku harus ngapain ya ini aduh pusing mau beli truk,Curhat Ringan,0.3388758482474133,0.3331692164594477,[],Tidak ada kombinasi evidence pemicu urgensi
2048375682393141374,mingipvnk,Udah gue bilang orang Indo mah empatinya selalu ke orang yang salah… Kerjaannya ngehujat post bundir dan orang miskin tapi penjahat ham gemoy joget2 dan orang kaya money launderer dijunjung mulu,Pertolongan Segera,0.3387155831001214,0.3330976737268044,['Indikasi Krisis'],R1: Indikasi Krisis terdeteksi
2058176588311920918,AlnissaStore,"@perogeremmer Sy pikir puncak kesedihan hidup itu depresi sedang menuju berat krn disakitin sama mantan, tapi ternyata diputus kerjaan karena lampiran surat kesehatan dr psikiatri itu lebih sedih lagi.",Pertolongan Segera,0.33826662896618404,0.33289717155875587,"['Indikasi Krisis', 'Tekanan Emosional']",R1: Indikasi Krisis terdeteksi
2053070577758585267,yfs199,"@bardanslm Laki laki tdk bercerita tau tau bundir,dlu aku yg stres mikirin gimana caranya bisa cukup dr duit bulanan 2 jt dipake bayar2 sisa 400 buat makan sebulan 😭 ngeluh ke suami malah berantem,ngadu ke mertua malah dibilang boros",Curhat Ringan,0.33752846330106606,0.3325672248999278,['Gangguan Fungsi'],Tidak ada kombinasi evidence pemicu urgensi
2056167179826122968,biduanssa,@AyanggaHK @NgunzRR iku lo batu-mojokerto. jmbatan yg kmren viral krna bnyk yg bundir,Curhat Ringan,0.33650665461219725,0.33210991006908996,['Tekanan Emosional'],Tidak ada kombinasi evidence pemicu urgensi
2052088040580088204,neveah_zephyr,"Saat pengen nangis tapi gak mau nangisin hidup sendiri karna takut depresi, solusinya nonton drama sedih. Pasti langsung banjir air mata. 
Org bilang ngapain nangis... gak guna.
Tapi seriusan habis nangis biasanya perasaan sdkit lega.",Curhat Ringan,0.33632066541596484,0.33202659632220416,['Tekanan Emosional'],Tidak ada kombinasi evidence pemicu urgensi
2051902258426884388,vousmewony,"“pertemanan yg buruk merubah kebiasaan yg baik”

dulu waktu kuliah, aku pernah masuk ke lingkungan toxic yg dikit” julid, selalu ngomong kasar, tiap ngumpul ngomongin orang mulu. awalnya ngerasa kalo aku gak akan ngikut arus, sampe temenku notis kalo aku banyak berubah tanpa aku",Tidak Relevan,0.33625119028541484,0.3319954691511212,[],R0: Tidak ada sinyal kesehatan mental (anchor & evidence kosong)
2050205856881660202,nananinuninaaa,gue ga depresi or anxiety tapi kalau tidur emang harus ada suara biar ga ngingnginggg😌,Curhat Ringan,0.3361811216503791,0.33196407285603613,"['Gangguan Fungsi', 'Tekanan Emosional']",Tidak ada kombinasi evidence pemicu urgensi
2059565984625934691,sambatt22,"depresi my ass
Baekhyun depresi itu mimpi basah exol padahal dia lagi hidup damai damai aja 😭😭
Naikin hastag sana dari pada ribut disini 
#treatbetter Cheatyeol",Curhat Ringan,0.3357116293041393,0.33175361969254236,"['Keputusasaan', 'Tekanan Emosional']",Tidak ada kombinasi evidence pemicu urgensi
2047625628023927160,AngkasaDen92411,"Seberat apapun masalahnya

Bundir bukanlah penyelesaiannya

Kalau ada masalah bisa cerita ke orang terdekatnya atau ke psikiater ataupun beribadah

Sayangi hidupmu kawan

Hidup cuman sekali

Jangan disia siakan begitu saja",Curhat Ringan,0.3346021390769227,0.33125570326140436,['Keputusasaan'],Tidak ada kombinasi evidence pemicu urgensi
2047589314457190863,SnaiperMask,"Fomo matamu 🤣, bundir di canggar udah biasa dan banyak, akhir ini aja kalian monetize hal ini dan jadi pemberitaan cuit kalian 🤣",Curhat Ringan,0.33099005182545516,0.3296289389783686,['Tekanan Emosional'],Tidak ada kombinasi evidence pemicu urgensi
2049465019054928165,uzy__,"Orang yg depresi, pengen bunuh diri tapi chronically main X itu ga layak dikasihani sih. Emang tolol aja
#sikap",Curhat Ringan,0.3307463691720341,0.3295188717769854,['Tekanan Emosional'],Tidak ada kombinasi evidence pemicu urgensi
2056042847380599157,Xybee28,"@NavriW @AloisaArbeiter UAS bang, tekanan mental nih https://t.co/DWRKhaGKCM",Curhat Ringan,0.3302459347817617,0.3292927055647879,"['Keputusasaan', 'Tekanan Emosional']",Tidak ada kombinasi evidence pemicu urgensi
2058657839951044904,SnaiperMask,"Cari aja soal begal Marcel Surabaya yang ditembak mati 😂, itu temen aku SD dan ibunya langsung depresi lalu ikutan mati 2 bulan kemudian karena sakit efek depresi ditinggal si anak",Pertolongan Segera,0.3293761188592448,0.32889918712052435,"['Indikasi Krisis', 'Tekanan Emosional']",R1: Indikasi Krisis terdeteksi
2056265279806861610,muvluvist,tiba2 keinget waktu ada yang bundir di stasiun gondangdia(?),Curhat Ringan,0.3293264331811241,0.3288766925985163,['Tekanan Emosional'],Tidak ada kombinasi evidence pemicu urgensi
2049440706230727130,U_dangkeju,"Ya emg jir, malah gw mempertanyakan klo misal bundir masuk neraka bukannya g adil? Bukannya dari awal kematian (kapan, dimana, penyebabnya) itu udh ada di lauh mahfuz jd kek dari awal kita emg dah ditakdirin masuk neraka dong klo gitu? +",Pertolongan Segera,0.3290073662871427,0.3287321981607062,['Indikasi Krisis'],R1: Indikasi Krisis terdeteksi
2051264724936077572,Nebulavexion,"@SoloMenfess Kalo msh mode basic : menjalanin hidup nggak tau kpn lulusnya gk ada pikiran bundir , itu adalah sbh achievement",Curhat Ringan,0.32857283804411247,0.32853530031262024,['Keputusasaan'],Tidak ada kombinasi evidence pemicu urgensi
2053344583858491627,lukasyakobus,"@Mangga1111 Bro masih banyak memek diluar sana ngapain bundir, cari lagi pasti dapett apalagi cuma modelan begitu dipasar juga banyakk, intinya jadi cowo harus bisa bodoamat, kalo lu ga mau sm gw yaa bodoamat gw cari yg lain, gampang kan?? Gampang bgt, intinya jangan terlalu cinta",Curhat Ringan,0.3282977865171604,0.32841059746164264,[],Tidak ada kombinasi evidence pemicu urgensi
2050214099313955230,mimicilok,@lesserapphic YAALLAH TIAP HARI FAVESNYA DIBULLY KETAMBAHAN BAPAK DIE AHMAD DHANI APA GK DEPRESI,Pertolongan Segera,0.32816002117731813,0.3283481173443072,"['Keputusasaan', 'Gangguan Fungsi', 'Tekanan Emosional']",R2: Keputusasaan + Gangguan Fungsi
2059227559146197449,hanipridhos,@_linnamon_ pantes pada bundir ga bisa santai orang sana,Curhat Ringan,0.32785367188742476,0.32820913195610046,['Tekanan Emosional'],Tidak ada kombinasi evidence pemicu urgensi
2049228458803491160,PutriNovela9,@bennysiauw89 gua ragu org sok agamis paham kata2 ini . miris bgt pdhl dlu suka sma himbauan dia soal mitigasi. apa kita blok aja sma2 apa lg penyitas . ini rawan bkin depresi meningkat baca tlisan dia.,Pertolongan Segera,0.32763167928502435,0.3281083761742621,['Indikasi Krisis'],R1: Indikasi Krisis terdeteksi
2052228471733297568,pinkapinkuy,"@tanyakanrl akulah korban pesantren itu 🫰🏻👆🏻 nyampe berkali-kali nyoba buat bundir karena ga sanggup, tapi alhamdulillah deh sekarang udah membaikk soalnya pas lulus langsung cut off semua hal tentang pesantren, meskipun masi suka gemeteran kalo keinget 😭👆🏻",Curhat Ringan,0.3267764616628605,0.3277198907100793,"['Keputusasaan', 'Tekanan Emosional']",Tidak ada kombinasi evidence pemicu urgensi
2058779895627653270,Leankalynson,"@writtenbyalee Le ini masih bisa kita omongin baik baik, plis jangan gegabah *memohon dengan depresi",Curhat Ringan,0.3266264211179282,0.32765168041893933,"['Keputusasaan', 'Tekanan Emosional']",Tidak ada kombinasi evidence pemicu urgensi
2048723966756630874,tartapplesauce,"nah gini loh, depresi gak melulu soal sedih dan menyakiti diri sendiri, gak mau mengurus diri sendiri pun bisa jadi gejala depresi. apalagi dibilang ortunya udh meninggal 22nya itu punya masa lalu yang belum selesai.",Curhat Ringan,0.32649592975969044,0.32759234431115064,['Tekanan Emosional'],Tidak ada kombinasi evidence pemicu urgensi
2059585058844160054,g0ruyeon,"lo stress doang jir, nih yg rakyat biasa udah mau bundir rasanya.",Curhat Ringan,0.3239237288681069,0.32642021865555737,['Tekanan Emosional'],Tidak ada kombinasi evidence pemicu urgensi
2053454609499455653,pillowycheeks,ah tau lah gais lagi capek CAPEK bgt sama disabilitas tak tampak yg namanya adhd dan depresi ini sumpah knp yg ga ngalamin tuh malah banyak bacotttttttt bgt kekeuh kita ga punya disabilitas apa2 seakan masalah kita bisa selesai kalo kita lebih keras berusaha dan dekat sama tuhan.,Curhat Ringan,0.32332662369676957,0.3261474332123092,"['Gangguan Fungsi', 'Tekanan Emosional']",Tidak ada kombinasi evidence pemicu urgensi
2054568348495773855,cupicupitron,@mutiakumiko @speedingjunkie Halal dibully sampe bundir sih ini. Biarin ngurangin sampah,Curhat Ringan,0.3225366007037854,0.32578610922351026,['Keputusasaan'],Tidak ada kombinasi evidence pemicu urgensi
2057371757972177141,leny_drr,@rizz_ry Dek yas di series ini wah gila bikin ikut depresi 😫,Curhat Ringan,0.3205825652535812,0.32489041397065826,['Tekanan Emosional'],Tidak ada kombinasi evidence pemicu urgensi
2052402334769307684,forhanjsg,apasih orang lagi having fun joget kok dibilang depresi. gak pernah me time ya lu,Curhat Ringan,0.3203872639141224,0.3248007333639897,"['Gangguan Fungsi', 'Tekanan Emosional']",Tidak ada kombinasi evidence pemicu urgensi
2053090684077572406,xendless_s,"Innalillahi wa innailaihi rojiun, maaf sebelumnya yakk, ini real gak sihh?? gak ekspek aja bundir di rolling door?? 🤨 https://t.co/XNkxqk6Cnj",Curhat Ringan,0.3203371777212416,0.32477772958350903,"['Keputusasaan', 'Tekanan Emosional']",Tidak ada kombinasi evidence pemicu urgensi
2048771235178504400,gudetasya,"cherrybellenya bubar, manajemen lamanya bikin girlband baru (guweh), eh ternyata kelakuannya masih sama 😂🤧🙏🏻 bodoamattt mau dibilang ngungkit mulu, i'll hold this grudge for the rest of my life. orang lagi depresi dan desperate2nya ngejer mimpi on stage lagi malah ditipu lol",Curhat Ringan,0.3196537186661823,0.3244636374892611,"['Keputusasaan', 'Tekanan Emosional']",Tidak ada kombinasi evidence pemicu urgensi
2058145748106231984,middnaid,"@odelodely pernah punya temen yg tiba tiba hilang dari peredaran, ternyata selama ini dia lg survive karna depresi, hal yg gua syukuri karna saat itu nanya dia kenapa, manusia emang sekompleks itu",Pertolongan Segera,0.3192887689484941,0.3242957745537614,"['Indikasi Krisis', 'Tekanan Emosional']",R1: Indikasi Krisis terdeteksi
2048812823715971295,shawnturnuss,"hmmmm sebagai survivor depresi n penyakit mental lainnya—gue cukup terbantu kok dgn kalimat ajakan makan enak or jalan2. malah terima kasih banyak karna sudah sangat peduli.

kalau nirempati mah mereka bakal ngatain dan nyepelein. ini kan mksd mereka baik. jgn apa2 di salty in.",Pertolongan Segera,0.31896255073815366,0.32414564038767957,"['Indikasi Krisis', 'Tekanan Emosional']",R1: Indikasi Krisis terdeteksi
2057861165922005220,_arnve,@ziyech1610 @KapudS640 Mau tali ga buat lu bundir,Curhat Ringan,0.3165547956898926,0.32303498730514996,[],Tidak ada kombinasi evidence pemicu urgensi
2048786461114417229,sansan_sane,"Kata gw step pertama biar sembuh dari depresi ya punya keinginan untuk sembuh, caranya sesederhana lu menghargai upaya orang lain buat nolong lu dan stop berpikir dunia ini berputar mengelilingi hidup lu
Be grateful kamu masih punya orang yg peduli sama hidup lu",Pertolongan Segera,0.31623140003636524,0.3228854667959792,['Indikasi Krisis'],R1: Indikasi Krisis terdeteksi
2051256891763052880,ayamrendaang,@usedbynot @TxtdariHI bundir kayanya kak,Curhat Ringan,0.3159538905249167,0.3227570960015962,[],Tidak ada kombinasi evidence pemicu urgensi
2047748022810132939,webfluidrex,"@creepyroom Gue yakin bakal ada korban lagi sihhh, gue jamin 100%. Biar ada temen kumpul arwah gentayangan mereka karena bundir disitu.",Pertolongan Segera,0.3158648741269576,0.3227159058054288,['Indikasi Krisis'],R1: Indikasi Krisis terdeteksi
2057464697658687672,veirzehn,"@ber9itar Setelah org2 ribut, nonggol ke publik bilang ga ada apa2 sampe si cewe di caci maki terus2an eh bundir. Keluar foto2 lain eh si pedo baru conve nangis2 ngakuin pcrn. Bayangin yak jdi ksr di maki2 fans pedo di bilang slut, numpang tenar dll. Dan si pedo hidup nyaman smp skrng",Curhat Ringan,0.31494385504907146,0.3222893586664489,"['Keputusasaan', 'Tekanan Emosional']",Tidak ada kombinasi evidence pemicu urgensi
2056142055680983168,swkhohy,"@701bluejays dlu btul2 g pham dan nganggep idol bundir tuh alay,lebay,g puny pendirian,dan lemah,skrng bru paham sepaham-pahamny",Curhat Ringan,0.31330376595266707,0.3215281186681805,"['Keputusasaan', 'Tekanan Emosional']",Tidak ada kombinasi evidence pemicu urgensi
2060448311304495460,furuyia,salah dik itb isinya burnout gifted children depresi mikirin bisa lulus aja syukur,Curhat Ringan,0.3127242250568646,0.32125861012574397,['Tekanan Emosional'],Tidak ada kombinasi evidence pemicu urgensi
2048734616081866772,leeivy509,"@0xhanyfa Ada benarnya juga...
Tapi satu hal yang mau aku ingetin. 
Jangan menafsirkan orang yang nangis diam-diam itu sebagai depresi. Banyak alasan kenapa orang menangis diam-diam dan itu gak selalu karena sedih atau depresi. 
Sangat bisa jadi itu justru karena bahagia...",Curhat Ringan,0.31221958946690703,0.3210237136392883,['Tekanan Emosional'],Tidak ada kombinasi evidence pemicu urgensi
2056038116277039372,lock_pn70040,"@richardeanzzz Aku malah kepikiran Arata. Pd hal dia yg duluan suka sama Ryu. Sampe percobaan bundir. Tp si Ryu malah nyamperin pas Arata sadar aja. Beda bnget perlakuan dia ma Joha n. Pd hal Ryu dan Arata udah bestie lama kan. Hahaha
Jd kayak kasihan aja, dia ga dikasih kesempatan ma Ryu.",Curhat Ringan,0.31211639827751814,0.3209756549560663,[],Tidak ada kombinasi evidence pemicu urgensi
2055771114115117454,poplasny,"@Bejk_kolenatej @MarieBastlova Dobrá tetka, co? Já z toho měl depresi. Zákonodárkyně. To je v prdeli.",Curhat Ringan,0.31202350856126476,0.3209323864994627,"['Keputusasaan', 'Tekanan Emosional']",Tidak ada kombinasi evidence pemicu urgensi
2050779850278137869,BobFoster_,@Adriandhy Depresi mas.. wajar marah2 terus.. 😂😂😂.. ga usah terlalu dipikirin https://t.co/XJEyavTsTf,Curhat Ringan,0.30948504894360773,0.31974721587065497,"['Gangguan Fungsi', 'Tekanan Emosional']",Tidak ada kombinasi evidence pemicu urgensi
2057034593560334757,minsizk,gw stres butnout trauma dan depresi efek dari hima yang tidak menyejahterakan dan mengakomodasi toksik orang-orangnya kyk monyet,Pertolongan Segera,0.3086371052428978,0.31935013108181237,"['Indikasi Krisis', 'Tekanan Emosional']",R1: Indikasi Krisis terdeteksi
2056027746447540490,lollipo0pcand,"rep bundir? yawis nganah, daripada urip isine gur kesuh kesuh &amp; ngrecoki JossGawin bae. aja digawe abot lah, bundir ya gari bundir, ngapa kudu ngetik kaya kie? apik apa?",Curhat Ringan,0.3079325095104376,0.3190197153524919,[],Tidak ada kombinasi evidence pemicu urgensi
2054060332709294280,faizcazika,https://t.co/VAi9sOZWD7,Curhat Ringan,0.3079132284471936,0.3190106677286553,"['Keputusasaan', 'Permintaan Bantuan']",Tidak ada kombinasi evidence pemicu urgensi
2059633152755441969,gilangrmdhn,https://t.co/0bWhQcHCFX,Curhat Ringan,0.3079132284471936,0.3190106677286553,"['Keputusasaan', 'Permintaan Bantuan']",Tidak ada kombinasi evidence pemicu urgensi
2053710782295314582,syfaeth,https://t.co/La52kRLMKQ,Curhat Ringan,0.3079132284471936,0.3190106677286553,"['Keputusasaan', 'Permintaan Bantuan']",Tidak ada kombinasi evidence pemicu urgensi
2058451290322272676,mrtweepsID,https://t.co/WcxygNCcSJ,Curhat Ringan,0.3079132284471936,0.3190106677286553,"['Keputusasaan', 'Permintaan Bantuan']",Tidak ada kombinasi evidence pemicu urgensi
2053811981635690715,SistersInDanger,https://t.co/FEmj90VMJE,Curhat Ringan,0.3079132284471936,0.3190106677286553,"['Keputusasaan', 'Permintaan Bantuan']",Tidak ada kombinasi evidence pemicu urgensi
2053682360130863324,myshawti,https://t.co/stoAhkOR7D,Curhat Ringan,0.3079132284471936,0.3190106677286553,"['Keputusasaan', 'Permintaan Bantuan']",Tidak ada kombinasi evidence pemicu urgensi
2053665263762235855,GKuswaya,https://t.co/b9lUZp2zCC,Curhat Ringan,0.3079132284471936,0.3190106677286553,"['Keputusasaan', 'Permintaan Bantuan']",Tidak ada kombinasi evidence pemicu urgensi
2050460520453747149,alfinrizalisme,https://t.co/dg9fXHzlIq,Curhat Ringan,0.3079132284471936,0.3190106677286553,"['Keputusasaan', 'Permintaan Bantuan']",Tidak ada kombinasi evidence pemicu urgensi
2058669657222263101,PutriKariimah,https://t.co/QFom2xZAi0,Curhat Ringan,0.3079132284471936,0.3190106677286553,"['Keputusasaan', 'Permintaan Bantuan']",Tidak ada kombinasi evidence pemicu urgensi
2052736865762226323,txtdarigajelas,https://t.co/dGN7vOTZXe,Curhat Ringan,0.3079132284471936,0.3190106677286553,"['Keputusasaan', 'Permintaan Bantuan']",Tidak ada kombinasi evidence pemicu urgensi
2052406167012515865,myshawti,https://t.co/FuJKuWYsgP,Curhat Ringan,0.3079132284471936,0.3190106677286553,"['Keputusasaan', 'Permintaan Bantuan']",Tidak ada kombinasi evidence pemicu urgensi
2060434646090043750,jejakrasa27,https://t.co/HJjuEzKxCm,Curhat Ringan,0.3079131707112462,0.3190106406356349,"['Keputusasaan', 'Permintaan Bantuan']",Tidak ada kombinasi evidence pemicu urgensi
2054553248564994233,arbu_ink,https://t.co/vFld1KyxXe,Curhat Ringan,0.3079131707112462,0.3190106406356349,"['Keputusasaan', 'Permintaan Bantuan']",Tidak ada kombinasi evidence pemicu urgensi
2048145829287141416,Xbacottetangga,https://t.co/NnHUzMRC9b,Curhat Ringan,0.3079131707112462,0.3190106406356349,"['Keputusasaan', 'Permintaan Bantuan']",Tidak ada kombinasi evidence pemicu urgensi
2048336172708176078,whereaiko,https://t.co/aBD7RNlNGw,Curhat Ringan,0.3079131707112462,0.3190106406356349,"['Keputusasaan', 'Permintaan Bantuan']",Tidak ada kombinasi evidence pemicu urgensi
2050959933567574480,myshawti,https://t.co/r5L6ig6In5,Curhat Ringan,0.3079131707112462,0.3190106406356349,"['Keputusasaan', 'Permintaan Bantuan']",Tidak ada kombinasi evidence pemicu urgensi
2050963040821199169,Minal_Fajri10,https://t.co/t9Xou0EmNb,Curhat Ringan,0.3079131707112462,0.3190106406356349,"['Keputusasaan', 'Permintaan Bantuan']",Tidak ada kombinasi evidence pemicu urgensi
2051224335281725938,Kemangilly,https://t.co/oq1mXvHQZQ,Curhat Ringan,0.3079131707112462,0.3190106406356349,"['Keputusasaan', 'Permintaan Bantuan']",Tidak ada kombinasi evidence pemicu urgensi
2049372779867455574,whereaiko,https://t.co/Bwn30PokDR,Curhat Ringan,0.3079131707112462,0.3190106406356349,"['Keputusasaan', 'Permintaan Bantuan']",Tidak ada kombinasi evidence pemicu urgensi
2049099659444879373,_katakita08,https://t.co/M8qAjxpK9o,Curhat Ringan,0.3079131707112462,0.3190106406356349,"['Keputusasaan', 'Permintaan Bantuan']",Tidak ada kombinasi evidence pemicu urgensi
2053352817201696922,syfaeth,https://t.co/H6crPLdx3l,Curhat Ringan,0.3079131707112462,0.3190106406356349,"['Keputusasaan', 'Permintaan Bantuan']",Tidak ada kombinasi evidence pemicu urgensi
2048613540567945274,myshawti,https://t.co/hrBMG3LhAT,Curhat Ringan,0.3079131707112462,0.3190106406356349,"['Keputusasaan', 'Permintaan Bantuan']",Tidak ada kombinasi evidence pemicu urgensi
2053412268935901635,dioputraaaa,https://t.co/dtZwqxW3Th,Curhat Ringan,0.3079131707112462,0.3190106406356349,"['Keputusasaan', 'Permintaan Bantuan']",Tidak ada kombinasi evidence pemicu urgensi
2053412027562106991,KapudS640,"Aku adalah tetangga yg resek ..aku tinggal di perumahan subsidi.. Sebelah rumahku sepasang kakek nenek tinggal cm berdua, anaknya merantau semua. Klo aku ga denger suara2 dr rmhnya, sunyi dalam 2 harian pasti aku chat, ibuuu.. ibu ada dirumah? Ibu sehat? 

Depan sebrang rumah ku",Tidak Relevan,0.3073382574780793,0.31874071829246753,[],R0: Tidak ada sinyal kesehatan mental (anchor & evidence kosong)
2048260229004197997,kitaylovely,"Hduh bisanya cuma ngancem bundir. Kalo berani beneran, bundir aja sekalian lo kocak biar digilis iblis2 di neraka",Curhat Ringan,0.3070601349703876,0.3186100387212002,['Tekanan Emosional'],Tidak ada kombinasi evidence pemicu urgensi
2059499397294313949,stellangious,"@inipaprika @geminorhs Lo jangan sampai didoakan kena depresi karena gak sadar ditekan mulu di dunia kerja, ya. Orang kayak lo ini harus merasakan sendiri gimana burnout berkepanjangan kerja di tempat toxic sampai akhirnya mental lo rusak.",Curhat Ringan,0.30682723777316384,0.31850055815144024,"['Gangguan Fungsi', 'Tekanan Emosional']",Tidak ada kombinasi evidence pemicu urgensi
2058182554570875304,ponitenggelam,"Malam ini, disuruh makan enak sama sobatku karena aku lagi burnout parah. Jadi pesenlah ayam pak gembus cuman dibikin bete gara gara minumannya jatoh sama driver 🙃. Tapi untungnya ditemenin JKT 🥰. Btw lengan yang penuh lemak ini enak dicubit juga ya kalau tampak foto https://t.co/cNLx1r0C3r",Curhat Ringan,0.3060926885739862,0.31815495653585957,['Tekanan Emosional'],Tidak ada kombinasi evidence pemicu urgensi
2050534088872952050,Kaaaanaaa000,"🔍: gapapalah aku mau jadi anak mereka, kaya banget kayaknya
🥃: depresi gpp ya berarti?
🔍: ya gpp kan yang penting kaya

#prinsip 😭😭😭😭",Curhat Ringan,0.305036120881682,0.31765703269929596,[],Tidak ada kombinasi evidence pemicu urgensi
2057988205807644788,Lousweet90,"Wahai dunia, engkau tidak sepantas itu untuk membuat manusia depresi https://t.co/xLMhG2N6fK",Pertolongan Segera,0.30381346774335377,0.3170796289588466,"['Keputusasaan', 'Gangguan Fungsi', 'Tekanan Emosional']",R2: Keputusasaan + Gangguan Fungsi
2053122860890402964,masega122,Ternyata org yang mau bundir itu bukan harus punya masalah dulu yah:),Curhat Ringan,0.3033738109568872,0.3168716791904334,"['Keputusasaan', 'Tekanan Emosional']",Tidak ada kombinasi evidence pemicu urgensi
2058856431261286437,mercurialise,"tinggal di jakarta sangat depressing, sebenernya tinggal dimana aja di indonesia depressing dan org2 jakarta sangat privileged tapi ngeliat macet, gedung2 tinggi, dan cafe baru selalu bertambah tp orang2 yang harus tidur di jalan ga berkurang membuat gue sangat depresi",Curhat Ringan,0.302650370298723,0.31652913400621124,['Tekanan Emosional'],Tidak ada kombinasi evidence pemicu urgensi
2054942224153256301,Haniff_x6,"Dari tadi mau gabuka WA malah dibuka mulu, gw uniinstall aja ya biar ga dibuka mulu nih apk coy.

Cape banyak tekanan mental dan masalah itu aplikasi",Curhat Ringan,0.302215610539223,0.3163230547399232,['Tekanan Emosional'],Tidak ada kombinasi evidence pemicu urgensi
2049230036927144301,JAnwarist,"@adanginyah Obat depresi gw nih LC... 
Pokoknya klo abis therapy sm LC pulang2 seneng aj hawanya kaya beban itu release",Pertolongan Segera,0.30208405222522894,0.31626066204273345,"['Indikasi Krisis', 'Tekanan Emosional']",R1: Indikasi Krisis terdeteksi
2050241011126091872,keyshacutt,Klo soal story mbk mona saya setuju seh. Lingkungan toxic di lokasi tu gak ada lo. Dr awal - skrg  tu aman2 aja.Klo soal alur cerita dr yg tujuannya mengungkap Herlina jd skrg belok dikit itu bnr. Ak mengiyakan. Dn karakter trian mau dibawa kemana aku meng iya kan &amp; tu berasa bgt,Pertolongan Segera,0.30177439378675047,0.31611374291506683,['Indikasi Krisis'],R1: Indikasi Krisis terdeteksi
2054928617814331523,jatinangore,"pengen punya pacar agak ada depresi depresi nya dikit dongg, yang bisa sedih biar tau kalau dunia gak selamanya sunshine and rainbows

/s",Curhat Ringan,0.3012238912109915,0.31585234241052107,['Tekanan Emosional'],Tidak ada kombinasi evidence pemicu urgensi
2053805150024646828,Ditaddicted,"@Dyanasthasia Skrg mikir gini jg.
Kmrn2 hidup bertahun2 gonjang-ganjing, stress, depresi.
Skrg alhamdulillah hidup mulai tenang, nyaman, mulai terima.
Dulu kepengen ini kepengen itu.
Skrg tiap solat berdoa, Ya Allah berikan kenyamanan hidup kpd hamba dan anak2 hamba selamanya dunia akhirat.",Curhat Ringan,0.3000529920611244,0.3152954470027577,"['Keputusasaan', 'Tekanan Emosional']",Tidak ada kombinasi evidence pemicu urgensi
2048810426612519086,bcnism,"Jujur lu udh jahat banget sih ngedoain mereka mati… sejauh gue melihat orang yang depresi, mereka gak bisa sebenarnya terus-terusan dikasih saran, cukup kita kasih kalimat kalau kita mau mendengarkan. terus juga gak ada yang bilang kok kt hrs nyelametin, apalagi bkn profesional",Pertolongan Segera,0.2998662541051988,0.31520651732430316,"['Indikasi Krisis', 'Tekanan Emosional']",R1: Indikasi Krisis terdeteksi
2058094212047085787,NenkMonica,@AntoniusCDN 😀 Kirain Bundir,Curhat Ringan,0.2992418785100272,0.314908942489913,['Tekanan Emosional'],Tidak ada kombinasi evidence pemicu urgensi
2050823271608988018,circleofstarsky,"Dari pria untuk pria

Lbih bagus loe smua mkin bnyak yng bundir HAHAHAHA",Curhat Ringan,0.29913762451392045,0.3148592208371018,[],Tidak ada kombinasi evidence pemicu urgensi
2054039475739922846,Profokiev,Apakah anda depresi? Tidak usah minum sertraline. KAMI RUQYAH DI TEMPAT,Curhat Ringan,0.29828439486576663,0.31445191755439295,"['Gangguan Fungsi', 'Tekanan Emosional']",Tidak ada kombinasi evidence pemicu urgensi
2047691194797539834,sugarchc12,"Tadi pagi aku liat ada kasus bundir anak SD terus yg disalahin game OMORI karena si anak tersebut main gamenya. LAGI-LAGI, indon mau masyarakat kek atau pemerintahan akan selalu nyalahin saja bisanya. Bukan dicari tahu penyebab dan mencegah dari penyebabnya itu. Also stop-",Pertolongan Segera,0.2981342427214459,0.31438017072099633,['Indikasi Krisis'],R1: Indikasi Krisis terdeteksi
2050957820179484778,Limhoodx,"beberapa hari yang lalu  seorang teman mengakhiri hidupnya. suka ngobrol, suka nyanyi"" di tongkrongan dan asik. 
serius, tekerjut dengan kejadian ini mengingat pembawaannya ceria ternyata pengidap depresi. walau begitu, pesan terakhir pun menyurat/nyiratkan kepedulian dan https://t.co/RJw1RzUiPE",Curhat Ringan,0.29797827457795306,0.3143056228305354,['Tekanan Emosional'],Tidak ada kombinasi evidence pemicu urgensi
2053750131351257279,waaaaa_c,"Oh sekarang gue tau kenapa mixxiw sama khaotung gak ditaruh di satu series, bisa depresi saya...",Curhat Ringan,0.29791108791877374,0.31427350279056665,['Tekanan Emosional'],Tidak ada kombinasi evidence pemicu urgensi
2050454489916952946,yuelinada11107,elga depresi https://t.co/g4TGHoeXnn,Curhat Ringan,0.2974625889268192,0.3140589811585166,['Tekanan Emosional'],Tidak ada kombinasi evidence pemicu urgensi
2053616903126655152,InFebriyan128,Tiap hari ada aja berita bundir 😔💔,Curhat Ringan,0.2973656082832329,0.31401256982124215,['Tekanan Emosional'],Tidak ada kombinasi evidence pemicu urgensi
2048720604342387106,gitarlistrik,"@infomitigasi Secara syariat memang salah. Gue jg gak mengglorifikasi bundir. Tp otak orang depresi udah gbsa memproses syariat, they just want to stop the pain. Makanya orang yg mau ngelakuin itu harusnya ditolong (seperti video si masnya) bukannya dibilang ego tinggi",Pertolongan Segera,0.29702435599489957,0.3138491896743124,"['Indikasi Krisis', 'Permintaan Bantuan']",R1: Indikasi Krisis terdeteksi
2050992638275576292,PluviophileMrs,@momwholifts Ini nyelametin orang percobaan bundir tapi gak ada prepare apa apa? Pendekatan psikologisnya ga ada? Persiapan buat ngejaga dibawahnya juga ga ada? Terus ngapain security dateng mau narik nolongin tapi jadi kaya ngagetin gitu yg bikin reflek orang yg mau ditolongin? Ga paham asli,Curhat Ringan,0.29696147238422493,0.3138190712892648,['Permintaan Bantuan'],Tidak ada kombinasi evidence pemicu urgensi
2048448071965745170,Hortensia_v00,"@somexrecom Kesampingkan joke nya.... Yang bundir kedua itu kocak sih
Alay bet sampe bundir aja di fomo in",Curhat Ringan,0.2961469428143466,0.3134286150787816,['Tekanan Emosional'],Tidak ada kombinasi evidence pemicu urgensi
2051301835085168999,KaripapJamur,"@listyantidewi @Kemangilly Gejala depresiku berproses sih itu kak. Tapi lebih banyak ke rasa sedih yang berkepanjangan. Aku ngerasain sedih yang nempel terus ga ilang-ilang. 

Beberapa yang aku inget ya.
- Dulunya seneng sosialisasi, online/offline semua aktif. Tiba-tiba jadi lebih suka sendiri di kamar,",Curhat Ringan,0.29554796035617165,0.31314108742005897,['Tekanan Emosional'],Tidak ada kombinasi evidence pemicu urgensi
2058824526621012032,kayenfeb,mandiri swasta atau bundir yah,Curhat Ringan,0.29515855419115267,0.3129539805831332,[],Tidak ada kombinasi evidence pemicu urgensi
2048383786199777537,dienth0ught,"org bundir kok dikata fomo, sesusah itu kah bersimpati?",Curhat Ringan,0.2948865321362718,0.312823190833583,['Tekanan Emosional'],Tidak ada kombinasi evidence pemicu urgensi
2059906585099378828,snbtfess,stud! kalau ambil mandiri utbk fh unnes bundir gak ya? atau adaa alternatif prodi  lain gak https://t.co/aEUn9el25Q,Curhat Ringan,0.2946320053863728,0.3127007493467042,[],Tidak ada kombinasi evidence pemicu urgensi
2059540743560249530,Penelovie,"Boong, deng. Sebenernya aslinya mau bundir.",Curhat Ringan,0.294142841594191,0.3124652613293041,"['Keputusasaan', 'Tekanan Emosional']",Tidak ada kombinasi evidence pemicu urgensi
2048715987487445322,smgwaras,@ontsnappenn depresi soalnya tar dia manggilnya juga MINGI HYUNG...,Curhat Ringan,0.29312470586387107,0.3119743872772564,['Tekanan Emosional'],Tidak ada kombinasi evidence pemicu urgensi
2048071699699224764,piqhipiqs,@ero_sennin59309 @Ableh_Kusut @ardisatriawan YAUDA JANGAN BUNDIR INTINYA KALO LU MASIH PUNYA AKAL DAN OTAK.,Curhat Ringan,0.2927487468374062,0.31179287397500244,['Tekanan Emosional'],Tidak ada kombinasi evidence pemicu urgensi
2059637156566770055,estelliumce,"@sbmptnfess bundir ga si ;(( soalnya prodi"" itu peminatnya banyak banget di undipp ;((",Curhat Ringan,0.29092805451298753,0.3109119005275496,[],Tidak ada kombinasi evidence pemicu urgensi
2052424865471406461,weddingjahe_,"scorpio itu gk butuh pendamping, dia itu cuman butuh teman cerita, jd stop menaruh rasa...",Curhat Ringan,0.29053798636295186,0.31072273742068895,['Permintaan Bantuan'],Tidak ada kombinasi evidence pemicu urgensi
2056787545284092377,sanixesua,"tiba-tiba depresi, tiba-tiba happy",Curhat Ringan,0.28964867585828474,0.3102909055623141,"['Keputusasaan', 'Tekanan Emosional']",Tidak ada kombinasi evidence pemicu urgensi
2048617938966741275,semoe_se,"Apapun masalah nya jangan sampe bundir, ingat hidup di dunia hanyalah persinggahan. 
#jembatancangarviral https://t.co/tfN7rPffbD",Curhat Ringan,0.28953828816030625,0.31023724873860675,"['Keputusasaan', 'Tekanan Emosional']",Tidak ada kombinasi evidence pemicu urgensi
2053336484930011184,goodnice1286414,"@Mangga1111 Lah aneh ngapain bundir ya batalin aja nikah nya bilang sorry cari aja sana ceo, kasian kan ortunya ditinggal padahal dah di gedein dari kecil eh malah bundir🤦‍♂️🤦‍♂️🤦‍♂️",Curhat Ringan,0.28949160560801396,0.3102145538185582,['Tekanan Emosional'],Tidak ada kombinasi evidence pemicu urgensi
2048634495922839955,DVTVcz,"💬| „Nebyl jsem schopen nalít si vodu nebo se obléknout. Trvalo mi tři týdny, než jsem v nejtěžší depresi vyslovil první slova. Nebýt hospitalizace, už tu nejsem,” líčí Kamil Rain, který otevřeně mluví i o schizofrenii. Dnes pracuje jako peer terapeut, tedy člověk, který prošel https://t.co/Xqv0xgP2J6",Curhat Ringan,0.28789601040127377,0.3094375386382594,['Tekanan Emosional'],Tidak ada kombinasi evidence pemicu urgensi
2054570983013732389,Akiraa_bloom8,"@meeningroutin Depresi jadi gila sih kalo gw, dia hebat bngt bisa kuat sampe sekarang dan bisa speak up.",Pertolongan Segera,0.2874328131316502,0.30921149344155285,"['Indikasi Krisis', 'Tekanan Emosional']",R1: Indikasi Krisis terdeteksi
2054067044581294344,eri_reverie,"@tanyakanrl Ya wajar2 saja, kan bisa hemat budget penginapan. 

Serba salah... Nanti cowok ngajak cewek Travelling dicurigai pasti modus mesum. Ngajak jalan sesama cowok dicurigai g4y. 
Jalan sendirian dikira depresi ga punya temen.",Curhat Ringan,0.28468379826070583,0.30786543994238885,"['Keputusasaan', 'Tekanan Emosional']",Tidak ada kombinasi evidence pemicu urgensi
2051662002335125963,daenhaag,Gak bundir juga belum tentu masuk surga,Curhat Ringan,0.28407036675530883,0.3075640093196522,['Keputusasaan'],Tidak ada kombinasi evidence pemicu urgensi
2047901478556492014,scolpioX,"@19BROMAN sehat sehat mental laki² yg merasa hidupnya stuck, dan ga punya tempat cerita. tapi ingat bundir bukan solusi dri semua permasalahan",Curhat Ringan,0.2836145877301904,0.307339792359959,['Tekanan Emosional'],Tidak ada kombinasi evidence pemicu urgensi
2053656826433118373,yrsvtrs,"Dulu sebelum aku mulai nulis, ada satu au ppw yang membekas banget tapi sayangnya udah dihapus sama authornya sebelum au itu selesai. Ceritanya tentang Pond, penulis yang lagi burnout parah sampai hiatus lama. Hidupnya berantakan, ga ada pemasukan, dan penampilannya ga terurus—",Curhat Ringan,0.2826916955900451,0.30688511485403236,['Tekanan Emosional'],Tidak ada kombinasi evidence pemicu urgensi
2054901857085202941,AnyelirPinkeu,"@sukasuk88328126 @empty__core Emg anjing sih ini, gw ngerasain srkg kerja deket rumah tp lingkungan toxic mampus",Tidak Relevan,0.281621309627106,0.3063566440885717,[],R0: Tidak ada sinyal kesehatan mental (anchor & evidence kosong)
2053752667198071102,broccolirr,dan depresi,Curhat Ringan,0.279855683241622,0.3054822421435154,['Tekanan Emosional'],Tidak ada kombinasi evidence pemicu urgensi
2060406638109159926,hiazeze,"Tetangga ada yg bundir lalu hari pemakaman bener2 kek mencekam, suasananya bener2 gelap kayak warna TV jadul gitu paham nggak sih😅lalu seminggu kemudian jendela2 pada diketuk😭bahkan ada yg ketemu dijalan juga, abang aku korban diketuk karena rumahnya beneran disamping rumah aku",Pertolongan Segera,0.2796645304255653,0.3053873745781003,['Indikasi Krisis'],R1: Indikasi Krisis terdeteksi
2047895669655077237,NoturfavBoys9,"@19BROMAN Makanyaa cowo banyak Bundir karena gakbisa ngeluapin emosi dgn baik. Liat aja tweet akun ni orang nyumpain ke Neraka. Salah satu ciri cowo gak bisa ngelola emosii dgn baik. 

Contoh lo ya.",Curhat Ringan,0.2791975459474285,0.3051554470351248,['Tekanan Emosional'],Tidak ada kombinasi evidence pemicu urgensi
2051018660689612931,ZFibid,"@AnakLolina2 diliat liat itu ngangetin njir g tau aturan ngadepin orang mau bundir,coba lu mikir gaush jauh2 mau bundir deh mikir hal lain trus ada yg sentuh lu pasti kaget kan?, apalagi orang yg mau bundir plus posisi kayak gitu",Curhat Ringan,0.2785591688737128,0.304838012565266,['Tekanan Emosional'],Tidak ada kombinasi evidence pemicu urgensi
2047933860533654002,bebelacsekilo,"@garismerah_id semoga dibikin banner real nya, biar org mikir kalo bundir tuh lu repotin orang banget.",Curhat Ringan,0.2780187741546755,0.30456895087704516,[],Tidak ada kombinasi evidence pemicu urgensi
2054285993197650302,axlophimee,kalo putus gini selain bundir enaknya ngapain kak?,Curhat Ringan,0.2777096531907634,0.30441489544781775,['Tekanan Emosional'],Tidak ada kombinasi evidence pemicu urgensi
2057337863893840214,urya_suryana,"@KapudS640 Kita yg masih kerja, jng smpe depresi. Harus bsa jaga diri",Curhat Ringan,0.27626976009511334,0.30369590538920777,"['Keputusasaan', 'Tekanan Emosional']",Tidak ada kombinasi evidence pemicu urgensi
2048367158036770965,adorettp,"@_afterpartyguy org2 g ngerti depresi itu parah. bangun aja ga niat, apalagi mandi, sikat gigi dll. kbnykan org tuh passive suicidal, ga bundir secara lgsg tp tindakannya itu ""kalo mati yaudah""",Curhat Ringan,0.27540293492620727,0.3032619515151689,['Tekanan Emosional'],Tidak ada kombinasi evidence pemicu urgensi
2057466480028270926,Ahs170495,Aku curiga hyungnya yang bundir difitnah sama teman yang mirip kuda nil itu (maf emosi) 😤 #SoldOutOnYou,Pertolongan Segera,0.27538051170548794,0.3032507146849777,['Indikasi Krisis'],R1: Indikasi Krisis terdeteksi
2048383413993025611,oreoncreams,"@reyiisen ""Fomo"" Bro, orang detik detik mau bundir itu mikir dua kali, kalau mereka nekat berarti bagi mereka emang udah gaada solusi.. Orang kaya gitu harusnya dirangkul bukannya diviralkan",Curhat Ringan,0.2750819191465918,0.3031010284568324,['Tekanan Emosional'],Tidak ada kombinasi evidence pemicu urgensi
2059630379162906726,beaubluue,"@qutiews karena kalau masih punya harapan gabakal depresi kak, lagian juga mau harapin apa dan siapa? diri sendiri udh bilang nyerah aja, soalnya udh gelap rasanya di depan",Curhat Ringan,0.2745592079750591,0.3028387472485051,"['Keputusasaan', 'Tekanan Emosional']",Tidak ada kombinasi evidence pemicu urgensi
2050800296436391944,kunyitdanjahe,"Buat teman temanku dan moots ku jangan berfikir bundir yaaa,mending luapin emosinya kita dengan kata katain tuh para pejabat korup.",Curhat Ringan,0.2744488845011062,0.3027833505110307,[],Tidak ada kombinasi evidence pemicu urgensi
2048375398652919961,ibaladi,@indischetroopen terima kasih pak purbaya sudah bertahan sampai sejauh ini dan tidak bundir🥹🥹🥹,Curhat Ringan,0.27439310610747153,0.30275533723108694,[],Tidak ada kombinasi evidence pemicu urgensi
2050438998167019728,gonebythebreeze,"@KuntoAjiW si kontol paling lucu sedunia sampe hari ini gak mau bundir tuh? di karir utama gagal, karir sampingan gagal. berhasilnya pas jilat silit cuk",Curhat Ringan,0.2735586119103247,0.3023358099388354,['Keputusasaan'],Tidak ada kombinasi evidence pemicu urgensi
2051173431211897057,kumanberkarat,"@almonoopy Orang² pada sombong banget kak, ngeluh biaya kuliah aja dikata-katain, coba disuruh tuker posisi apa ngga bundir tu orng² ga Napak tanah begitu",Curhat Ringan,0.2713456220982333,0.3012193851398699,[],Tidak ada kombinasi evidence pemicu urgensi
2051530696255217785,lesternookies,"@srondolinho @itemputi @WatchmenID Baca aja di Quora atau Reddit. Banyak si yg ceritain betapa boringnya SG itu. Dan ya emang kehidupannya persis kek di Squidville itu. Aman, nyaman, tenteram, dsb tapi lama” buat org jadi stress &amp; depresi jg krn tekanan kerja yg berlebih ditambah lingkungan monoton kek gitu.",Curhat Ringan,0.2705886323464075,0.30083618425961695,"['Gangguan Fungsi', 'Tekanan Emosional']",Tidak ada kombinasi evidence pemicu urgensi
2050799618309673241,Latebloomer2011,"@mhuseinali Masuk jalur awake via depresi, menarik🤔",Curhat Ringan,0.2704424968723367,0.3007621304555373,['Tekanan Emosional'],Tidak ada kombinasi evidence pemicu urgensi
2057133409659752693,kir4raaa,Depresi rumpas tutuik https://t.co/3O5uZMSHfD,Curhat Ringan,0.26988483087024523,0.30047930280367535,['Tekanan Emosional'],Tidak ada kombinasi evidence pemicu urgensi
2058227723991154922,Lightindar,"@thettabbycat Josephine, lu pernah ga gagal dalam sesuatu sampe lu depresi, trs liat ig liat temen seumuran lu achieve hal hal yg lu perjuangin tp gagal? Lu bakal happy for them, tp ttp aja ketrigger, ngerasa makin insecure, merasa ketinggalan",Curhat Ringan,0.2692688499511456,0.3001664714379744,"['Keputusasaan', 'Tekanan Emosional']",Tidak ada kombinasi evidence pemicu urgensi
2059638293617377470,jooqoowee,"@FARHAN2Humanity bro lo harus ss bagian ini juga, km dm pertama nyuruh org bundir, tbtb nge dm sengaja mancing emosi org https://t.co/poKuhCljLv",Pertolongan Segera,0.26875923409720365,0.29990731676419574,"['Tekanan Emosional', 'Permintaan Bantuan']",R3: Tekanan Emosional + Permintaan Bantuan
2053788234510143858,cuyinism,"@saneemiaw @miawyukii Ekhm (tepuk mic) jadi sara mikey dan baji ntu besti dr kicik, cuma emang sara ndak join geng gengan gitu, habistu sara dan baji pacaran, trus baji meninggoy, lalu sara sempet depresi gitu krn selain pacar baji ntu sahabatnya oi 😢💔 makanya lore sara nih penuh warning 😭",Curhat Ringan,0.2682320374650514,0.29963889447125525,['Tekanan Emosional'],Tidak ada kombinasi evidence pemicu urgensi
2047905984623038464,garismerah_id,"@alisthaaa_ Justru karna audah tidak bisa lagi berfikir, kalo masih mikir gak bakalan bundir",Curhat Ringan,0.26812062742994874,0.29958212727850136,[],Tidak ada kombinasi evidence pemicu urgensi
2053702324552601696,gezmes,hari senin bawaannya depresi anjrit,Curhat Ringan,0.2679367551006563,0.29948840538660687,['Tekanan Emosional'],Tidak ada kombinasi evidence pemicu urgensi
2059951046391419033,lessfearnoteraf,Mau share dikit pengalaman tmn gw di sebar tukang selingkuh padahal dia mau lepas dari pacarnya yang toxic... Serem banget gasih sama pacaran yang normalisasi hubungan sampe nangis2 pas minta putus trs ngomong bundir... Jadi gausah ikutan kalo lu ga denger dari dua sisi sekian,Curhat Ringan,0.26719484450127723,0.29910982982678846,['Tekanan Emosional'],Tidak ada kombinasi evidence pemicu urgensi
2058070040621224336,peacetoseeyu,"dikira badan bagus karena genetik, gatau aja aku kalo lagi depresi kuat jalan kaki 12-20km tanpa capek—setiap hari, rutin selama sebulan 😭😭",Curhat Ringan,0.2663520446488251,0.2986789621186979,"['Gangguan Fungsi', 'Tekanan Emosional']",Tidak ada kombinasi evidence pemicu urgensi
2049423074546897014,bakulsemongko1,"@sbyfess Biarin bundir, itu lanangan taek, dia gk bakal berubah percaya sama gw! Pikiran cetek ciri khas cowok gondes mokondo. Beneran elu kalau nikah sama dia, elunya yg pengen bundir! Apalagi ada riwayat ngeslot, malesan. Kalau bisa malah sekalian disniper kepalanya",Pertolongan Segera,0.2660282483011796,0.2985131957314231,['Indikasi Krisis'],R1: Indikasi Krisis terdeteksi
2057043083502764174,Gooners848394,"@haluandotco Liat anak penjual donat dijalan, auto gajadi bundir

Jangan bundir gaes, mie ayam masih enak",Curhat Ringan,0.2640439397818103,0.29749451117082076,[],Tidak ada kombinasi evidence pemicu urgensi
2053329394589143513,otakkeduaa,Yang paling menyeramkan dari depresi adalah ketika hidupmu tetap berjalan normal sementara jiwamu perlahan mati rasa.,Curhat Ringan,0.26373827432800856,0.2973371565229062,['Tekanan Emosional'],Tidak ada kombinasi evidence pemicu urgensi
2059345510864203992,xxyrainsky,umur segitu gk bundir dah syukur,Curhat Ringan,0.26363833017456706,0.29728568051800586,[],Tidak ada kombinasi evidence pemicu urgensi
2058437527657500920,aestheticusrnm,@yawzzy_ @enjistoria @klosambat Keren bgt kamu theo dikit2 ngomong bundir,Curhat Ringan,0.26300133934452474,0.29695730498342804,[],Tidak ada kombinasi evidence pemicu urgensi
2049426892521095644,hahingang_,ApakaH seteLaH ruH jaHat diUsir. Tidak ada Lagi yg bundir? https://t.co/TpK0eYKoPo,Curhat Ringan,0.26296992442098066,0.29694109703555255,"['Keputusasaan', 'Tekanan Emosional']",Tidak ada kombinasi evidence pemicu urgensi
2047935538704023681,dxrkchocolx,"Bro, tolong kalo ada kasus seperti ini cukup dengan ucapan berduka aja

Kalo sampe mention masuk neraka segala itu kurang empati 

Gw ga peduli di agama lo kyk gitu, tapi tolonglah rasa kemanusiannya dipake

Kita gatau kehidupan mereka gimana sampe bisa mutusin loncat

Gw gedek",Pertolongan Segera,0.2626709603490813,0.2967867896863909,"['Indikasi Krisis', 'Permintaan Bantuan']",R1: Indikasi Krisis terdeteksi
2051592379761848645,kasanaruphrase,"*tes kesehatan reguler di kantor*

👩🏻 saya ada autoimmune thyroid mbak
🧑🏻‍⚕️ suka marah2 mbak?
👩🏻 engga sih biasa aja
🧑🏻‍⚕️ biasanya orang autoimun suka marah2, trus depresi
👩🏻 ohh iya sih saya sering pengen mati hehe
🧑🏻‍⚕️
👩🏻
🧑🏻‍⚕️ jangan dibercandain mbak
👩🏻 saya ga bercanda
🧑🏻‍⚕️
👩🏻
🧑🏻‍⚕️
👩🏻",Curhat Ringan,0.2625276072797952,0.2967127593177738,['Tekanan Emosional'],Tidak ada kombinasi evidence pemicu urgensi
2056271462647070779,Your_enJOY_,"Butuh teman cerita huft🥲
#makassar https://t.co/2wakDX8mIc",Curhat Ringan,0.26175390060354775,0.2963127514629653,['Permintaan Bantuan'],Tidak ada kombinasi evidence pemicu urgensi
2051866436315062691,purplequeeeer__,"It's quite ironic that I'm against capitalism tapi masuk FEB. Well sebenarnya sblm masuk feb gw buta politik dan kapitalisme, makin kesini makin paham bukannya gue malah mau jadi business owner yg eksploitasi karyawan tapi malah mw bundir jirrrr cz i know how y'all get rich fast https://t.co/jEDQOHbhft",Pertolongan Segera,0.2613081127210692,0.29608193175359204,['Indikasi Krisis'],R1: Indikasi Krisis terdeteksi
2050839657865417140,nalovethai,"TW: bxb, slow burn romance, 
cerita mengandung tema kesehatan mental (depresi dan anxiety), kesedihan berkepanjangan, kesepian, putus asa, self-harm.

: maaf kalo jam ditwt/chat ga singkron, banyak typo dan bahasa kasar",Curhat Ringan,0.26100797500992984,0.2959263833183231,"['Keputusasaan', 'Tekanan Emosional']",Tidak ada kombinasi evidence pemicu urgensi
2048013003082403900,ziq_paper,"@KalanaraDika Well.. sebenarnya aku pernah depresi ""ringan"" ada ada keinginanku untuk mengakhiri diriku. Memang ada yang bilang kalau misalnya saya kurang iman plus harus banget dekat sama yang maha Esa. Tapi, untuk apa mereka katakan hal tersebut tanpa rasa empati sama sekali?",Pertolongan Segera,0.25982519924312125,0.2953122718767687,['Indikasi Krisis'],R1: Indikasi Krisis terdeteksi
2054544771151253532,kkimkayii,@JPFBASE anime/arc/episode yg bikin tekanan mental sampe bikin ga mau nonton lagi,Curhat Ringan,0.2597414799734312,0.2952687351992636,['Tekanan Emosional'],Tidak ada kombinasi evidence pemicu urgensi
2047999413365391736,guesswho1333,"@19BROMAN @crasher Orang tuh di denger bukan dikerasin,pantes aje banyak yg makin bundir,ini udah mah ada masalah malah dikerasin, dongo",Curhat Ringan,0.25850630713248357,0.2946253436984438,['Tekanan Emosional'],Tidak ada kombinasi evidence pemicu urgensi
2058058107948089668,middnaid,"@txtebi @rayfes7 @Deborah03295983 hidup ga berpusat sama diri lu sendiri sih, kadang ada orang yg emang menjauh karna hidupnya lg berantakan, atau depresi kadna quarter life crisis. menjauh karna kewalahan tapi kesanya kayai cut off. lu sendiri aja ga pernah nanyain kondisi sahabat lu tp asal judge 🤨",Curhat Ringan,0.2585050624946942,0.29462469436905603,"['Keputusasaan', 'Tekanan Emosional']",Tidak ada kombinasi evidence pemicu urgensi
2056370817970426320,gurameniky,Bundir,Curhat Ringan,0.2582053085807876,0.29446825294783624,[],Tidak ada kombinasi evidence pemicu urgensi
2049200642519142724,kimmymatcha,"Sudah pernah di tahun 2023. Tahun terberatku.
Sudah bener” mau lompat dr lantai 32 apart tp akhirnya jatuh di balkon kek ada yg narik kebelakang kenceng banget, pas di toleh ternyata yg narik mamaku.
Pdhl mamaku udh meninggal di tahun 2013🙂🙏🏻

Sejak saat itu gapernah kepikiran",Curhat Ringan,0.2581830904774059,0.29445665261962195,"['Keputusasaan', 'Tekanan Emosional']",Tidak ada kombinasi evidence pemicu urgensi
2048805668455678016,Vitypei7,"Ini ya yg masih bilang kagak respect they decision lu kagak baca surat gw berarti, lu jga berarti bukan foll lama gw, soalnya kalau foll gw pasti minimal sekali mah udh bca twit gw soal ""gw gpp kalau merekanya gpp, sayangnya merekanya yg satu galau mampus satunya kek org depresi""",Curhat Ringan,0.25775693817342826,0.2942340274651845,[],Tidak ada kombinasi evidence pemicu urgensi
2057793315144409210,dellunera,@bersuwara_ udh berkurang soalnyaa udah pada depresi,Curhat Ringan,0.2573809777016061,0.2940374233505943,"['Keputusasaan', 'Tekanan Emosional']",Tidak ada kombinasi evidence pemicu urgensi
2048600395602358691,bLxCoffee,"@kenhans03 salut dan terima kasih mas.

yang pengen bundir mungkin hanya butuh pendengar dari segala keluh kesah.

solusi nomor dua yang penting ada yang ngedengerin.",Curhat Ringan,0.25686019833812773,0.2937647776170211,['Tekanan Emosional'],Tidak ada kombinasi evidence pemicu urgensi
2060619682751861080,tertamvan_,Umur 20 tahun keatas ga kepikiran buat bundir aja udah keren!,Curhat Ringan,0.2565672849802934,0.29361126856370406,['Tekanan Emosional'],Tidak ada kombinasi evidence pemicu urgensi
2056618202352812436,TomPopelka80,@petr_zabza Propadl jsem z toho v investični depresi 😁,Curhat Ringan,0.2564254573270332,0.29353689876469696,"['Keputusasaan', 'Tekanan Emosional']",Tidak ada kombinasi evidence pemicu urgensi
2047918371656589665,davidova_z41482,"@SKockama Ja mivam pred strasnej rage. Verim, ze zeny vrazdi presne pri PMS. Nedokazu to ovladnout. Kolega vedle me chroupal susenky a ja si musela dat sluchatka. Depresi pred jsem taky mivala, ale nevim, jak to zmizelo. Napada me, co zkusit zaradit vic prospesnych potravim pro mikrobiom?",Curhat Ringan,0.25590343886768163,0.29326293685219507,"['Gangguan Fungsi', 'Tekanan Emosional']",Tidak ada kombinasi evidence pemicu urgensi
2059631607083041158,ndrakahaya,"@qutiews Mungkin karena depresi itu bukan sekadar sedih. Lebih kayak capek berkepanjangan sampai otak mulai percaya kalau “apa pun yang dilakukan gak akan bikin keadaan membaik.”

Jadi bukan gak mau punya harapan, tapi terlalu sering kecewa sampai harapan terasa melelahkan.

Dan obat",Curhat Ringan,0.25558026757425384,0.29309314868666914,['Tekanan Emosional'],Tidak ada kombinasi evidence pemicu urgensi
2052766132772471104,monxyet,"@lonkeyrong Aku lgsg ngomong aja si butuh rujukan ke psikiater. soalnya belakangan merasa depresi, kegiatan gak fokus, gampang cemas, perasaan ingin mati, dll gituu",Curhat Ringan,0.25515596020375086,0.29287001129352686,['Tekanan Emosional'],Tidak ada kombinasi evidence pemicu urgensi
2058751531533680899,marsrunner,"balik kos kek orang depresi dan paling banyak masalah dan sensitif dan yang paling ditinggalin temen2 dan nangis karena liat bapak2 jualan tahu di jalan dan nangis (lagi) karena liat ibu2 nyapu jalan ugm. dan ternyata yeah i knew i wasn’t a weak, i was just hormonally possessed",Curhat Ringan,0.25485508002896134,0.29271163470817335,['Tekanan Emosional'],Tidak ada kombinasi evidence pemicu urgensi
2058199395322191938,Dasheean21,@darafitrianaaa sumpah kayak pocong depresi,Curhat Ringan,0.25484566603348796,0.2927066774079294,['Tekanan Emosional'],Tidak ada kombinasi evidence pemicu urgensi
2057878747995685165,dopesmokerel,kirain udah bundir ni orang,Curhat Ringan,0.2546313285781469,0.292593777179718,[],Tidak ada kombinasi evidence pemicu urgensi
2053568054613655707,krasny_tomas,"@nestrasilova Čím víc tady dáváte tyto posty, tím víc jsem v depresi :-(",Curhat Ringan,0.25430443625527144,0.29242146918267914,['Tekanan Emosional'],Tidak ada kombinasi evidence pemicu urgensi
2053240113564614712,vyowiz_,"@r00teen Bener bang... Banyak orang kuat kerja keras, lembur, bahkan gaji pas-pasan pun masih dijalanin. Tapi kalau tiap hari kerja dalam tekanan, takut salah, nggak dihargai, atau lingkungan toxic, itu yang pelan-pelan nguras mental. Capek fisik masih bisa hilang setelah istirahat, tapi",Curhat Ringan,0.25394444160859836,0.2922315436782259,"['Gangguan Fungsi', 'Tekanan Emosional']",Tidak ada kombinasi evidence pemicu urgensi
2055986601268822440,ethdlnburgh,"❓ nanti el diajak berobat ke rs nya mika, terus pas hale sama malo muncul mereka ketemu di rs jadilah malo ngejar hale yang pemalu disaksikan bapak malo yang alay itu 🤓☝🏻
💬 tampak bikin depresi si mika tapi kita tampung idenya #ethdah  https://t.co/DRLy2qlSjN",Curhat Ringan,0.2534468395034088,0.29196872675057617,"['Gangguan Fungsi', 'Tekanan Emosional']",Tidak ada kombinasi evidence pemicu urgensi
2059267613591756980,cececikyu,"Kan gw dah ditahap takud bias gua announce mereka LGBT, kriminal, bundir pda mereka pnya pacar normal/ nikah ... Wkwkwkw",Pertolongan Segera,0.25305236262867,0.2917601348775806,['Indikasi Krisis'],R1: Indikasi Krisis terdeteksi
2048537685015613610,premorterm,"@papedahottie @somexrecom @MR_gustara Sok empati lu, lu kalo punya temen kelilit pinjol, ketagihan judol juga paati lu diemin, lu gibahin. Baru tar kalo dah bundir tuh jadi tempat farming kebaekan pura2 peduli. Pas Masi idup peduli taik lu org",Curhat Ringan,0.2526183218729058,0.2915303737828226,['Tekanan Emosional'],Tidak ada kombinasi evidence pemicu urgensi
2047592575411077328,sylzy92,"@iniudahcukup @Idnextgen Abis itu keluarganya bundir juga karna gabisa nyambung hidup, gitu? 
Kok cara pikirmu aneh sih 🥴",Curhat Ringan,0.2518016309687038,0.29109734567728907,['Tekanan Emosional'],Tidak ada kombinasi evidence pemicu urgensi
2048630021582143961,PakKarti,"Bundir membunuhmu, jangan sekali-kali melakukan ya guys",Curhat Ringan,0.25173056319675635,0.29105961991078927,[],Tidak ada kombinasi evidence pemicu urgensi
2058010077630722093,axeva_Ochi,"Please TGL series terakhir Mamii Cats menangis sedih sape depresi, next series Mama meng akan nangis happy dengan Romcomnya 🥳🥳🥳🥰🥰🥰

PAVEL MAKE 1MORE WISH

#Pavel29thWizardryNight https://t.co/J0O3cv4xs4",Pertolongan Segera,0.25131798606251016,0.2908404668172201,"['Tekanan Emosional', 'Permintaan Bantuan']",R3: Tekanan Emosional + Permintaan Bantuan
2056253157655843188,Sunnyy1004,"Orang orang pasti bilang gue depresi karna cowok, padahal dibalik itu masih ada trauma masa kecil yg belum bisa hilang. Jadi kalau ada yg nanya iyain aja diceritain juga gak paham dan gak masuk di otak mereka 🤗",Curhat Ringan,0.25107859343355027,0.29071319645101373,['Tekanan Emosional'],Tidak ada kombinasi evidence pemicu urgensi
2059575015268655233,majaw3634,Kenapa ya org pada kebelet diketahui s3... udh mah susah + masa depan yg gk jelas + depresi,Curhat Ringan,0.25059955418697927,0.2904582782225175,"['Keputusasaan', 'Tekanan Emosional']",Tidak ada kombinasi evidence pemicu urgensi
2056041879100350469,_d0ll_tear_,"Need jasa joki kehidupan, depresi berat #zonauang",Curhat Ringan,0.25037282760742596,0.2903375137935985,['Tekanan Emosional'],Tidak ada kombinasi evidence pemicu urgensi
2054578968624566366,Nnariyahsaitama,"@featkizz Dia juga pendukung Palestina, disaat hidupnya hancur karena trauma, dia masih bisa kasih dukungan buat org lain ya ga beruntung juga. Gue jarang nangis ngeliat org yg gak gue kenal secara personal, tapi kali ini gue mewek coy 😭 dia ga bundir aja udh hebat.",Pertolongan Segera,0.25028234194232846,0.2902892968645602,"['Indikasi Krisis', 'Tekanan Emosional']",R1: Indikasi Krisis terdeteksi
2052812584160743464,grxmann,@baguslifandry @si4riNew @seclove_ @Txtdariiugm lu bundir aja sana,Curhat Ringan,0.24933397569292076,0.2897832420739261,[],Tidak ada kombinasi evidence pemicu urgensi
2047647407501197454,ngeyeonjun,"pantes aja njir dia burnout parah. udh mana fisiknya jg lagi DIET, makan kagak, capek luar dalem. pressure tinggi diteken ekspektasi agensi jahanam. 😮‍💨😮‍💨",Curhat Ringan,0.24932634439395335,0.28977916475498317,"['Gangguan Fungsi', 'Tekanan Emosional']",Tidak ada kombinasi evidence pemicu urgensi
2060631056676474937,FilipStojdl,"Další část mé minulosti se uzdravuje. Není snadný přežít den, když je člověk v depresi, ale jde to. A to především díky skvělým lidem tady na Twitteru. To vaše modlitby a podpora mi pomohly jít na operaci s jícnem a zvládnout i další dny na ulici bez chlastu. Znovu děkuju a https://t.co/pN0Nc4FV8V",Curhat Ringan,0.24842629624214824,0.28929769270347827,['Tekanan Emosional'],Tidak ada kombinasi evidence pemicu urgensi
2048771979579470159,Avewnturine,"Stres sama depresi kayaknya beda deh kak, coba belajar lagi yuk 😁",Curhat Ringan,0.2482429048534037,0.2891994461868749,['Tekanan Emosional'],Tidak ada kombinasi evidence pemicu urgensi
2060609352998990007,UNDERGGGGA,mauu bundir pls jasa curhat #zonauang,Curhat Ringan,0.24822705951525367,0.2891909552342964,[],Tidak ada kombinasi evidence pemicu urgensi
2048383530514964573,gepiigepeng,dem depresi berad https://t.co/H9c8l95WIf,Curhat Ringan,0.24804731244014205,0.28909460974462103,['Tekanan Emosional'],Tidak ada kombinasi evidence pemicu urgensi
2053805367264784616,RaidenKevin17,"WNI banyak yang bundir
https://t.co/bJB9eMADSl",Curhat Ringan,0.2468806918314049,0.2884681531877229,['Tekanan Emosional'],Tidak ada kombinasi evidence pemicu urgensi
2057057488076423526,Hyakumensou20,"@manuellr0ud Bisa jadi yang bundir itu bukan bonlap juga, rada janggal",Curhat Ringan,0.2465513217510193,0.28829092690438934,['Tekanan Emosional'],Tidak ada kombinasi evidence pemicu urgensi
2047710073062080781,itsevenyx,@sicksadjunc @yappingfess ngomong gini ke penderita depresi sih lu mestinya malu. belajar cari tau ttg depresi deh sblm bacot lu monyet,Curhat Ringan,0.24596834550505048,0.2879768501628529,['Tekanan Emosional'],Tidak ada kombinasi evidence pemicu urgensi
2059706540576387429,mzdra_,"@Pyroncalanyala nama akunnya aja lagi depresi berat, jd sensitif segala hal disalahin, dibacotin, ga ada yg bener didunia ini",Curhat Ringan,0.24458053371979901,0.28722714565017005,"['Keputusasaan', 'Tekanan Emosional']",Tidak ada kombinasi evidence pemicu urgensi
2050306522773852520,hswxme,"@sukamendoanm Aneh, niat lompat kenap malah jerit pas jatoh? Bukannya ga punya empati tapi kenapa dah jadi pada caper gitu? Segala pengen bundir di tempat rame",Curhat Ringan,0.24325674880919987,0.28650934353019253,['Tekanan Emosional'],Tidak ada kombinasi evidence pemicu urgensi
2057773351779930587,herman1702,"@SarjanaEksu CL malah naik, di Hold malah junammm lari ke komoditi anjlok lari ke Big Bank ancur lari ke Konglo nyungsep lari ke Fundamental sma aja, jadi Ritel minus diatas 50% gak Bundir aja udah bersyukur 🥲🤭 https://t.co/ojkzTZpI8Z",Curhat Ringan,0.24296476635314965,0.2863506642254916,[],Tidak ada kombinasi evidence pemicu urgensi
2058807162974228740,K4893Al,"@idextratime @gastonedul maen kalem aja GOAT 
nanti kalau dah di pildun baru habis kan semua energi GOAT 
mana tau angkat lagi 
biar penaldo bundir liat nya 😹😹😹😹😹😹😹😹",Curhat Ringan,0.24255128889681507,0.28612573616432424,[],Tidak ada kombinasi evidence pemicu urgensi
2050473815457886421,veryvaldian,"@RadTheRizzler @LaLune_Rosey @ragiladityaaaa @muslynxiaaaw Gak perlu sampai segitunya lah, ntar bundir beneran",Curhat Ringan,0.24184536410044277,0.28574111606135516,[],Tidak ada kombinasi evidence pemicu urgensi
2047597510202695728,TXTCAPSLOCK,"@scrnsyt Kelak org2 macam itu akan ngrasain betapa berharganya uang 2rb rupiah. 

Utk skrng mah santai2 aja mau depo 10,20,50,100k bodo amat tpi nnti klo dah rungkad stress trs bundir",Curhat Ringan,0.2414715539258734,0.2855371375878652,['Tekanan Emosional'],Tidak ada kombinasi evidence pemicu urgensi
2059677089700385240,oceansmyths,"uhmm maaf tapi kalau gini tuh jatuhnya ngeinvalidasi rasa depresi orang karena kerja. orang tuh berhak untuk cari pekerjaan yg layak loh, semisal emang bisa pindah/cabut, ya cabut aja. gue tau kok ga semuanya punya privilege tersebut, tapi at least jangan bersikap gini",Curhat Ringan,0.24122207428442333,0.2854008832664201,[],Tidak ada kombinasi evidence pemicu urgensi
2047627231716155757,Lostranauts_300,"@GaIocher Goblok banget anjing, mana ada org bundir cuma karena ""lagi tren"". IQ jongkok",Curhat Ringan,0.24080845446358395,0.2851747711499532,['Tekanan Emosional'],Tidak ada kombinasi evidence pemicu urgensi
2048431940009943484,askDika,"Makanya kalau lo kena depresi berat dan/atau gangguan lain yg ngehalangin hidup lo di umur-umur produktif tuh sebenernya very unforgiving buat ke depannya —terutama di negara yg ga ramah kesehatan mental (dan fisik) kaya gini.

Yg paling mengerikan dr semua itu: kehilangan waktu.",Curhat Ringan,0.24005386803143772,0.2847615796508211,"['Gangguan Fungsi', 'Tekanan Emosional']",Tidak ada kombinasi evidence pemicu urgensi
2051264080057663867,salwiyyi,"@iteramfs bukannya bilang ""silakan kirim bukti di dm ya kak! aku bantu"" malah ""tolong ya, nanti anak orang bundir"" fak??? nirempati bgt jink?",Curhat Ringan,0.23976937800153264,0.2846055699117256,[],Tidak ada kombinasi evidence pemicu urgensi
2053444951480910090,DVTVcz,"💬|  „Je přirozený zůstat chvilku stát na místě a taky si chvíli užívat tu depresi, abychom věděli, jakou cestou jít dál. Ideální je, když vedle sebe máte někoho, kdo vám může pomoct se v tom vyznat a říct: ‚Hele, už s tím něco udělej!‘ Ta pomoc by podle mě měla přijít ve chvíli, https://t.co/jENKwjGDok",Curhat Ringan,0.23939579928491192,0.28440051277478534,['Tekanan Emosional'],Tidak ada kombinasi evidence pemicu urgensi
2050002321313354171,aseprivva,"depresi in private
haha hihi pas di luar
sambat di twitter",Curhat Ringan,0.2385819175262824,0.28395301284212054,['Tekanan Emosional'],Tidak ada kombinasi evidence pemicu urgensi
2052324557487554727,atoenloops,"@Frisllyherlind Kata busut saat live semalam scene sania trian gak gimana2 tapi buktinya kalau di liat arahnya emang mau di plot,saat live juga udah terang banget yesaya juga ngomong,scene ke kunci karakter trian di buat hancur, gak da yg bilang lingkungan toxic kak",Curhat Ringan,0.23845435517094132,0.283882779786081,['Tekanan Emosional'],Tidak ada kombinasi evidence pemicu urgensi
2048403039460180275,PranaZoe,"@yunesafess Yg penting lu bisa surive. Ga depresi. Aman aja, cari dunia mu sendiri. Ga cocok di 1 circle blum tentu ga cocok di circle lain. Semangat ae",Curhat Ringan,0.2381493239775494,0.28371473153432214,"['Keputusasaan', 'Tekanan Emosional']",Tidak ada kombinasi evidence pemicu urgensi
2059144064176632078,lewishamiflton,@trashzone00 Padahal beli mi ayam buat semangkok mi ayam sebelum bundir😅😅,Curhat Ringan,0.23756967284640312,0.2833949809724634,[],Tidak ada kombinasi evidence pemicu urgensi
2053179466969391324,keonhyeonfess,"khau! hkau! ADAKAH REKOMENDASI AU YANG CERITANYA ITU ANGST TAPI ANGSTNYA TU KEK HK NGGAK BISA TANPA KH (ATAU SEBALIKNYA), KAYAK LITERALLY ""losing him would mean losing everything"" KALAU MISAL PUTUS BISA BUNDIR",Curhat Ringan,0.23745405174188028,0.2833311371731036,['Tekanan Emosional'],Tidak ada kombinasi evidence pemicu urgensi
2058431034203734432,oh__kxxl,"@sorceressmyr Ralat dikit bg, bapaknya kakashi mati karena bundir btw",Curhat Ringan,0.23664329494800806,0.2828828497366472,[],Tidak ada kombinasi evidence pemicu urgensi
2052353218307575997,SimplyHon3st,"NICK VUJICIC, Kisah Inspiratif di Tengah Keterbatasan

Pernah kebayang terlahir dengan Tetra-Amelia syndrome? Terlahir tanpa tangan dan tanpa kaki? 
Kalau kita yang terlahir seperti itu mungkin kita minder dan putus asa, tapi lain dengan yang satu ini. 

Namanya Nicholas James https://t.co/iUTjyMtvxE",Curhat Ringan,0.23588058215627525,0.2824601586117889,['Keputusasaan'],Tidak ada kombinasi evidence pemicu urgensi
2049201943768387727,wh0sknow,@adanginyah iyalah. LC gk perlu mikirin gas lu di rumah abis. beras untuk anak anak lu gk ada. token listrik rumah lu bunyi bunyi. yg dia tau cm nemenin trs dikasih duit. peduli babi sm masalah lu. TAPI kalo lu bujangan curhat ke LC gk salah juga dr pd lu tbtb bundir 🙃🙏🏻,Curhat Ringan,0.23577929259332275,0.28240395350889724,[],Tidak ada kombinasi evidence pemicu urgensi
2048762300274970830,Pmaul75509,"@BugeeVtuber @tigawindu @nirfungsih Ya ini lg ngomongin depresi, bukan stress. Beda lagi",Curhat Ringan,0.23567256437243977,0.282344712452455,['Tekanan Emosional'],Tidak ada kombinasi evidence pemicu urgensi
2047903452333039897,garismerah_id,@alisthaaa_ Bundir bukan jalan satu2nya buat menyelesaikan masalah,Curhat Ringan,0.23554168932158837,0.2822720430114053,[],Tidak ada kombinasi evidence pemicu urgensi
2050872435239534697,schramekson,@MelkusovaIvana Nemusí nýt vůbec a bude všem lépe Skoro nikdo se na něj nedívá všichni pal mají depresi,Curhat Ringan,0.23523793058490136,0.28210327074383246,"['Keputusasaan', 'Tekanan Emosional']",Tidak ada kombinasi evidence pemicu urgensi
2048610239138906543,bersuwara_,kalau malas mandi katanya adalah sebuah tanda depresi lalu apakah aku depresi setiap hari https://t.co/7yYUY66pbt,Curhat Ringan,0.23485433933478786,0.2818899267550671,['Tekanan Emosional'],Tidak ada kombinasi evidence pemicu urgensi
2053017393753211365,topitlala,"@KapudS640 Plis lah kalian manusia, nggk cewe dan nggk cowo jangan terlalu mengharapkan manusia. Anggap sebagai ujian. Toh kalau kalian terlaku cinta mati dari pada bundir mending nggk usah nikah2.
Dan lagi kalau ada masalah tu cerita sama orang terdekat jangan di pendam sendiri mulu 😭😭😭",Curhat Ringan,0.23421254877107409,0.28153243787360915,[],Tidak ada kombinasi evidence pemicu urgensi
2057830065069859013,xendless_s,Ikan kalo bundir gini gak sih 😭 https://t.co/eL6LKmBBGP,Curhat Ringan,0.23305064035693898,0.2808834995284225,[],Tidak ada kombinasi evidence pemicu urgensi
2049372323342668082,Cals99_,@sbyfess Org yg ngancem bundir tuh sebenernya gk mau bundir wkwkwk dia tuh takut mati jg wkwkwk makanya tinggalin aja dr pd punya pernikahan rasa neraka. Toh dr awal kan sudah tau sifatnya. Kehendak bebas ada ditangan kamu. Jgn sampai korbanin masa depan anakmu dan kamu juga,Curhat Ringan,0.23275249068824624,0.2807166169990193,['Tekanan Emosional'],Tidak ada kombinasi evidence pemicu urgensi
2047677501787210216,yappingfess,"sebagai penderita depresi berat yg msh berjuang mati2an mengusir pikiran su*cidal melalui bantuan psikiater jujur ini kalimat paling JAHAT yg kubaca hari ini. kalian yg msh sehat mentaknya hrs tau semua org yg b*ndir GAK ADA yg mau m*ti, keadaan yg memaksa mereka begitu yap! https://t.co/wAtlzw7Sd0",Curhat Ringan,0.2326531280551232,0.28066096793521533,['Tekanan Emosional'],Tidak ada kombinasi evidence pemicu urgensi
2057054548536307781,0jenry1,"Butuh duit. 
Jujur. 

Kalau sampai depresi sih belum lah, tapi pikiran cuicaid kok kadang lewat aj. 🥲",Curhat Ringan,0.23231047176219832,0.28046893260695716,['Tekanan Emosional'],Tidak ada kombinasi evidence pemicu urgensi
2056162324424360113,_Hrst,"Ekonomi lesu, rupiah terus melemah, sampe ada kucing mau bundir 😭 https://t.co/9c1DL0pJ6k",Curhat Ringan,0.2322101038059845,0.28041264586376424,['Tekanan Emosional'],Tidak ada kombinasi evidence pemicu urgensi
2059932129019195473,darwisesa,"Kabayang atuda depresi na jadi dejek mah, nyakasian na persib hattrick laain 11x juara🥲",Curhat Ringan,0.23172481226615102,0.28014025272745074,['Tekanan Emosional'],Tidak ada kombinasi evidence pemicu urgensi
2054063563363533296,moonsnim,"@kudanielbintik aku beli Funiculi Funicula pas COVID, entah kenapa tapi aku baca tuh ga nyambung ga konek. akhirnya aku break dulu. pas depresi kemarin aku bawa-bawa buat nunggu psikolog dan poli lain, dan berhasil gas 2 buku selesai.

kataku, era bacaan itu berubah karna orang juga berubah.",Curhat Ringan,0.2313995339173577,0.27995745160362934,[],Tidak ada kombinasi evidence pemicu urgensi
2048423338327089567,Cookie_K3,"@LeriFellOff @ksooyuyujellee Suicidal person tuh mikirin diri sendiri aja udah capek makanya mau bundir, ini malah disuruh ikut mikirin orang",Curhat Ringan,0.230996667146923,0.2797307978976857,['Tekanan Emosional'],Tidak ada kombinasi evidence pemicu urgensi
2052398556057874436,Bhyunee614,"Depresi apaan segini mah masih normal klo mba nya ngikutin live Baekhyun yg sebelum2 nya apa kaga tambah shock jumpalitan d sofa, blm lagi random pilates, tbtb ngedj, tbtb konser 😭",Curhat Ringan,0.23078479111586722,0.27961148502248706,"['Gangguan Fungsi', 'Tekanan Emosional']",Tidak ada kombinasi evidence pemicu urgensi
2059665886353731964,craigda70964565,"@inipaprika Klo Masih bocah dibiayain ortu, jangan ngerasa kyk udah veteran di lingkungan kerjaan org dewasa. Byk org yg stress sama kerjaan nya tapi gak bisa berhenti karena takut gak dapet lagi kerjaan, stress nya sampe kyk mau bundir bukan stress tidur sembuh",Curhat Ringan,0.23073526982348277,0.2795835872491201,['Tekanan Emosional'],Tidak ada kombinasi evidence pemicu urgensi
2057175895102890255,drenerjt19,"@KevinPin__ @haluandotco kalimat ini cuman bisa diterima sama yg akalnya masih ada, yg sedang depresi mana mempan. Otak lg buntu itu gk bisa mikir, jadi solusinya ap? awasi yg punya gejala sampe dia tenang baru bicara kalau punya kemampuan bantu dia. Kata2 gk bakal bisa nyelesein masalah dia.",Curhat Ringan,0.23064865915666485,0.2795347851334196,['Tekanan Emosional'],Tidak ada kombinasi evidence pemicu urgensi
2052299814663294978,cscfairythinker,Hidup salah bundir juga salah,Curhat Ringan,0.2305957792239657,0.2795049828110319,['Tekanan Emosional'],Tidak ada kombinasi evidence pemicu urgensi
2048559346393489912,yourfavemeat,"Dan please jangan bilang kalo mereka ""lebay"" ke orang yang lagi depresi.
Gak semua manusia punya kemampuan ngelola emosi dengan baik 🙏

Selamat hari Senin gusy, sehat, berkah, barokah. Aamiin.

Foto: ig @.hasbibibiiii_ https://t.co/1UcCBt4NwU",Pertolongan Segera,0.2300726857374011,0.27920991706125664,"['Tekanan Emosional', 'Permintaan Bantuan']",R3: Tekanan Emosional + Permintaan Bantuan
2049117535728205824,haloakusa,"scene TRIMA masih fav wkwk MARAHIN AJA RAM MAU BUNDIR DIA

#BeriCintaWaktu",Curhat Ringan,0.22985818776150874,0.27908878741842325,[],Tidak ada kombinasi evidence pemicu urgensi
2047898656523894955,inganggita,"Udahlah ketikannya jahat, pake berita bundir buat clickbait cenblu.
Autoblocked.",Curhat Ringan,0.22955931623360423,0.278919878692338,[],Tidak ada kombinasi evidence pemicu urgensi
2054065413437506036,bulanmei377,"@neVerAl0nely___ Biarin aja dulu, liatin aja dulu, yang penting beliau GK bundir aja udah Alhamdulillah, kalau udah reda emosinya, yg di sana tolong beliau ya,  bantu tenangin beliau",Curhat Ringan,0.22941269369912065,0.2788369577942473,[],Tidak ada kombinasi evidence pemicu urgensi
2053345336324977037,ZhuoYifan888,"@buywle Sepengalamanku yang pernah hampir 2x(niat doang sih) , ya karena dipikiranku itu gk ada jalan lagi selain itu, setelah flashback, gw selalu ingat ayat2 yang bisa membuatku melihat banyak ""jalan"" yang lain.
Mungkin harus punya pondasi 'ini bukan akhir, banyak jalan lain' entah itu",Tidak Relevan,0.22914728784749513,0.2786867654684818,[],R0: Tidak ada sinyal kesehatan mental (anchor & evidence kosong)
2060279448621232538,TipeDarah,"@tiramisuslice_ baru aja mau komentar, 'ih enak dia mah, walau depresi masih bisa keluar negeri'...

pas fotonya di-tap, 🥺 bagusnyaaa!
padahal di sawah, langitnya juga bersih 

semoga hari-harimu berikutnya makin menyenangkan yaa kaa! 💚",Curhat Ringan,0.228608582237355,0.27838153730739246,['Tekanan Emosional'],Tidak ada kombinasi evidence pemicu urgensi
2047577302721335337,Kemangilly,"@yappingfess Lah memang, itulah kalian yang meromantisasi bunuh diri. Orang bunuh diri itu harus di tutup aibnya. 

Gak tau apa se triggering apa orang depresi yang liat liat tali aja udah mau gantung diri. Jadi STOP share kalo berita kayak gini.

Orang mikir bundir gak sekali 2x! Tiap hari!",Curhat Ringan,0.22847686909352366,0.2783068322774136,['Tekanan Emosional'],Tidak ada kombinasi evidence pemicu urgensi
2051257492940931172,cherrymoss_,"kerjaan gue literally berkaitan langsung sama forex, hal kayak gini tuh susah banget buat gue ga pikirkan and honestly angka-angka ini yg bikin gue lebih ‘depresi’ daripada kerjaan itu sendiri. jadi WNI emang sesulit itu untuk bahagia ya. https://t.co/nqlnKgtDxI",Curhat Ringan,0.22846975255209165,0.2783027950561408,[],Tidak ada kombinasi evidence pemicu urgensi
2049459943187841329,ecursr,@sosmedkeras kenapa bundir ya?,Curhat Ringan,0.2284007077242809,0.2782636212580132,['Tekanan Emosional'],Tidak ada kombinasi evidence pemicu urgensi
2047680259722715491,blackswan_maker,"@creepyroom Hari ini buka medsos full bunih diri yg ini dikediri satunya dimalang dijembatan cangar ad yg bundir part 2, kalau ad masalah cerita ketemen gess kalau ga nemu solusii mininal udah lega",Curhat Ringan,0.2280062044295602,0.27803963278279165,[],Tidak ada kombinasi evidence pemicu urgensi
2050392031181386138,iamiml369,"@SosmedAnu Lha gak ngomong, sekecil apapun diomongkan pasti enak kok. Jadi org ga enakan emang bikin org pengen bundir kk",Curhat Ringan,0.2277087430739537,0.2778705614985842,[],Tidak ada kombinasi evidence pemicu urgensi
2060148289006399867,ankbetawiasli,@Netizen_bawel @NgkongRoses Sampe segitunya uler depresi akibat habitat nya habis 😭😭,Curhat Ringan,0.22696702125909896,0.2774483015139898,['Tekanan Emosional'],Tidak ada kombinasi evidence pemicu urgensi
2048526463851540919,HumorJonTampan,"BUNDIR DI JEMBATAN
""Miris...masih muda udah pada Bundir (Bunuh Diri), ntar tuanya mau jadi apa coba??""

#Ngik https://t.co/uaVXIpa4gj",Curhat Ringan,0.22680981779859213,0.27735868096351624,[],Tidak ada kombinasi evidence pemicu urgensi
2059168603887587536,its_seani5,@bittermacarons Niranpete malah kaya dua-duanya depresi😂😆,Curhat Ringan,0.22674276918019912,0.2773204436807922,['Tekanan Emosional'],Tidak ada kombinasi evidence pemicu urgensi
2057790471376908307,_Hrst,Karena udah pada mati kelaperan dan bundir,Curhat Ringan,0.22573410286558088,0.2767442419673457,[],Tidak ada kombinasi evidence pemicu urgensi
2053333637924638770,AinilHafiz35532,@destipra22 @ardibhironx @Chelseaverse @Mangga1111 Jadi kenapa bundir kak?,Curhat Ringan,0.2248892747959864,0.27626022786805127,['Tekanan Emosional'],Tidak ada kombinasi evidence pemicu urgensi
2048273458359160905,pak_syifamila,"#Hikmah Depresi-Trauma dgn Ndunyo.
==
- Depresi itu bisa berujung gila.
Tapi depresi (meski akut/menyakitkan, smpai jambak² rambut, misale) itu bukan gila.

-Andai gila, pasti ga jadi bundir.
Ya krn gilanya aja itu sdh mnyelesaikan keruwetannya. Guya-guyu dewe, bebas njobo-njero. https://t.co/CASW8dLUz0",Curhat Ringan,0.2248234031966176,0.2762224349108609,['Tekanan Emosional'],Tidak ada kombinasi evidence pemicu urgensi
2049428313576558753,arkadraws,"@bennysiauw89 kejadian beneran di aku adalah mama mendukung tapi biaya pengobatan ga sanggup nanggung. sedangkan ayah nyuruh ga usah ke psikiater &amp; minum obat

as an adult, aku bisa pergi kontrol sendiri. tapi tanpa biaya yg mencukupi akhirnya aku kejerat pinjol yg berujung aku makin depresi",Curhat Ringan,0.22440918990896885,0.27598460515340173,[],Tidak ada kombinasi evidence pemicu urgensi
2050866657732760001,toe_giman,"Alhamdulillah jembatan Cangar ga lagi sangar..., hidup itu keras kawan, tp bundir, kalian kekal dalam siksaan kawan.. jgn ya, jgn... https://t.co/UAHAqQ61ep",Curhat Ringan,0.22425845933375307,0.2758979824456302,"['Keputusasaan', 'Tekanan Emosional']",Tidak ada kombinasi evidence pemicu urgensi
2050924297565413506,raidipia,"#sanegiyuu post war
doodle abis depresi /j. https://t.co/iU0WBp7IVX",Curhat Ringan,0.22406683473089514,0.27578779874425946,['Tekanan Emosional'],Tidak ada kombinasi evidence pemicu urgensi
2053054012703076617,RaNn_Clash,"@DravenweX Tolol, pdhl tgl diputusin ato menghilang kelar masalah, ngapain si lo hnya krna lobang malah bundir.. msh muda umur msh pnjang, lo idup ngebujang jg gk ada masalah",Curhat Ringan,0.22390253979549454,0.2756932761633035,"['Gangguan Fungsi', 'Tekanan Emosional']",Tidak ada kombinasi evidence pemicu urgensi
2048734584339317054,C_TaKaWaKa,"@HumorJonTampan Keknya korban slogan : 
Kecil dimanja2, dewasa bundir juga, mati masuk neraka.",Curhat Ringan,0.2235737633141366,0.2755039753335895,[],Tidak ada kombinasi evidence pemicu urgensi
2053568841096069426,AemiliusPaullus,"@panTelocvikar A ze ten umi vylecit kdejakou depresi😃 ale jinak jo, rekl bych ze laicky se to tak da chapat. Zminena aktivizace muze fungovat i u te “chemicke”, jde spise o stupen, lehkou “chemickou” taky rozhybem, u tezke stuporozni si neskrtnem at uz ji spustilo cokoliv.",Curhat Ringan,0.2223175619945626,0.2747788555694349,"['Keputusasaan', 'Tekanan Emosional']",Tidak ada kombinasi evidence pemicu urgensi
2059234159567196274,burungmmq,"Kalau ditanya:

1. Kok bisa gue bikin branding ini akun jadi rated
2. Kok lo mau jadi olahraga parah

KENAPA JADI RATED?

- Dibisikin kalau badan gue gemuk jelek puluhan kali. Even jd bercandaan itu bikin gue kepikiran terus sampe nangis
- Pas single, ternyata badan gue ga segitu",Curhat Ringan,0.22230853212131996,0.27477363266728144,['Tekanan Emosional'],Tidak ada kombinasi evidence pemicu urgensi
2060591768878641372,fadhalamudi,Potret orang depresi https://t.co/kPJZP2bRQ0,Curhat Ringan,0.2221046374341977,0.2746556590903889,['Tekanan Emosional'],Tidak ada kombinasi evidence pemicu urgensi
2048450712527655009,elegibumi,"Hari-hari pergulatan di X selalu ada saja gebrakannya, 
Keributan, faker, eksploitasi bundir, pengemis engagement, pengemis followers...
Ada istilahnya nakal diri sendiri itu gpp asal engga merugikan orang lain-
Kek salto..
itu resep kuno jangan di bagikan.
Nanti engga sakti lagi",Curhat Ringan,0.2198743794424305,0.2733601422020883,"['Gangguan Fungsi', 'Tekanan Emosional']",Tidak ada kombinasi evidence pemicu urgensi
2059516172417306919,yupipampir,"@inipaprika @geminorhs 1 hari aja kita bisa tau lingkungan itu toxic apa ngga, kamu belum ngerasain yg kayak gitu ya? makanya sotoy banget, kalo amit amit ade kamu bundir karna kamu maksa dia bertahan di tempat lingkungan toxic yg kata kamu ngga itu, ngga usah sedih.",Curhat Ringan,0.21933071830058587,0.2730429114717426,['Tekanan Emosional'],Tidak ada kombinasi evidence pemicu urgensi
2049149393316856038,pookymugs,"TW suicidal

1. org memutuskan untuk bundir itu karena dia tau masalahnya saking ruwetnya dia udh ga mikirin dosa/engga lagi
2. org bundir emg bukan buat nyari solusi, emg cuma mau escape
3. org udh mumet ruwet mana bisa mikirin gituan kocak. realistis dikit napa",Curhat Ringan,0.21928338937152392,0.27301526792121655,[],Tidak ada kombinasi evidence pemicu urgensi
2054550239982518754,pjwtop,"Gw gak ngerti sama komentarnya banyak yg kayak gaada hati ya. Bisa jd dia lagi masa depresi, org lagi tak baik secara mental mana ada semangat mengurus diri.",Curhat Ringan,0.2184510651149433,0.2725284266652483,[],Tidak ada kombinasi evidence pemicu urgensi
2058135209225101431,_sslog_,"NESTŘÍLEJTE SE VLASY OPILÍ A V HLUBOKÉ DEPRESI, FAKT NE!!!",Curhat Ringan,0.21822948985706486,0.27239859826637036,['Tekanan Emosional'],Tidak ada kombinasi evidence pemicu urgensi
2056316825252896842,0xhelmtempur,"lu pake logika snowball begini nentuin haram gk bakal bisa hidup tenang kalian. 

temen lo abis becanda ngatain muka lu kaya cepirit toilet rest area, trs lu bales ngatain mukanya kaya jamban gk disiram 3 hari, dia pulang2 kepikiran insecure trs bundir, masa lu yg dosa jariyah",Curhat Ringan,0.21814578541437368,0.2723495282910087,"['Gangguan Fungsi', 'Tekanan Emosional']",Tidak ada kombinasi evidence pemicu urgensi
2050185202866229732,meowlloren,"mungkin kamu akan mati tanpa tau apa-apa juga (mengingat mati hanya butuh hidup), tapi tetep harus hidup berontak dari absurdnya eksistensi. yah, walaupun aslinya udah ga semangat untuk hidup lagi, tapi kalo bundir gamau lah, maunya dibunuh aja, atau nunggu takdir (semoga segera)",Curhat Ringan,0.2180775822994215,0.2723095356063409,[],Tidak ada kombinasi evidence pemicu urgensi
2050200893094867266,joonperpusnas,@lesserapphic comment section dia ga ditutup padahal isinya bikin depresi omg mental fandomtwt ini mah,Curhat Ringan,0.21774171592353106,0.27211245984742133,['Tekanan Emosional'],Tidak ada kombinasi evidence pemicu urgensi
2057265453316391166,springlettuce,@Purplewithyell1 depresi dalam keadaan mahadahsyat,Curhat Ringan,0.2177401684442337,0.27211155132813886,['Tekanan Emosional'],Tidak ada kombinasi evidence pemicu urgensi
2059354056087539922,suuzzuuu,"biasanya kl udah dirumah dan dikamarku gampang bgt tidur. ini kenapa sampe jam segini tetep gabisa tidur ya, kirain dikos doang gabisa tidurnya trnyata sama aja. takut depresi bgt yatuhan:(",Curhat Ringan,0.21758033763994966,0.2720176901555423,"['Gangguan Fungsi', 'Tekanan Emosional']",Tidak ada kombinasi evidence pemicu urgensi
2060223070472896886,scrotumcru5h3r,"This is why aku ga bisa baca Queer Menafsir. Karena meskipun progresif, aku merasa seperti harus maksa diri aku buat percaya bahwa Islam adalah agama yang mengasihi para queer, padahal kalau baca Al Quran mah... haduh serem euy sampe bikin aku pen bundir",Pertolongan Segera,0.217222520818864,0.271807380415725,['Indikasi Krisis'],R1: Indikasi Krisis terdeteksi
2058101896116641807,membelaimu,"@azookeeper24 hadeeh bidan lagi, same case deket rumah dlu ada bidan sembarangan kasi loperamid ke anak, tbtb sorenya depresi nafas😇 si bidannya ditegur sm DSA ga terima ih aneh pisan",Curhat Ringan,0.216764256702314,0.27153766606793256,['Tekanan Emosional'],Tidak ada kombinasi evidence pemicu urgensi
2058009027674792306,r_aaaaaaa_,"Sorry mungkin agak ga nyambung. Siapapun itu yang sedang diposisi kayak gini atau ada temen kalian yang kayak gini, jangan ditinggalin ya gais. Mental dia pasti lagi ancur-ancurnya. Emosinya bener-bener ga stabil. Dia pasti ngerasa kayak hilang arah dan berantakan. 

Yeesss… dia",Curhat Ringan,0.21673317909546388,0.27151936021718115,['Tekanan Emosional'],Tidak ada kombinasi evidence pemicu urgensi
2050353344028516497,siKuruy,"@KapudS640 Ini juga... Bundir 16 tahun😭
Menikam
Bakar diri
Ntah mana duluan yg dilakukan... https://t.co/fLITxME5ht",Curhat Ringan,0.21633153254206705,0.2712826046076688,[],Tidak ada kombinasi evidence pemicu urgensi
2058483513884541034,bopo_jodhipati,"Baru sampe kosan dari ketemuan sama murid les ku dulu, cewek, sekarang kuliah di Jogja, lagi balik jakarta karena liburan idul adha katanya, 

Di sela2 ngobrol dia tadi cerita, kalau gw dulu pernah nyelametin hidup dia, gw bingung dong maksudnya gimana…

Jadi ternyata pas SMA",Tidak Relevan,0.21574711008747402,0.2709375403144143,[],R0: Tidak ada sinyal kesehatan mental (anchor & evidence kosong)
2057647685709316475,mickeymrdt,"✨5 Hal yang Gw Syukuri Tiap Pagi di Usia 29 (biar ga depresi)✨

1. Masih bisa bangun pagi

Sehat itu privilege yang sering dilupain. Napas masih jalan, badan masih bisa gerak  itu udah menang duluan sebelum hari dimulai.

2. Punya orang yang peduli

Entah keluarga, teman lama, https://t.co/DwcGbLdnwI",Curhat Ringan,0.2156878857455727,0.27090253432591754,[],Tidak ada kombinasi evidence pemicu urgensi
2048524305143849395,fhmeekubrick,"@equilibriumdots That’s what I said, orang kalo udah mau bundir mau diceramahin masalah dosa dan Tuhan mah kebal. Lebih luluh kalo didengerin dan dipeluk.",Curhat Ringan,0.215347967479983,0.27070148244048614,[],Tidak ada kombinasi evidence pemicu urgensi
2052047999971508424,liaasister,"@twitnyapimma Pokoknya jangan di pendam sendiri kalau ada apa apa , kalau gak ada yg bisa di ajak curhat , berusaha untuk rilex &amp; gak  berlarut larut dalam emosi , nanti malah depresi .  Tenang dalam menghadapi masalah apa pun &amp; mendekat kan diri kepada Allah .",Curhat Ringan,0.21490206898342223,0.2704373968370033,"['Keputusasaan', 'Tekanan Emosional']",Tidak ada kombinasi evidence pemicu urgensi
2059976719529037851,Kyungsoo_anaee,"Nggk banyak orang ngerti. Keadaan ekonomi lagi sulit terus depresi malah disuruh ""liburan aja dulu beberapa hari-sebulan gitu"" 🙄🙄",Curhat Ringan,0.21450428430175086,0.27020147081577417,"['Gangguan Fungsi', 'Tekanan Emosional']",Tidak ada kombinasi evidence pemicu urgensi
2056165887967887699,putsalss,"@kancil_rusa @tanyarlfes Iya, tapi at least kalo nyari makan dari tempat sampah juga jangan dipilih yg paling busuk ga sih, bundir namanyaa 😭",Curhat Ringan,0.21349061243478626,0.2695988203539993,[],Tidak ada kombinasi evidence pemicu urgensi
2054051637984166248,petitegurI,"@LimaWaluSara bacot tu emak2 yg nyudutin si ibu, udh keliatan bgt ada org lg depresi malah ditanya tanya mulu. org depresi kalo ditanya ""kenapa"" biasanya gatau mau jwb apa tapi lgsg nangis. awal didiagnosa depresi jg gw gabisa jwb apa2 pas ditanya dokter, cuma bisa nangis dan blg kasian anak.",Curhat Ringan,0.21339757647885788,0.26954340410955024,['Tekanan Emosional'],Tidak ada kombinasi evidence pemicu urgensi
2059999566238540228,garistengah_id,"Selama kalian nonton bola, pernah ada gak pemain yg kalo kita liat sosoknya tuh bawaannya pengen nangis?

Gua ada lagi, namanya Paul Caddis 💙

Kenapa tiap liat dia bawaannya pengen nangis? Karena emang dia udah dua kali bikin gua nangis nonton bola..

2x setahun bahkan! 😭😭😭 https://t.co/ZlIiV7X8Qt",Curhat Ringan,0.21260458749496935,0.26907034913698835,['Tekanan Emosional'],Tidak ada kombinasi evidence pemicu urgensi
2049030348189896732,whyoumadson,Orang lain yg dpt susah? Lah awakmu nek merasa disusahkan ngurusi mayat bundir lha mbok uwes jarno ae? Iseh ono menungsa sik ikhlas ngurus mayate. Ngurus mayat bundir ra beda karo ngurus mayat mati normal. Lapo kok awakmu merasa disusahkan? Sopo sik meksa awakmu ngurusi mayate???,Curhat Ringan,0.2125527392159142,0.2690393744092999,['Tekanan Emosional'],Tidak ada kombinasi evidence pemicu urgensi
2049156105704755236,bugkehidupan,"seberat apapun depresi kalian, jangan pernah berhenti bergerak.

because depression can’t hit a moving target😉",Curhat Ringan,0.21186822429888486,0.2686299193989147,['Tekanan Emosional'],Tidak ada kombinasi evidence pemicu urgensi
2052256386822897797,ayamgoyengvy,@Ardaffaf Wkkwkw mreka ingin kita terus depresi lalu berontak demo Rusuh mreka dan bos besar nya Cuann🤣😅🤑 Tau aja Tempo kan dpt Bansos OSF kalau g buat berita clickbait dan tedensius Meriang Pasti🤣,Curhat Ringan,0.2103553203209702,0.2677215030699065,['Tekanan Emosional'],Tidak ada kombinasi evidence pemicu urgensi
2053071230513901808,democrazymedia,"Bongkar Rahasia Kelam! Mantan Guru Al dan El Ungkap Tekanan Mental yang Tak Terbayangkan: Sekarang Gak Gila Aja Alhamdulillah
https://t.co/mvnnQVn69G",Curhat Ringan,0.2098371344135318,0.26740925962274725,['Keputusasaan'],Tidak ada kombinasi evidence pemicu urgensi
2049032827061354686,besekjumatan,akun info mitigasi nirempati dan tolol. bigot koar koar ga guna soal bundir semoga ga bakalan ada di posisi mereka deh ya.,Curhat Ringan,0.20943284445898466,0.2671652530178879,[],Tidak ada kombinasi evidence pemicu urgensi
2047918791884153032,Caplin_15,"@tanyakanrl kirain lolos dari covid bisa lebih tenang sbg wni, gataunya malah dihantui banyak hal. 
mulai dari semua-mua mau dikenain pajak, sulitnya menapatkan pekerjaan &amp; upah yg layak, nilai rupiah makin melemah, kejahatan ks &amp; bundir dimana-mana, kurang tegasnya penetapan hukum.",Curhat Ringan,0.20878947041277124,0.26677623370831666,['Tekanan Emosional'],Tidak ada kombinasi evidence pemicu urgensi
2048571257185288307,HatsuyukiKuro,"Sempet depresi lumayan berat but im okay now, berharap bisa pindah sih secepatnya, tapi ga bakal dikasih kalo blm nikah 🤣",Curhat Ringan,0.20800859977027236,0.2663028890436346,['Tekanan Emosional'],Tidak ada kombinasi evidence pemicu urgensi
2053828255946568050,akuwongbejo,Aku sudah menepati janji resign itu. Congratulations on my successful action! Alias sudah berani keluar dari lingkungan toxic!,Tidak Relevan,0.20773109446557592,0.26613435668475705,[],R0: Tidak ada sinyal kesehatan mental (anchor & evidence kosong)
2059948442420683194,melatinezz,"KANGEN BANGET SAMA SAYANG-SAYANG KU 🥹🥹, SEMOGA KALIAN JADI ENGINEER YANG BAIK YAA (ignore my hair, lagi depresi laprak era sampe gak keurus.. gwah akan potram 😋😋) https://t.co/BIk3tJHCfl",Curhat Ringan,0.2073247095069918,0.26588725411530695,[],Tidak ada kombinasi evidence pemicu urgensi
2054784719649431800,markizusss,"air terjun itu knpa sih, karena depresi ya?",Curhat Ringan,0.2066913940247859,0.2655014522147901,['Tekanan Emosional'],Tidak ada kombinasi evidence pemicu urgensi
2048726049278886194,A1ki4_ku5_21,"@rimacahaya661 Klo disini modelan pjbt gitu, Besoknya lgsung bundir klo ga mundur",Curhat Ringan,0.20666138396363,0.2654831490733407,[],Tidak ada kombinasi evidence pemicu urgensi
2049122207104962950,Tokioshy_,"@AoiShiro010203 @tanyarlfes ""Ga semua masalah ada jalan keluarnya bangsad"" bundir juga bukan jalan keluar berarti? Kan gak semua masalah ada jalan keluarnya? Kalo bundir menyelesaikan masalah, berarti ada dong?",Curhat Ringan,0.20650212176901153,0.26538598212328823,[],Tidak ada kombinasi evidence pemicu urgensi
2048107335361466632,mkbijaksana,"Kalau aing pake logika gini boleh ga?

MISALKAN nih, bener yang bunuh diri masuk neraka karena dosanya...

Maka:
- Orang2 yang si pelaku putus asa sampai pengen bunuh diri
- Orang2 yang ngebully dan gak memperdulikan keresahan dan segala gejolak si pelaku
- Orang2 yang",Curhat Ringan,0.20633569292744472,0.2652843835001642,['Keputusasaan'],Tidak ada kombinasi evidence pemicu urgensi
2057810782310789568,nyembahrussell,"Pada mati kelaparan, mati dibegal, mati bundir karna prabowo ngomul, mati dibunuh aparat 🤗",Curhat Ringan,0.20590644427337662,0.26502206289406977,[],Tidak ada kombinasi evidence pemicu urgensi
2057597450287014342,Mrs_Ulya,"@hope_emak @AntoniusCDN Barusan liat jg di threads, keknya ni ibuk2 emang depresi dah.",Curhat Ringan,0.20569676370053036,0.2648937765396003,['Tekanan Emosional'],Tidak ada kombinasi evidence pemicu urgensi
2049440281791963517,lomeny_tomas,"@kolkava Ach jo, zase jsem nechtěna náhlédl do vývoje na Slovensku a jsem zase v depresi :D",Curhat Ringan,0.20544682010827447,0.2647407298738306,"['Keputusasaan', 'Tekanan Emosional']",Tidak ada kombinasi evidence pemicu urgensi
2059987815560266183,puspaswarna,Moga Kurt Cobain tetap istirahat dg tenang &amp; ga bundir lg di alam sana dengar lagu ini.,Curhat Ringan,0.20538020780364236,0.26469991821231265,['Tekanan Emosional'],Tidak ada kombinasi evidence pemicu urgensi
2048074883108896908,piqhipiqs,"@arman_dhani Intinya orang BUNDIR adalah orang yg putus asa dan menentang ketetapan Tuhan! Gabisa dibelain juga, lu kira anak² di video ini lebih nikmat hidupnya dibanding KALIAN? Gak! Tapi mereka gk putus asa!! Itulah pentingnya bermindset Tauhid. https://t.co/oq3RO11XJP",Curhat Ringan,0.2051086320237114,0.2645334289832549,['Keputusasaan'],Tidak ada kombinasi evidence pemicu urgensi
2050128890568585440,Chimmy1990,@Prodigy465604 @meyimije Laki2 yg paling banyak bundir. Lemah. Wakakak,Curhat Ringan,0.2046297165045891,0.264239431330652,[],Tidak ada kombinasi evidence pemicu urgensi
2050909584530067894,rreestav,@ho_su9999 @momwholifts paling bener org bundir biarkan aja krn niat bantu kita bakal dianggap salah wkwkw,Curhat Ringan,0.20421915306770713,0.26398698669491394,[],Tidak ada kombinasi evidence pemicu urgensi
2057604473271496992,jzlove29,"@nevvzz @cheeseheartclub Menyebalkan tai, dia ngejudge, bukan nasehatin, jangan hidup di lingkungan toxic kak sampe nasehat kayak gitu lumrah di kamu, itu ga lumrah, itu toxic",Curhat Ringan,0.20372049267603717,0.2636798656348026,['Tekanan Emosional'],Tidak ada kombinasi evidence pemicu urgensi
2048637665843798196,mascarponesoup,hhhhhhhhhhhhh mw bundir i should just jump from the 3rd floor like i planned countless of times already,Curhat Ringan,0.2036831223012631,0.26365682699463583,[],Tidak ada kombinasi evidence pemicu urgensi
2052259779872235640,Don_Cassava,@airplanestar_ Grok depresi berat https://t.co/qh7xJHqTsw,Curhat Ringan,0.20367736659254965,0.2636532783508301,['Tekanan Emosional'],Tidak ada kombinasi evidence pemicu urgensi
2052348884270076080,d_olbright,"Když se snažím vysvětlit svou depresi, tak začnu propadat do ještě větší deprese. 

Nakonec mé vysvětlování zjednoduším na: “Paní doktorko, já su kokot” 

To je, doufám, dost srozumitelné.",Curhat Ringan,0.20337594201350984,0.26346733263044647,['Tekanan Emosional'],Tidak ada kombinasi evidence pemicu urgensi
2053090512094273704,choymarkochoy_,"Sudah banyak juga yg datang ke saya dan curhat hal ini

Bahkan di 2014 saya di rumah tangerang sempat merawat kawan yg bisa dikatakan depresi berat krn banyak nya biaya keluar, tapi jauh dari ekspetasi, 

Bahkan salah satu mantan Exco PSSI pun curhat

https://t.co/GZT9dATjpz",Curhat Ringan,0.20275635960739039,0.2630844730319399,['Tekanan Emosional'],Tidak ada kombinasi evidence pemicu urgensi
2060170105909313585,nauudyy_,@schfess Nilai 615an nyoba FKG bundir ya? 😭😭😭🙏,Curhat Ringan,0.2027465109095433,0.2630783801729029,[],Tidak ada kombinasi evidence pemicu urgensi
2050989546708623617,Irkaaa____,@elengger022 @Axoraxyv5nq @momwholifts Dan lagian itu belum tentu dia mau bundir. Bisa jadi hanya sedang depresi atau kalut trs impuls duduk disana dan blm mikir buat lompat bunuh diri. Makanya tugas security ya prepare buat penyelamatan. 😢 bkn lgs main dekatin aja n bikin kaget kayak di video tnp perencanaan,Curhat Ringan,0.2020319660534612,0.2626357393734383,['Tekanan Emosional'],Tidak ada kombinasi evidence pemicu urgensi
2053103557700964483,Xoell5,"@nophagundol @DravenweX Komen tuh opsional btw. Gada yg menormalisasikan bundir sih. Cuma mau bilang, kalo sekedar ngomong jujur anak TK juga bisa, bedanya org DEWASA tau tmpt kapan harus ngomong kapan harus di keep. Semoga kita semua tetep warass hehe",Curhat Ringan,0.2017604404140396,0.26246723026940316,[],Tidak ada kombinasi evidence pemicu urgensi
2047684355171197057,DimzDimzPJ,"Sebagai orang yang dikasih kelebihan punya anxiety+depresi bisa bertahan di 1 hari itu aja merupakan suatu prestasi 

Semoga kalian sehat2 ya https://t.co/tzzMPFg4bL",Curhat Ringan,0.20174263331601275,0.26245617324655707,"['Gangguan Fungsi', 'Tekanan Emosional']",Tidak ada kombinasi evidence pemicu urgensi
2057769184336220325,FRamadhannyy,@tanyarlfes Siapa butuh teman cerita ?,Curhat Ringan,0.2014221040956038,0.2622570210785577,['Permintaan Bantuan'],Tidak ada kombinasi evidence pemicu urgensi
2047710896919904359,itsevenyx,@Kemangilly @yappingfess lu gk mau share berita gini trs gmn orgtuanya nyariin bego blm lg tmn2nya yg mgkn udh gk tinggal lg sekota sm dia klo gk dr berita ya dr mana taunya bego. bkn beritanya yg salah tp cenblu2 tolol kek ELU slh satunya yg menormalisasi kata fomo buat penderita depresi. gk usah sotoy,Curhat Ringan,0.20138882662476792,0.2622363314484105,['Tekanan Emosional'],Tidak ada kombinasi evidence pemicu urgensi
2050219793899540925,_Bagusajiwo_,"gimana cara bantu orang yg depresi karena tekanan hidup?
aku tau pasti uang kan, tapi itu kurang tepat karena ada batasan dan akan malah melahirkan mental minta minta..
ayok yg paham kasih tau dong.",Pertolongan Segera,0.20127969568764087,0.2621684634324276,['Indikasi Krisis'],R1: Indikasi Krisis terdeteksi
2059647382028218504,UrBaeQil,"@qutiews Berharap ke diri sendiri aja ga bisa, 24/7 di teriakin diri sendiri di kepala kalo kita orang yg gagal, ga deserves anything, pathetic, weak, di suruh mati tiap 15 menit, di bantu bikin plan bundir.  Mau minta tolong ke siapa? Musuh nya diri sendiri",Curhat Ringan,0.2010890442549804,0.262049832127311,['Tekanan Emosional'],Tidak ada kombinasi evidence pemicu urgensi
2051648774687097101,yeezef0,@jiripribyl https://t.co/ZBZujvK3Hp podle tohohle prispevku nekde hluboko v depresi,Curhat Ringan,0.2010440005432266,0.2620217917543469,['Tekanan Emosional'],Tidak ada kombinasi evidence pemicu urgensi
2048260115988660523,cubitski,"cara melawan gejala depresi ala aku:

1. mandi
2. jalan kaki kena matahari
3. kurangin main gadget
4. udah ada tenaga dikit, bersih-bersih
5. berat tp kupaksa karena kl udah telanjur depresi rasanya masuk lorong gelap susah keluar

kalo tetap tidak membantu seek professional help",Curhat Ringan,0.20104398676244836,0.26202178317489044,['Tekanan Emosional'],Tidak ada kombinasi evidence pemicu urgensi
2050873762896290277,integreet,"@Tyara25535280 @momwholifts Tolol. Kl pemadam kerja asal malah bikin rumah sebelah ancur jg lu mo bilang yg pntg cb nolong? 

Kl asal kek gitu mending dia diemin,, nunggu yg beneran ngerti nolongin. Lu pikir org mo bundir tuh hobby apa gmn?? Smg elu ga pernah rasain kejepit sana sini ampe ga bs mikir lurus",Curhat Ringan,0.200838645976977,0.26189389590061074,[],Tidak ada kombinasi evidence pemicu urgensi
2047893907925787129,dexter841490834,"@19BROMAN @crasher orang depresi di rangkul bukan di kerasin , aneh wkwwk , orang lagi stress lu maki2 sumpah2 in , gblk",Curhat Ringan,0.20055497637955658,0.2617170639110334,['Tekanan Emosional'],Tidak ada kombinasi evidence pemicu urgensi
2048167882425798864,ifanismail,"@mediterariaa_ Membayangkan dengan mudah bahwa fenomena ini malah akan dijadikan pembenar utk doubling down nyalahin rakyat: ""tuh rakyat masih kurang dewasa dan kurang bersyukur; kok malah pada bundir.""",Curhat Ringan,0.2004756040920127,0.2616675518227346,['Tekanan Emosional'],Tidak ada kombinasi evidence pemicu urgensi
2048432538021146736,navcdnie,"e buset sinis amat. Mana dibilang fomo, berpikiran sempit, kurang bersyukur. Gbisa gt ya berempati sm yg lgi suicidal? pantesan org"" pd bundir, org dikasih 'advice' nya begini",Curhat Ringan,0.20046998416429718,0.26166404557950573,['Tekanan Emosional'],Tidak ada kombinasi evidence pemicu urgensi
2054261518657544218,fess10nopember,Aku kena hiv dri cowo fti 23 n skrg ak depresi total mau ngelakuin b*nh d*r*. dan apakah ini bisa disebut pelecehan krna bkn mau sama mau... https://t.co/uBrouGkvAv,Curhat Ringan,0.19827791981240966,0.26029076675573987,[],Tidak ada kombinasi evidence pemicu urgensi
2051284793455976802,a_01pr,@kakakamri @sinepilgadungan Pas kasus pembulian dokter sampe bundir,Curhat Ringan,0.19779019086133015,0.25998366457043276,[],Tidak ada kombinasi evidence pemicu urgensi
2047905857871204647,s_rlmdhn,"@dexter841490834 @19BROMAN @crasher itu kan ngatain yang bunuh diri, bukan orang yang depresi kocak",Curhat Ringan,0.19748271399267167,0.259789766145475,['Tekanan Emosional'],Tidak ada kombinasi evidence pemicu urgensi
2052253347873525928,GeminiRyun,"hari ini aku Off day work, 
jadi di rumah bebersih yg bisa ku bersihin, 
siapin makanan bocil yg sejak pagi udah 2x minta di masakin..
nyuci semua wadah2 yg selama ini isinya udah abis dan sambil ttp nemenin laki yg lg siap2 kerja..
nah, karena di rumah cm berdua sama bocil",Curhat Ringan,0.19741079084686472,0.25974437775033893,['Gangguan Fungsi'],Tidak ada kombinasi evidence pemicu urgensi
2058215323111928028,PaklekNgalam,"@Leoni_laa Yg ptg tau lifestyle sm cinta aja.
Klo ke random people ya bundir namanya",Curhat Ringan,0.19739219591239882,0.25973264105392224,[],Tidak ada kombinasi evidence pemicu urgensi
2053123726556967035,icyberpunkcity,"@archmikhaela @dokyeomuin Jadi depresi jir, bkn kepribadian baru😹",Curhat Ringan,0.19699490143881782,0.2594816784063975,['Tekanan Emosional'],Tidak ada kombinasi evidence pemicu urgensi
2053190115728687377,vyowiz_,"Seseorang yang sedang mengalami kecemasan dan depresi sering kali hidup di antara dua hal yang saling bertabrakan. Takut, tapi juga lelah. Ingin produktif dan memperbaiki hidup, tapi tubuh dan pikirannya seperti kehilangan tenaga untuk memulai. Ingin punya teman cerita, tapi di",Curhat Ringan,0.19671053757898627,0.25930181705590455,['Tekanan Emosional'],Tidak ada kombinasi evidence pemicu urgensi
2057042185498067434,hiddenscrt30,"Nah, kalau lo mau yang lebih menantang dan ""nampar"" realita, langsung gas nonton spin-off nya, Hataraku Saibou Black. 

Bedanya 180 derajat! Anime ini ngegambarin kondisi tubuh manusia yang hancur-hancuran akibat gaya hidup toksik: jarang olahraga, stres berat, merokok, minum https://t.co/ZVf9vGSKbw",Curhat Ringan,0.19666371064724356,0.259272180000941,['Tekanan Emosional'],Tidak ada kombinasi evidence pemicu urgensi
2048801921369342174,litdrugs,"dih, yaudaa sih. org kek gini knp ribet dah. lagian depresi koar koar, berobat lah. di tenangin orang, malah makin ga terima.",Curhat Ringan,0.19595349730903136,0.2588220265778628,['Tekanan Emosional'],Tidak ada kombinasi evidence pemicu urgensi
2056180143518073150,hyangthanos,"@BudiWorks64642 bener
lingkaran setan bang jatuhnya

Bokep - judol - pinjol - bundir

gitu aja terus",Curhat Ringan,0.19568422819117914,0.2586510336308768,['Tekanan Emosional'],Tidak ada kombinasi evidence pemicu urgensi
2047936106319192132,meownbinie,"@19BROMAN @crasher ya elu juga ngeshare begini malah berpotensi makin rame lolot. kalau ada yang bundir tuh baiknya jangan dishare cara bundir atau tempatnya. cenblu nyari duit begini amat, ga berkah duit lu",Curhat Ringan,0.19556035840672675,0.2585723132798166,[],Tidak ada kombinasi evidence pemicu urgensi
2059294298982723648,thegearfive,"@yappingfess salahnya di mana? yg begini begini perlu biar org lebih kritis ngadepin kehidupan, nanti ga sesuai ekspektasi, merenung, kecewa, sedih, depresi, dll. taek.",Curhat Ringan,0.19485318652058176,0.25812217475789967,['Tekanan Emosional'],Tidak ada kombinasi evidence pemicu urgensi
2051255127290290273,Kemangilly,"Buat temen temen yang mau tau lengkap soal aku. Hihi

Ini bener bener lengkap banget. Ini real no fake ya. Aku diskusikan semua sama AI dan dia ngerecord semua dan ngasih summary di poster ini. 

Dari minta ide, review CV, sama minta saran gimana caranya biar PD ngobrol di ruang https://t.co/q1BsjcoM6a",Curhat Ringan,0.19361160026103974,0.257328857978185,['Permintaan Bantuan'],Tidak ada kombinasi evidence pemicu urgensi
2056176132224090196,coffietheory,"@mayang_b Aku juga dari awal mikir, ""kalo rajanya mati kenapa ga ratunya aja yang mimpin, apa masih pertahanin tradisi perempuan gaboleh mimpin?"" Ternyata dari web novelnya, Ian udah wakilin si raja dari waktu masih hidup. Si raja ini depresi sampe kejanduan alkohol makanya beban banget",Curhat Ringan,0.1934986199501858,0.25725647716811206,[],Tidak ada kombinasi evidence pemicu urgensi
2048074698794405965,piqhipiqs,"@youbutihateyou @arman_dhani Sama2 goblok.
Intinya orang BUNDIR adalah orang yg putus asa dan menentang ketetapan Tuhan! Gabisa dibelain juga, lu kira anak² di video ini lebih nikmat hidupnya dibanding KALIAN? Gakk! Tapi mereka gk putus asa https://t.co/wTVPoozRFF",Curhat Ringan,0.19344326877709803,0.257221004728115,['Keputusasaan'],Tidak ada kombinasi evidence pemicu urgensi
2058121983641235709,Ich_2001,@uzy__ @hist0riann Ketawa pengangguran.. Depresi kyknya..,Curhat Ringan,0.19335332634418814,0.2571633476199526,['Tekanan Emosional'],Tidak ada kombinasi evidence pemicu urgensi
2051150815033950236,sainzpod,siapa yg ga depresi klo dilecehkan. tapi orang2 anjing ini gapernah berkaca bajingan. semoga matimu perlahan dan menyakitkan.,Curhat Ringan,0.19325683668913687,0.2571014707738703,['Tekanan Emosional'],Tidak ada kombinasi evidence pemicu urgensi
2049132070639927590,Thex460202,"@Bambangmulyonoo Bagaimanapun juga, wowo mudanya pernah dekat dengan aktivis tulen soe hok gie. Kadang saya berharap itu fase baik wowo, sampai dia depresi dirawat purnomo kasidi, sampai fase stroke. Seandainya si teddy itu adalah soe hok gie, bagus buat rakyat. Sayangnya...",Curhat Ringan,0.19256866164152345,0.25665947523984045,[],Tidak ada kombinasi evidence pemicu urgensi
2050846760852185569,ricoe991,"@Anak__Ogi niat bundir, alhasil kejadian juga, bagus lah... lain kali jgn caper, klo stress ke psikolog dek🗿",Curhat Ringan,0.19253608220688462,0.25663852059479914,['Tekanan Emosional'],Tidak ada kombinasi evidence pemicu urgensi
2048066987755225450,FrancyFran8534,"@arman_dhani @BudiBukanIntel Pdhl klo lihat trend akhir2 ini byk yg bundir yg dipertanyakan tuh fenomenanya bukan org nya, bukannya makin awas klo negara makin bobrok gk ada penanggulangan cepat apa2, istilahnya negara mncoba hadir dgn berita duka sesering ini duhhh",Curhat Ringan,0.19176271105365625,0.2561403037923755,['Tekanan Emosional'],Tidak ada kombinasi evidence pemicu urgensi
2050802124028788852,aalim_ashari,"@BangPino__ Itu kalo bundir, kemensos harus turuntangan sih",Curhat Ringan,0.1917045311285735,0.25610276153593353,[],Tidak ada kombinasi evidence pemicu urgensi
2058743877558026594,Bahrudiiiiiiiin,@jawafess Gen-Z KLO bundir jadi Gen-tayangan,Curhat Ringan,0.19168452904744837,0.2560898526148363,[],Tidak ada kombinasi evidence pemicu urgensi
2057990228955308447,meongppizism,Bedanya kalo gw diginiin sama keluarga sendiri wkwkwkw tapi tetep dianggap gak “depresi” padahal udah terdiagnosis walaupun diagnosis bukan pemeran utama di sini tapi kan ... : ),Curhat Ringan,0.19147290322008825,0.25595321077289,[],Tidak ada kombinasi evidence pemicu urgensi
2048268336413491248,_afterpartyguy,pernah nggak jadi tambah depresi gara2 dengerin cerita temen yg bahas cowok terus,Curhat Ringan,0.19079771412425758,0.2555164848313187,['Tekanan Emosional'],Tidak ada kombinasi evidence pemicu urgensi
2056654389612572724,eepyaslan,jujur depresi gw liat bokap orang lain begini (dont mind me gw seneng liat ortu yang bahagiain anaknya),Curhat Ringan,0.1904905745427587,0.2553174299272624,['Tekanan Emosional'],Tidak ada kombinasi evidence pemicu urgensi
2058783221484319099,vier4x4,@americanoaddctd emang kak😭 dia depresi dipencat dri polwan makanya agak rada2,Curhat Ringan,0.19020993219453816,0.255135332996195,['Tekanan Emosional'],Tidak ada kombinasi evidence pemicu urgensi
2050357344501133684,boxbonzaii,"@sukamendoanm kalau mau bundir ga usah di tempat ramai, nyusahin orang.",Curhat Ringan,0.19010658623271795,0.25506822439757265,[],Tidak ada kombinasi evidence pemicu urgensi
2056266012941812021,mizu_qi,@muvluvist Gedung fakultas ku pernah dipake bundir,Curhat Ringan,0.18984401138449514,0.25489759345849355,[],Tidak ada kombinasi evidence pemicu urgensi
2056273991619182812,PetrKelin,"@michal_kudrna Zažil jsem depresi spojenou s vyhořením z práce. To je asi horší/delší. Je to spojené s nemožností hlubokého spánku a to člověka časem  rozloží. Navíc vše co obyčejně pomáhá tj. co nám něžně zlepšuje náladu, tak nefunguje. Kdo nezažil, tak nepochopí.",Curhat Ringan,0.1892458432434797,0.2545082055483804,"['Gangguan Fungsi', 'Tekanan Emosional']",Tidak ada kombinasi evidence pemicu urgensi
2049362324344193072,meaniengless,tbh situ kalau mati ga bundir juga org lain dapet susah 🙂,Curhat Ringan,0.1889125057552047,0.2542908042669296,['Tekanan Emosional'],Tidak ada kombinasi evidence pemicu urgensi
2050208018923684322,stellangious,"Wow, baru tahu soal ini. Berarti saya ini masuknya disabilitas mental (tak terlihat) karena saya terdiagnosa memiliki disorder personalitas dan depresi.",Curhat Ringan,0.18865288103401,0.2541212742075776,['Tekanan Emosional'],Tidak ada kombinasi evidence pemicu urgensi
2056788957615276272,blekriver,"@PecintaSejarah2 Mau bantai akhirnya bundir, mampus. Teroris yg sebenarnya",Curhat Ringan,0.18858583488046368,0.25407746524521796,['Keputusasaan'],Tidak ada kombinasi evidence pemicu urgensi
2049023797895008321,harvno0,"Akun info bencana, tapi memanusiakan manusia aja gak bisa. Padahal orang depresi ini juga korban. Gak jauh beda sama bencana yang nimbulin korban. Nierempati, orang bunuh diri itu di fase tidak sadarkan diri karena depresi yang panjang. Yang dia tau hanya ingin ketenangan",Curhat Ringan,0.18845311772139722,0.25399071059443734,['Tekanan Emosional'],Tidak ada kombinasi evidence pemicu urgensi
2056616336563024306,bibbiuan,@lilacprachaya kasian depresi favenya kena hate sana-sini jadi bawa-bawa fave orang yang baru balik dari cannes 😂,Curhat Ringan,0.18836986286162902,0.2539362645510471,['Tekanan Emosional'],Tidak ada kombinasi evidence pemicu urgensi
2053059502849896766,12Kucingkota,"@tanpanamaaaaaa_ @LambeSahamjja Tapi dari tingkah nya dia kayak kurang bahagia, sering banget ngelantur kontennya. Kemaren malah mau bundir terus pamit terus balik lagi problematik bgt",Curhat Ringan,0.18820774415389524,0.253830190996329,['Tekanan Emosional'],Tidak ada kombinasi evidence pemicu urgensi
2059296270410244606,yappingfess,"Gmn perasaan kalian abis di vc sm temen dkt kalian dari smp/smk ternyata dia murtad, jujur sebenernya terpukul, tapi agama kan masing2 ya, cuma agak kecewa aja, ternyata dia milih agama saat posisi lagi depresi dan suasan rmh nya lagi chaos, aku sedih bgt. Yap!",Curhat Ringan,0.18789883914622255,0.2536278813625827,['Tekanan Emosional'],Tidak ada kombinasi evidence pemicu urgensi
2051665049715126471,KapanLagicom,"Alami Depresi, Ammar Zoni Memohon Tidak Dikembalikan ke Nusakambangan https://t.co/q0UhExTb4U",Curhat Ringan,0.18761327428739533,0.2534406302553235,['Tekanan Emosional'],Tidak ada kombinasi evidence pemicu urgensi
2049341243231211724,bubblecrumb1221,@cloriavey Ok ok. Thanks penjelasannya ka. Aku sendiri survivor bipolar disorder. Cuma aku gak tau perbedaan case aku sama depresi itu kek mana.,Curhat Ringan,0.18687132766588577,0.2529530927087322,['Tekanan Emosional'],Tidak ada kombinasi evidence pemicu urgensi
2047635863027491058,apocollagues_,"@Tony_Crosz Kecamatan yg sama tempat tinggalku si korban ini,kok nekat bgt bundir..le le..maneh adoh lokasine meninggal...kok ga eleng ayah ibuk e le..",Curhat Ringan,0.18667580722248056,0.2528243669957826,[],Tidak ada kombinasi evidence pemicu urgensi
2054316189959266330,ratihpram_artha,"@fess10nopember Nder!! Jangan bundir, trus yg kedua LAPORIN AJA PELAKUNYA SIAPA!!! Jalan hidupmu masih panjang sayang.",Curhat Ringan,0.1865964945319892,0.25277211991223425,[],Tidak ada kombinasi evidence pemicu urgensi
2047993736555270515,inidhilafadhila,"di dunia sbt udah tahunan, kenal customer berbagai macam, tapi baru kali ini ada seller ngatain sampe bundir segala, kamu gapapa ta kak?",Curhat Ringan,0.18635701892178985,0.2526142618872903,[],Tidak ada kombinasi evidence pemicu urgensi
2051291937941107187,CeslynCibaduyut,"guys, cuma mau bilang kalo kalian butuh teman cerita disini ada iwanu yang open vc 25/7 alias tu vc ga mati mati. kalian join iwanu tapi bingung sama obrolan? join vc. tanya apapun, ngapain aja dll. beneran.

pembahasan juga random, ada sesi curhat. ada sesi freetalk, ada cuma https://t.co/mjVTJ6ZiXK",Curhat Ringan,0.18632858650145598,0.2525955093629433,['Permintaan Bantuan'],Tidak ada kombinasi evidence pemicu urgensi
2052228918577692982,hiemsaenean,"@koko_chicago @sbmptnfess Kak, gaada yg ngejudge orgny ngerasa depresi. Ygbikin marah tuh kenapa bawa"" Kecelakaan kemaren? Gak mikir perasaan keluarga korban kah?",Curhat Ringan,0.1862625527676942,0.25255194848234,['Tekanan Emosional'],Tidak ada kombinasi evidence pemicu urgensi
2048192476130001256,Anak__Ogi,"Ini juga pesannya bagus.

Bundir cuma buat orang yg tolol!!!
Kalo lo berani mati karena masalah, kenapa lo ngga mati matian buat ngadepin masalah?

Sumber 
https://t.co/gMomGYFZIu https://t.co/gbeUmJYpvg",Curhat Ringan,0.18587354492112382,0.25229508723273425,[],Tidak ada kombinasi evidence pemicu urgensi
2050952149581099084,siraruuu,@relishedsin @garrycoxoned https://t.co/FyBa1YOqrs udah bener lu bundir ngapa masih hidup,Curhat Ringan,0.18583707209278358,0.252270983024077,[],Tidak ada kombinasi evidence pemicu urgensi
2047721321573101893,ainonly01,@kumparan ngapain bundir kalo bisa bun.. majikanya 🤔 kalo ga bikin cacat permanen aja biar tau rasanya,Curhat Ringan,0.18513368884987366,0.25180541421427877,[],Tidak ada kombinasi evidence pemicu urgensi
2059229283063836779,innovaraibon,"@arara_lilly emang ga baca sewaktu pengajuan?
waktu tanda tangan ada yg maksa?
klo ga mau di doxing,bayar.selesai.
sesama penyintas pinjol,gw cuma mau ngingetin ovt itu percuma,ujungnya bundir.
kamu pikir dengan kamu kooperatif balesin chat2 DC,mereka jadi lunak gitu?
no money,no response.",Curhat Ringan,0.18475095427607136,0.2515515080907128,['Keputusasaan'],Tidak ada kombinasi evidence pemicu urgensi
2060550482888896782,tesszhaa,"@Hidupsebagai62 Setuju sama mamanya sih kl aku.krn generasi muda kini lbh ngutamain seneng2 beli ini itu
Ga mikirin masa depan utk anak2 dan cucu

Pnyaa anak banyak, ga da tabungan, gaya hidup udh tinggi. Sekalinya miskin dikit langsung bingung dan depresi. Imbasnya ke anak2nya",Curhat Ringan,0.18451060509326894,0.25139185244386847,[],Tidak ada kombinasi evidence pemicu urgensi
2059982169880371617,batawhore,Depresi dan manic ini akal2 an siapa sih,Curhat Ringan,0.18437513365345076,0.25130179253491486,['Tekanan Emosional'],Tidak ada kombinasi evidence pemicu urgensi
2048798772575207921,BanyuSadewa,"@PriaBogaRasa It’s fascinating how brain works over trauma. Apalagi gw bolak balik psikiater krn kena depresi.

And u know what, kalo ditanya kaya gini : gw inget proses gimana gw dibawa pelaku, inget samar kejadiannya, inget muka pelakunya, inget rumahnya di mana, TAPI GW UDAH LUPA NAMANYA 😂",Curhat Ringan,0.1841855347276318,0.25117566323641577,[],Tidak ada kombinasi evidence pemicu urgensi
2053165840800027083,arcmkhl,"@icyberpunkcity @dokyeomuin eh kocak depresi mah udah jelas, kepribadian baru maksud gw itu kurleb kayak; Gangguan Identitas Disosiatif (DID) memisahkan diri (disosiasi) dari kesadaran buat bertahan hidup, yang akhirnya ngebentuk kepribadian alternatif (alter). gw sering 'cosplay' biar bisa maksain nugas.",Curhat Ringan,0.18366394713957823,0.2508281613841201,[],Tidak ada kombinasi evidence pemicu urgensi
2048412002624913839,Groo_ares,Kalo tempat bundir jadi serem vibe nya https://t.co/pSkpViDiGe,Curhat Ringan,0.18363441076343948,0.2508084602428205,['Tekanan Emosional'],Tidak ada kombinasi evidence pemicu urgensi
2047694738053370194,Virgo17Elang,@WidasSatyo Rejam rejim...... Orang bundir ya dungu intinya,Curhat Ringan,0.18327591309950647,0.25056914163358285,[],Tidak ada kombinasi evidence pemicu urgensi
2048728203200716935,fulminaerae,"@nirfungsih Haloo semua maaf oot, tapi mau nanya, kalau depresi itu bisa ngaruh ke rambut dan kulit ga ya? :"")",Curhat Ringan,0.1832713137324779,0.2505660689238346,['Tekanan Emosional'],Tidak ada kombinasi evidence pemicu urgensi
2054239059841847763,masgee__,"Keinget ada yang ngomong “anda harus gembira, gak usah depresi, gembira menyongsong masa depan”

Masa depan siapa dlu nih? 😔",Curhat Ringan,0.18299862912411405,0.2503837888891047,['Keputusasaan'],Tidak ada kombinasi evidence pemicu urgensi
2058013901930000808,liogtttscrp,"Bayi Tabung 1 Miliar Gagal, Denise Chariesta Stress Berat.

“Guys bayi tabung Rp1 Miliar gue dua duanya meninggal. Setelah dapat surat ini, dia emang tidak berkembang guys,” kata denise. 

Denise mengaku sangat terpukul karena sebelumnya merasa optimistis program itu akan https://t.co/7371r3lrFi",Curhat Ringan,0.18268243659348102,0.25017216124317865,[],Tidak ada kombinasi evidence pemicu urgensi
2053436661783306244,arinthog,"@epicmnw Td pagi ada masalah, kepikiran pgn bundir. Siangnya skitar jm 11an sempet kesetrum charger laptop mana kabelnya susah di lepas di tangan 😭
Teriak jg gk keluar suaranya 😭
Simulasi bgt 😭
Habis itu takut dan minta maaf sm Allah SWT 😭",Curhat Ringan,0.1823948047486254,0.24997940207972671,"['Gangguan Fungsi', 'Tekanan Emosional']",Tidak ada kombinasi evidence pemicu urgensi
2052145885338054972,Putri12738474,"@sbmptnfess bagus kok teguran nya keras ga menye menye, org kyk gtu emg harus dikerasin nder biar dia terlalu mikir jauh buat bundir ditambah kata motivasi lebih oke",Curhat Ringan,0.18146862653014975,0.2493571055657936,[],Tidak ada kombinasi evidence pemicu urgensi
2048635219016831000,0xhanyfa,"Hati-hati sama orang yang punya depresi tapi keliatannya “fine-fine aja” (high functioning). 

Kenapa? nih gue jelasin:",Curhat Ringan,0.18138165819371665,0.24929854499571252,[],Tidak ada kombinasi evidence pemicu urgensi
2048190533835825301,reyiisen,Kinda weird things to say under a bundir post. We've officially lost our faith in humanity i guess 😅😅😅👋👋👋👋👋 https://t.co/KbNzlI35OX,Curhat Ringan,0.181050943776339,0.2490756569486676,[],Tidak ada kombinasi evidence pemicu urgensi
2048615836026622460,TEDJ0E_,"@kenhans03 Denger ya buat kalian² yg punya teman depresi,tolong tolong banget jgn pernah   ceramahin apa lg sampe kasih hadis².
Cukup dengarkan mereka bercerita,dan jawab secukupnya.
INGAT JANGAN DICERAMAHI,mereka butuh pendengar teman cerita bukan penghakiman hidup.",Curhat Ringan,0.1810261615926585,0.2490589420000712,[],Tidak ada kombinasi evidence pemicu urgensi
2048777417016357120,otsonei,"@BugeeVtuber @tigawindu @nirfungsih Itu stres bang, orang kalo depresi aja nafsu makan kadang gak punya",Curhat Ringan,0.18077599672707556,0.24889011229529526,"['Gangguan Fungsi', 'Tekanan Emosional']",Tidak ada kombinasi evidence pemicu urgensi
2056325239223750985,LiveLifeFooty,"@LambeResing Abis ngamuk, abis minta maaf, crash lagi di disitu, dr training, sprint, balap crash dan test crash semua. Kyknya udah 5-6x dah dlm 4 hr ini. Gimana ga makin depresi ya.  Sirkuit catalonia msh dipake utk test ama panitia. 😞",Curhat Ringan,0.17962461633246551,0.2481107187993599,"['Gangguan Fungsi', 'Tekanan Emosional']",Tidak ada kombinasi evidence pemicu urgensi
2048343033373237744,vittaluphzzz,@Anak__Ogi cantik sih tpi ya ga mesti pake acara bundir segala...klo mw ikutin ortu yg g setuju cari yg lain apa susahnya...klo mw lawan ortu ya lanjut aja kan dah dewasa jg yg pnting bsa tnggung jawab...bundir bukan jalan kluar tu cara pengecut...mudah2an jd pelajaran bgi kita semua,Curhat Ringan,0.1787233350827034,0.2474978958115433,[],Tidak ada kombinasi evidence pemicu urgensi
2058188926943445318,istrinanami,mitski knp jago bener dah bikin lagu depresi,Curhat Ringan,0.1786160551393496,0.24742479035348602,['Tekanan Emosional'],Tidak ada kombinasi evidence pemicu urgensi
2048763943100059774,laprakholic,@cherrymoss_ BACOTT BACOTT GAGAL MULU BUNDIR NYA SIALANNN,Curhat Ringan,0.17850127275675762,0.24734653433163964,[],Tidak ada kombinasi evidence pemicu urgensi
2047642458767626626,ParadoxCompass,Mending lu fokus twt humor sampah lu dari pada bilang kalau semua yg bundir itu FOMO.,Curhat Ringan,0.17835215969010812,0.24724481358672634,[],Tidak ada kombinasi evidence pemicu urgensi
2051548849551126658,hyundaeru,"Lagi fase ""unwell"" karena depresi balik lagi. Ternyata kombo maut OT sama begadang emang beneran ngerusak sistem. Minggu depan mulai terapi CBT buat benerin pola pikir. Doain ya, pengen pelan-pelan balik jadi manusia normal lagi. 🙏🏻",Curhat Ringan,0.1782337344003589,0.24716397973172594,['Tekanan Emosional'],Tidak ada kombinasi evidence pemicu urgensi
2048565645579817414,deoobapp,"Orang tuh kalo lagi depresi ato udah suicidal jangan lu nasehatin dengan bilang

""Jangan bunuh diri nanti masuk neraka""

Itu namanya goblok.

Orang udh suicidal itu udah gamikir apa. Aturan lu ajak berobat bukan malah digentayangin sama embel embel

Dijatuhkan ke neraka jahannam",Curhat Ringan,0.17822014448253673,0.24715470093669314,['Tekanan Emosional'],Tidak ada kombinasi evidence pemicu urgensi
2050205982752739426,Revando424587,"@qrivasiii Itu yg beli gabut atau bagaimana, mau coba bundir gitu terus fa nyawa cadangan 
Padahal nyawanya pria ada ketika itunya tahan lama makanya pakai ini https://t.co/tab3I8Ktoi",Curhat Ringan,0.1780647842434498,0.24704858614978467,[],Tidak ada kombinasi evidence pemicu urgensi
2056057102314148022,heuhbingungih,"@GNFI karna skrng nyari yg liriknya relate soalnya kondisi kehidupan semakin mengenaskan. bukti bahwa skrng banyak orng yg lebih depresi drpd bahagia. knp? klo lg sedih ya nyarinya yg liriknya bisa diresapi, kalo lg bahagia nyarinya yg instrumennya enak buat joget (Kpop)",Curhat Ringan,0.17765811134228288,0.24677047490170512,['Tekanan Emosional'],Tidak ada kombinasi evidence pemicu urgensi
2049029341296869579,itsevenyx,@tanyarlfes krn sejatinya gk akan ada yg bs mengerti apa yg dirasakan org2 dg depresi berat sblm org2 yg ngejudge itu merasakannya sendiri. bom waktu jg nder liat deh selama msh jd wni mereka akan ada di fase depresi berat dan berpikiran buat bundir jg 😂,Curhat Ringan,0.17748375947893105,0.24665108810771597,['Tekanan Emosional'],Tidak ada kombinasi evidence pemicu urgensi
2053680610850595030,gabutcantik,Takut kylen bundir beneran. Mau sekuat apa dia mau hidup kalo dirasa cobaannya makin berat bisa jadi ttp dilakuin. Apalagi dia lgi sensitif karna hamil blm lagi banyak tekanan dmn dmn. Walaupun dah ada el gk menutup kemungkinan. So jee bare with me buat happy happy plis🙏🏻😭,Curhat Ringan,0.17712847012224964,0.24640752004854605,[],Tidak ada kombinasi evidence pemicu urgensi
2048730579026559241,waduhx,boro boro mikirin orang. yang ada elu pada gak punya hati bikin orang depresi. pas orangnya mati masih disalahin pula lagi. ego lu tuh tinggi.,Curhat Ringan,0.17688340670489988,0.24623929370533335,['Tekanan Emosional'],Tidak ada kombinasi evidence pemicu urgensi
2053309623822868526,rawongranat,"@Mangga1111 utk bro semua yg blm nikah,

gagal nikah gak jd akhir bro, kamu masih punya masa depan yg bahagia selama kamu msh dikasih hidup

jd kalau doi &amp; keluarganya memberatkan, lepas aja! masa depan, harapan, &amp; kesempatan lain masih ada, gak perlu sampai bundir",Curhat Ringan,0.17643075340196096,0.24592808331504012,[],Tidak ada kombinasi evidence pemicu urgensi
2048276578271211790,Christophrblx,"@sugarchc12 sumpah berita tuh mikirinnya yang penting viral, anak bundir tuh ADA PROBLEMNYA. cek keluarganya cek lingkungannya malah nyalahin game.  Omori is literally a story about forgiving yourself",Curhat Ringan,0.17573592541365743,0.2454491487055114,[],Tidak ada kombinasi evidence pemicu urgensi
2050411484099063811,bahan_gibah_id,"@sofyatw @sukamendoanm ""kalo jatoh gamungin teriak ... respon tubuh yg takut""

semua orang pada dasarnya takut mati, makanya semua metode bundir pakai cara yang gak ada jalan mundur dan cepat. teriak dan berontak itu bukan tanda gak mau bundir, itu natural alami alias fitrah mencoba menyelamatkan diri.",Curhat Ringan,0.17543799316263844,0.24524333206090063,[],Tidak ada kombinasi evidence pemicu urgensi
2049156715095154847,dF_lestari,"@dittaprastiwi Buat suaminya, Asah clurit nya..., haha atau ente akan depresi seumur hidup,",Curhat Ringan,0.17495196743240357,0.24490698585004517,['Tekanan Emosional'],Tidak ada kombinasi evidence pemicu urgensi
2050271556170138101,xyybrooo,@sambat_bat @barrchives hy kapan bundir nya??? ditunggu video bundir nya🥴🥴🥴🥴🥴🥴🥴🥴🥴🥴,Curhat Ringan,0.17459665515768485,0.24466063163497234,[],Tidak ada kombinasi evidence pemicu urgensi
2048108944443465885,_mabskuy,"@goldlanejahat @arman_dhani Ini dah dikasih contoh. Mungkin ga 100% depresi, but I think you got the point

https://t.co/hTeZjUymu5",Curhat Ringan,0.17442612593119983,0.24454225554610742,['Tekanan Emosional'],Tidak ada kombinasi evidence pemicu urgensi
2053426649513988189,ip_1231,"@destipra22 @lngshotpot @Mangga1111 Jgn berbelit-belitlah, jadi penyebab alm bundir apa? Ya biar gak ada salah paham lagi.",Curhat Ringan,0.1744209125638001,0.24453863515095278,['Tekanan Emosional'],Tidak ada kombinasi evidence pemicu urgensi
2047903557895311636,aqmazka,@ksbpcn @ardisatriawan Pernah bang. Tapi depresi kan juga gangguan jiwa,Curhat Ringan,0.1740915026077669,0.24430970486366388,['Tekanan Emosional'],Tidak ada kombinasi evidence pemicu urgensi
2048635227879387641,0xhanyfa,"6. Depresi tipe ini gak keliatan kayak males, tapi malah keliatan overwork, overthinking, dan gak pernah bener-bener istirahat.

7. Di depan orang keliatan ke-handle, tapi runtuhnya pas lagi mandi, di jalan, atau sebelum tidur.",Curhat Ringan,0.1737403417770266,0.24406528156815155,"['Gangguan Fungsi', 'Tekanan Emosional']",Tidak ada kombinasi evidence pemicu urgensi
2050511213189328951,_ID_corp,@mino1054454 @vewymoody kalo makmur ga bakalan ada anak sd yg bundir krn ga bisa beli buku pak,Curhat Ringan,0.17369751199242073,0.24403544348297698,[],Tidak ada kombinasi evidence pemicu urgensi
2051163692809560372,iteramfs,"itera! ini admin Instagram nya tolong lebih bijak memilih diksi,sender yang mencoba speak up disitu tapi dapat balasan ""kasian ntar mati bundir"" rasanya aneh banget, kalau memang ga bisa ngasih balasan pantas sebaiknya diabaikan, gue yang ga merasakan aja gaenak bacanya https://t.co/7OQQkyEb7k",Curhat Ringan,0.17355945480782334,0.24393922406615634,[],Tidak ada kombinasi evidence pemicu urgensi
2048075478280655006,guoliangtjia,"@hklrst22 @Hayat_aL_Fatih @ardisatriawan orang udah kalut tambah dianjing-anjingin
ya tambah pengen bundir 

sok sok jangan bawa agama ato hadits 
tapi ngancem2 pake surga neraka yang notabene agama 

mau lu apa Harst? 
sok kritis tapi tolol",Curhat Ringan,0.17293839654622803,0.24350562592347463,[],Tidak ada kombinasi evidence pemicu urgensi
2050191807150281171,wahanakoa,"Sepakat aja udah, kebanyakan laki-laki mmg lemah di real life jadi biarin aja mereka ngegongong di X, itung2 biar g bundir @Prodigy465604 https://t.co/enKJUIZ1O7",Curhat Ringan,0.1726161327780865,0.24328014877709475,[],Tidak ada kombinasi evidence pemicu urgensi
2050830034525659645,wonpilfancc,Tahun lalu si gw depresi ya after tengah malem😔 dahlah tp beneran terpatri bgt konser ytta itu hiks semangat guys apalagi yg blm direfund (aku),Curhat Ringan,0.17249384001249496,0.24319449744441293,[],Tidak ada kombinasi evidence pemicu urgensi
2056368564853252153,myungjaeenoona,"Tapi sungho sebersih itu disuruh akting layaknya orang yg depresi dengan kamar yg berantakan mampus, apa gak gatel2 itu dia selama syuting 😭",Curhat Ringan,0.17185717829939923,0.24274781436631174,['Tekanan Emosional'],Tidak ada kombinasi evidence pemicu urgensi
2048003040914047405,damarbowo,"- Fokus ke penyelamatan untuk ybs mengurungkan niat b*ndir.
- Fokus menjadi 'teman' karena sesungguhnya orang depresi butuh teman meskipun secara paradoks mereka menjauhi semua orang.
- Ajak mereka untuk bicara, kita fokus sebagai pendengar. Bukan malah ikutan bicara juga!
-",Curhat Ringan,0.17149616705527979,0.24249394536018373,['Permintaan Bantuan'],Tidak ada kombinasi evidence pemicu urgensi
2053627104877748705,stroberimilkis,"@Mangga1111 Ntar kalo yg cewe juga jadi bundir (amit2) gara gara reputasinya jadi rusak, itu jadi SALAH ELU ya. Mana udah tau salah ga mau harus lagi gara2 engagement nya besar. Akun cenblu gaada ati.",Curhat Ringan,0.17126365372879934,0.2423302137490475,[],Tidak ada kombinasi evidence pemicu urgensi
2048731793659224340,cheerstein,"@nirfungsih Sama kayak waktu itu ada yg bilang “kalo depresi, ambil laptop lo, kerjain kerjaan di kafe” wkwkw dikira depresi bisa ilang cuma dengan hangout?",Curhat Ringan,0.17118107222445123,0.24227201893474118,"['Gangguan Fungsi', 'Tekanan Emosional']",Tidak ada kombinasi evidence pemicu urgensi
2048071519474266223,piqhipiqs,"@MDR_WDP @ryxxfa @ardisatriawan Lah kan bundir emang sengaja!!
Lu kira bundir ada yang dorong? Itumah pembunuhan",Curhat Ringan,0.17082658859597655,0.2420219625487472,[],Tidak ada kombinasi evidence pemicu urgensi
2056330484741976342,matchaewry,Semakin bertambah umur semakin besar niat untuk bundir https://t.co/2oxXW5gSIs,Curhat Ringan,0.17078169287099554,0.24199026326338452,[],Tidak ada kombinasi evidence pemicu urgensi
2053000566180343903,hupgupta,"@DravenweX Yakin 1000% kalah judol, kalo cm gegara ga kuat biaya nikah, ga akan sampe kepikiran bundir, tapi kalo modal nikahlo lo mainin judol trs kalah, abis semua, calon ngamuk2. Lu ngerasa ga da hargany lagi di dunia, sesaat dari kalah judol itu, lu bisa depresi dan bndir",Curhat Ringan,0.17060404730288162,0.24186476907043747,"['Keputusasaan', 'Tekanan Emosional']",Tidak ada kombinasi evidence pemicu urgensi
2047931110341157219,FairuzitaP65456,"@Ceysa_ku mbak..mbak..bundir itu dosa, mau anda masuk neraka ?",Curhat Ringan,0.17055015948639607,0.24182668057355017,[],Tidak ada kombinasi evidence pemicu urgensi
2049008126809305551,seireimagic,"@tanyarlfes Masalahnya lo (semua pelaku bundir) bundir nyushin orang banyak, nyusahin keluarga lu, nyusahin orang yang evakuasi lu, apalagi kalo bundir di tempat yang ada pemiliknya malah makin nyusahin owner.

Hiduplu udah susah minimal gausah nyusahin orang.",Curhat Ringan,0.17051931189945563,0.24180487285960806,[],Tidak ada kombinasi evidence pemicu urgensi
2047598394676560064,antivnm14,@arsenatasyas Kebanyakan fans bola di indo dikasih bacaan yg panjang/berat dikit emg belum bisa. Entah gr2 males baca/gk paham maksudnya atau dasarnya mntal2 pembully &amp; emg udah benci aja. Makanya kadang saya mikir kayanya budaya banter ini gk cocok di indo. Sampe ada yg bawa2 bundir segala 🤣,Pertolongan Segera,0.1704677639666514,0.24176842403231247,['Indikasi Krisis'],R1: Indikasi Krisis terdeteksi
2053450228951601246,user380808,Normal ga sih org selalu tidur siang 3-4jam? Kek org depresi rasaku,Curhat Ringan,0.1702266993834062,0.24159785427830435,"['Gangguan Fungsi', 'Tekanan Emosional']",Tidak ada kombinasi evidence pemicu urgensi
2047929068260315538,Sandaal_kejepit,"@ardisatriawan Hilang akal di poin nomor 3 tu merujuk ke orang yg dah hilang kemampuan berpikirnya sama sekali. Bahkan kesadaran dirinya udah sangat rendah. 

Kita sering liat orang poin no 3 ni hidup luntang-lantung jalan kesana kemari hilang orientasi.

Nggak ada yg bundir. Adanya ketabrak.",Curhat Ringan,0.17015323785239758,0.24154583703387866,[],Tidak ada kombinasi evidence pemicu urgensi
2059556488914612721,agus69odang,"@lalawslh @ini_ayye Gak ada fans kpop sampe kriminal ?
Yg nipu emang bukan kriminal ?
Sampe bikin org bundir emang bukan kriminal ?",Curhat Ringan,0.17009317267570717,0.24150329232215884,[],Tidak ada kombinasi evidence pemicu urgensi
2052733792205631982,Ponyin,Jangan bundir bang kita bukan nihilist.,Curhat Ringan,0.17009172192370903,0.24150226459358679,[],Tidak ada kombinasi evidence pemicu urgensi
2058214254269063585,Origienality,Lu @ Josephine gak usah judging cara orang lain dalam ngehandle kesedihan atau kesulitan mereka sendiri selama itu bukan hal nggak ngerugiin. Lu gak pernah kan ngerasain depresi sampe gak mau ketemu orang lain di real life atau bahkan interaksi di sosial media,Curhat Ringan,0.17007678829133765,0.24149168504006938,['Tekanan Emosional'],Tidak ada kombinasi evidence pemicu urgensi
2050915089059107100,MasFurqon15,"Lepasin aja bang kalau saatnya ajal menjemput ya Mati tapi kalau belum saatnya paling patah patah..😂
Katanya Rakyat Bahagia knapa banyak yang mau bundir..piye iki wok..😂 https://t.co/Oaq8vGpGGw",Curhat Ringan,0.17005645701612346,0.24147728040362848,[],Tidak ada kombinasi evidence pemicu urgensi
2048378155573109211,dayvestudyy,kenapa ya autoplay yt music pengen gue depresi kyk dari drop dead lgsg favorite crime anj,Curhat Ringan,0.16988163778964516,0.2413533650564425,[],Tidak ada kombinasi evidence pemicu urgensi
2055718280732852676,najirocutesy,"perlu diingat ya, ini baru newjeans. siapa tau ada korban berikutnya? gue bersyukur new jeans berani speak up biar orang2 makin aware sama fenomena kaya gini. daripada amit2 jgn sampe ada idol yg berakhir ramai di media dgn kondisi idolnya yg depresi berat smpe bundir",Pertolongan Segera,0.1696846015286369,0.24121358019836023,['Indikasi Krisis'],R1: Indikasi Krisis terdeteksi
2054765036921573443,NoegReborn,"good people…

—

hari ini…

—

Konoha kena wabah baru.

🎙️🤣

—

bukan perang.

—

bukan genjutsu.

—

bukan serangan Akatsuki.

—

tapi…

—

PODCAST.

💀🔥

—

entah sejak kapan…

—

seluruh warga Konoha mendadak merasa:

“gue harus punya podcast.”

🤣

—

Naruto langsung https://t.co/hPqP8m33Is",Tidak Relevan,0.1694848475073273,0.2410717353676305,[],R0: Tidak ada sinyal kesehatan mental (anchor & evidence kosong)
2059236739072335896,kisserkook,"kalau di sini alasan putusnya bukan karena arka balapan. tapi kayari minta putus soalnya dia ‘sakit’ bolak-balil ke psikiater. waktu dia lagi fase depresi, dia menghilang gitu aja dari hidup arka. lalu waktu fase manik dia berusaha nahan diri. waktu normal baru ke arka lagi. dan",Curhat Ringan,0.16945119890394042,0.24104782848647144,['Tekanan Emosional'],Tidak ada kombinasi evidence pemicu urgensi
2051872553082450366,Erlin9Haaland_,"@Hidupsebagai62 Yu sadar semua. Jgn gunain pinjol. Dulu sebelum ada pinjol hidup aman2 aja kan? Skr ada pinjol kasus bundir nambah, kasuh PHK nambah, manusia jadi konsumtif. Yang masih ada pinjol niatin buat lunasin, dan langsung hapus aplikasinya. Biar hidup makin aman dan nyaman",Curhat Ringan,0.16914810879362877,0.24083231651421752,[],Tidak ada kombinasi evidence pemicu urgensi
2047729692678254707,SoundOfYogi,"@aera_ry Gak usah ngaku2 punya empati kalo masih nyebut ""pelaku bunuh diri"" ke orang korban depresi",Curhat Ringan,0.16913251418379,0.24082121966463146,['Tekanan Emosional'],Tidak ada kombinasi evidence pemicu urgensi
2050959017380643058,Prodigy465604,"@BigWinGfry @txtdaricowok G ah, nanti takutny dia bundir",Curhat Ringan,0.16911365432671335,0.24080779823389922,[],Tidak ada kombinasi evidence pemicu urgensi
2047581864207212569,am_esX,"@aera_ry Bundir diapresiasi, yg bundir disiksa 😭",Curhat Ringan,0.1689433894592576,0.240686576926347,[],Tidak ada kombinasi evidence pemicu urgensi
2047928429690138972,eunbyourgalaxy,"Perdebatan masalah bundir nih konyol banget jir 😂 syukur kalo emang gak pernah ada di titik yang lo berkali-kali mikirin mau pake cara yang mana lo mati. 

Tapi kalo emang gak punya ilmu disana dan cuma mau judging aja mending tutup mulut lo. Gak semua yang ada di otak lo perlu",Curhat Ringan,0.16826285608635402,0.24020109181151247,[],Tidak ada kombinasi evidence pemicu urgensi
2051243973071827225,amilies_,"@direktoridosen @ChatibBasri @FandomID_ @bahaspemainbola @ConcacafID @MafiaWasit @myshawti @PNS_2018 @MilanUpdate @TribunMilano @bukanfufufafaid @butoable Jujurnya udah mulai panik sih, apalagi banyak dana sejak pertengahan 2025 yg terkena dampak efisiensi dr pusat. Udah mulai kusaksikan beberapa KPM PKH distop bantuannya.

Cukup aku aja sih yg ngalamin depresi, rupiah jangan sampe ngalamin depresiasi 🥲",Curhat Ringan,0.16826132090355492,0.24019999486027344,[],Tidak ada kombinasi evidence pemicu urgensi
2057647074758500719,cryptogem1000,"@profesor_saham Saatnya kompresi dimulai-&gt; panic selling - &gt; margin call-&gt; tsunami selling - &gt; depresi - &gt; rebound

Depo cash dulu",Curhat Ringan,0.16806434240607512,0.24005917933854193,['Tekanan Emosional'],Tidak ada kombinasi evidence pemicu urgensi
2050842409345679736,jimivtuber,@ezash vtuber ini karena kasian agak kliatan depresi mukanya https://t.co/SFMXi5iJRZ,Curhat Ringan,0.16761087497403662,0.2397345042589939,['Tekanan Emosional'],Tidak ada kombinasi evidence pemicu urgensi
2059549689842983152,qrivassy,"kenapa orang depresi gak punya harapan? ada yang bisa jelasin gak? 

plis jgn googling. pengen tau isi otak orang depresi aja. apalagi orang yg sampai konsumsi obat ya",Curhat Ringan,0.16731629943990228,0.23952321708202362,['Tekanan Emosional'],Tidak ada kombinasi evidence pemicu urgensi
2058858667013971985,haigladys,kerasa bgt depresi penghuni grup ini 💜,Curhat Ringan,0.16667286688408986,0.23906067284670746,['Tekanan Emosional'],Tidak ada kombinasi evidence pemicu urgensi
2052330995882623356,Hororuya,"Bilang atsu naif. Like bro. Apa yg lu harapkan dari anak yg hidup nya cuman di aniaya lalu keluar MALAH MASUK KANTOR DETEKTIF BUKAN PSIKOLOG LALU BERTARUNG DENGAN MAFIA &amp; UTUSAN TUHAN(fyodor).

Dia masih berbuat baik, gk pengen bundir dan gk jadi kriminal udah bagus bgt itu",Curhat Ringan,0.16655917271218307,0.23897879313338888,[],Tidak ada kombinasi evidence pemicu urgensi
2050969357313032402,mikandechuu,@Kozuki320Kozuki @cherryblueesky @kunikuyukii @aarcasien @yappingfess Bro pikir ini hinaan padahal emang bapak kita yg bikin kita pingin bundir alias KAUM LU,Curhat Ringan,0.1665503226931459,0.23897241769414962,[],Tidak ada kombinasi evidence pemicu urgensi
2056195242471416022,ChyanaSurdin,"Jika kita berasumsi bahwa sesuatu yang positif akan selalu terjadi, maka hari senin tidak akan terlalu membuat depresi.
Jangan lupakan secangkir kopi mu! https://t.co/Tf70HY5yN3",Curhat Ringan,0.16606563562498683,0.23862284060680508,"['Gangguan Fungsi', 'Tekanan Emosional']",Tidak ada kombinasi evidence pemicu urgensi
2051146890792857800,Ackerman_Butter,"@worksfess Depresi sampai suatu penyakit. Abis operasi ga mau balik rumah, dgn luka bekas operasi ikut volunteer ke pulau cantik demi nyari koneksi, akhirnya balik kota baru bisa dapat kerja. Gila gini amat perjuangkannya, dan skrg kerja tapi masih nyari loker lagi🤣",Curhat Ringan,0.1655191578526035,0.23822771599798492,['Tekanan Emosional'],Tidak ada kombinasi evidence pemicu urgensi
2048376383122948511,KatkaS111,"@tanyazkrusek @KvBahnhof hele, nejsem soucasti ani jednoho fan klubu.
nelibi se mi chovani ani jednoho z tech dvou lekaru. 

tady kritizuju, ze lekarka dlouhodobe verejne shazuje medikaci, vypisuje se tu stylem: “porazila jsem depresi bez berlicek, koukejte, jaka jsem borka, a vsichni, co berou",Curhat Ringan,0.16539547295404036,0.23813814195719635,[],Tidak ada kombinasi evidence pemicu urgensi
2059623652187148294,itsmeeoowww,"@Meinangcibu @boiebe Gajian kecil bgt, mending g ush kerja sekalian sih sayang diri sendiri
 Dipaksain tar malah bundir",Curhat Ringan,0.16442490591105335,0.23743337437397602,[],Tidak ada kombinasi evidence pemicu urgensi
2050264835234099680,somuachsnoo,"@hyjolly Jangan gitu, idol kpop deket banget sama depresi, amit2 idol yg kalian bangga2in ternyata mendem fear yg sama tetiba bundir (karna fans nya nuntut buat tampil tegar), giliran ada yg speak up malah dihujat",Curhat Ringan,0.16420222361880324,0.23727120495203768,[],Tidak ada kombinasi evidence pemicu urgensi
2058199960282382531,dindinruuu,"@MamutNita @Yunnamielo @brownieepinky Mba nita, sebelum kamu mencak2 lebih baik search lagi deh penyebab Sulli meninggal karena apa, salah satunya karena dia depresi setelah scene naked bareng soo hyun tayang tp dia doang yg dihujat dan junjunganmu malah pergi wamil.",Curhat Ringan,0.16370499699577448,0.23690845839905017,['Tekanan Emosional'],Tidak ada kombinasi evidence pemicu urgensi
2051153918013432271,FranaSram_ek,"Moudro pro dnešní den:
Předtím, než si sami diagnostikujete depresi a nízké sebevědomí, ujistěte se, prosím, že nejste obklopeni samými blbci.",Curhat Ringan,0.16368704531689424,0.23689534537719958,['Tekanan Emosional'],Tidak ada kombinasi evidence pemicu urgensi
2053724756680310987,_riverheaven,"Seandainya orang yang punya BELAS KASIH jauh lebih banyak lagi, mungkin orang-orang  yang sedang berada di zona LELAH dengan keadaan tidak akan melakukan BUNDIR. 

TERIMAKASIH orang baik.

Respek 🩵 https://t.co/tzwuBaR7J5",Curhat Ringan,0.16360363801460154,0.2368344043240403,['Tekanan Emosional'],Tidak ada kombinasi evidence pemicu urgensi
2060181611086569758,tiramisuslice_,"Keputusan terbaik di 2026 dalam hidupku adalah; Resign.

Setelah di diagnosa depresi mayor 1 tahun yang lalu, aku menyadari bahwa banyak sekali hal yang berubah- https://t.co/Y3wmCTnldE",Curhat Ringan,0.16342494032221977,0.23670375572912622,[],Tidak ada kombinasi evidence pemicu urgensi
2048002595281875045,ameydeen_,"akhirnya memilih untuk membunuh diri akibat depresi yang tidak terkawal.

Isu sistemik ini, termasuk kemudahan yang usang dan proses pendigitalan yang lemah, seolah-olah dibiarkan berlarutan tanpa penyelesaian yang berkesan.",Curhat Ringan,0.1633918549407852,0.23667955389528567,[],Tidak ada kombinasi evidence pemicu urgensi
2053210072361123865,Hana58759308,"@wambudambu79 Tak tuhle depresi už nikdy, film určitě dobrý, ale moje noční můra na hodně dlouho.",Curhat Ringan,0.16305249052480053,0.23643108208974203,['Tekanan Emosional'],Tidak ada kombinasi evidence pemicu urgensi
2057867472079073389,Pabak0y,@sleepygoldnstrm bukannya bundir lu pedo anjing,Curhat Ringan,0.16303762600758362,0.23642018925059927,[],Tidak ada kombinasi evidence pemicu urgensi
2049011353839653329,valnurablee,"@tanyarlfes itu konteksnya orang bundir ga si?
maksudnya kalo ada masalah terus bundir ya pengecut. setiap masalah pasti ada jalan keluarnya, bukan malah bundir.",Curhat Ringan,0.16289453249727975,0.23631528823664696,['Tekanan Emosional'],Tidak ada kombinasi evidence pemicu urgensi
2048176599858893083,MerahSinyal,"@garismerah_id anjing bet yang bikin spanduk

apa salahnya bundir toh 
pas masih hidup orang orang juga ga peduli 
setelah matipun masih kena dirujak

ngasih kalimat preventifnya ""jangan bundir disini bla blabla"" ya jadinya bundir di tempat lain anying",Curhat Ringan,0.162865455028787,0.23629396264300204,[],Tidak ada kombinasi evidence pemicu urgensi
2057903527197090282,CiOla_l4njut,"iya semakin berkurang,karna mati sendiri atau bundir",Curhat Ringan,0.16254279724571033,0.23605711735559232,[],Tidak ada kombinasi evidence pemicu urgensi
2048013716248260873,KalanaraDika,"@Raefidyan2 Insya Allah saya sudah mengkaji kitab Bulughul Maram langsung dari ulama yang mempelajarinya.

Dan saya meyakini, kita gak bisa men-judge orang masuk neraka hanya karena ia bunuh diri, padahal kita gak tahu kondisi mentalnya.

Dalam fikih Islam, konsep ""orang yang tidak berakal""",Pertolongan Segera,0.16248036829191378,0.23601124796903497,['Indikasi Krisis'],R1: Indikasi Krisis terdeteksi
2053430398911426578,ProdArchitech,"@citrapranajaya Seorang wanita bernama noah Vincent, melakukan eksperimen bagaimana rasanya hidup menjadi pria. Saking ga kuatnya, dia bundir. Jadi kalau ada pria dewasa yang masih hidup sampai ajal menjemput, berikanlah dia apresiasi karena ga bundir di tengah jalan
https://t.co/Tu5li4rFHf",Curhat Ringan,0.16132226934747335,0.235157751585498,[],Tidak ada kombinasi evidence pemicu urgensi
2055691569395855582,Sunnyy1004,"Aku dah mulai ngurangin makan nasi nichh, karna beberapa hari lalu lagi depresi bgt aku gak nafsu makan disitu aku mulai berkurang makan nasi, pas liat perut ku makin kecilan aku jadi mau tetap lanjut kurangin makan nasi deh hahahhahaha semoga bisa kontrol makan ku ya.",Curhat Ringan,0.16112308770260794,0.23501046047066199,[],Tidak ada kombinasi evidence pemicu urgensi
2059589357535699279,palewitt,@bvtrass Cewek jaman skrg ko pada tolol ya mauan aja lagi diajak tidur sama yg bukan pasangan sah nya. Ya urus aja sendiri urusan lu dah. Mau depresi atau apa kek itu kan pilihan lu sendiri,Curhat Ringan,0.16018323590225148,0.23431346542907483,[],Tidak ada kombinasi evidence pemicu urgensi
2057375117492281383,hrunkitts,"@bakuldimsum_ Katanya ""udah pernah yg lebih parah, segini gk ada apa apanya"" padahal setauku ini yg paling tinggi gk si?
Tiap ada kegoblokan prabowo &amp; pemerintah jg mrk tutup mata, dari banyak anak yg keracunan karna mbg, orang bundir karna ekonomi, juga aktivis2 yg diculik, ditahan &amp; mat1",Curhat Ringan,0.15980915003168075,0.23403512225909667,[],Tidak ada kombinasi evidence pemicu urgensi
2049346583490400456,die9sym,"@janciiiook Orang ""beres"" gaada yang bundir 😭",Curhat Ringan,0.15975998694703278,0.2339985026554628,[],Tidak ada kombinasi evidence pemicu urgensi
2050969947887804844,MichaelAseppp,@baitgetir Ternyata sama aja kalah debat nyuruh orang lain bundir 🙃 https://t.co/ILPpNjxfcM,Curhat Ringan,0.1596334458459432,0.2339042052852385,[],Tidak ada kombinasi evidence pemicu urgensi
2059256963817722178,ArchieXMydei,gak usah berlindung dibalik kata depresi dan neurodivergence deh buat jahat ke orang.,Curhat Ringan,0.1594411962066653,0.23376082651542895,['Tekanan Emosional'],Tidak ada kombinasi evidence pemicu urgensi
2047732755505787271,GLazarosana,"@empty__core ""kalau ready mau mati, minimal siapin lahan makam di Sandiego hills"" kalau ga punya ga usah sok²an bundir, nasi Padang masih enak 🤤",Curhat Ringan,0.15889017162105054,0.2333490974975355,[],Tidak ada kombinasi evidence pemicu urgensi
2057290995495215400,sosmedrandomm,"@GrabID Ga survey dlu apa gmna? Penduduk rata rata di bumi fans eMyU, nge banter eMyU sama aja bundir menghilangkan konsumen untuk memakai grab 😂",Curhat Ringan,0.15883160441103014,0.23330526767355025,[],Tidak ada kombinasi evidence pemicu urgensi
2060275274600608151,luksxngel,depresi🔛🔛🔛🔛,Curhat Ringan,0.15820820967679344,0.23283792445153903,['Tekanan Emosional'],Tidak ada kombinasi evidence pemicu urgensi
2056240626963001691,MisnaWTB,Depresi https://t.co/szSrnzOQ1q,Curhat Ringan,0.15820820967679344,0.23283792445153903,['Tekanan Emosional'],Tidak ada kombinasi evidence pemicu urgensi
2054554401898147920,antimorpheme,"@sseraist Mau idol sampai bundir pun tidak ada jaminan mereka berhenti membully. Pembully-pembully ini memang cacat dari sananya. Egonya tidak pernah kenyang, mereka sendiripun tidak tau harus melakukan apa lagi supaya bisa tenang.",Curhat Ringan,0.15791778964461045,0.23261969324314233,[],Tidak ada kombinasi evidence pemicu urgensi
2047594265354871213,MeteorPanas,@arsenatasyas Bahkan fans ghoib ini bisa2nya nyuruh orang bundir wkwk https://t.co/bJgh5ZA1i1,Curhat Ringan,0.15738466814110474,0.23221823789856652,[],Tidak ada kombinasi evidence pemicu urgensi
2057546418089279593,aghova_jana,@Enela96 @JHanzalius Moc dobře si to pamatuji.A trpím.Mám z té součastné politické reprezentaci depresi.,Curhat Ringan,0.1573542690401709,0.23219531322970535,['Tekanan Emosional'],Tidak ada kombinasi evidence pemicu urgensi
2053724268178121124,uncensociety,"@NadaArdhianto @nandaalbarn Udah tahap depresi ini mah. Slogan ""To the next level"" yang mereka gaungkan, Statment ""Jakarta di atas Bandung segala-galanya"" Yang ketuanya katakan hanyalah bullshit belaka. You fucking wanker @InfokomJakmania @DikySoemarno 🖕🖕🖕",Curhat Ringan,0.15726686848067756,0.2321293823646777,['Keputusasaan'],Tidak ada kombinasi evidence pemicu urgensi
2048719293140058191,forgotten_face_,"@infomitigasi Ga ada orang yang secara sadar mau menyakiti dirinya sendiri, klo dia udh memutuskan untuk menyakiti diri sendiri berarti ada luka yang udah ga bisa dia tahan. Kalimat kaya gini pun ga akan memotivasi orang yg depresi untuk tidak bunuh diri. Kalimat yang menyakitkan dan pointless",Curhat Ringan,0.1570322436779049,0.2319522449464509,[],Tidak ada kombinasi evidence pemicu urgensi
2047692581728071959,FakhrurroziZy,"@sydneyzw Org2 tololl yg mentalnya lemah karna percintaan trus bundir, gak ada respeknya sm skali
Hidupkan cinta lo sm Tuhan dan kedua ortu itu udh cukup",Curhat Ringan,0.1567099530068367,0.2317085699601607,[],Tidak ada kombinasi evidence pemicu urgensi
2060458667338842311,Rayhn_1991,"Melankolia dari Efek Rumah Kaca itu salah satu lagu yang banyak orang rasain beda beda maknanya karena liriknya ga pernah ngomong secara gamblang soal kehilangan apa. Justru itu yang bikin lagu ini terasa dekat buat banyak orang.

Kalau didengar baik baik lagu ini sebenarnya https://t.co/CPpQEpzohc",Curhat Ringan,0.15638038687439018,0.23145897189776105,['Tekanan Emosional'],Tidak ada kombinasi evidence pemicu urgensi
2053271436404600981,birurubyjeans,"eh sumpah lu jahatt bangett anjir, menyukurin orang depresi buat belain orang yang dia tau lu idup aja kagak. lu bisa loh belain yang elu bela tanpa dragging disability orang lain kayak gini, ableist lu, gak punya empati. Gws",Curhat Ringan,0.15635009024716742,0.23143600514440826,[],Tidak ada kombinasi evidence pemicu urgensi
2052228913854873720,way_amm,"@dellunera Mental orang pasti beda-beda. Tapi tolong banget jangan sampai bundir itu jadi pilihan terakhir. 

Banyak2 istighfar aja kalau lagi sangat sulit dan lihatlah orang yang disekitar, ada mereka yang sangat sulit tapi tetap bertahan hidup,",Curhat Ringan,0.15586293693190434,0.2310662133224083,[],Tidak ada kombinasi evidence pemicu urgensi
2056250673621266488,menbrrr,"@cucacuwiit Aamiin allahuma aamiin, yg ke 3 sudah depresi dengan dollar yg skrg",Curhat Ringan,0.15544947796567535,0.2307516219037952,['Tekanan Emosional'],Tidak ada kombinasi evidence pemicu urgensi
2048453791335469326,brrekmidaun,"orang klo depresi jgnkan makan mie ayam
gerak keluar buat beli mie ayam aja magernya setengah mati
beli layanan pesan antar aja bisa mikir  lama bingung mikir jarak, ongkir, rating, variasi &amp; akhirnya ga jadi makan nahan lapar dan tidur",Curhat Ringan,0.15543167707819042,0.23073806229865915,"['Gangguan Fungsi', 'Tekanan Emosional']",Tidak ada kombinasi evidence pemicu urgensi
2051571195662012643,kamicsatoayato,@SoyaHikaru @Brokenbtch2 @ArdiiiNug Umm tendensi menghabisi orang lain tanpa sebab bukannya penyimpangan juga? Mau bundir anda? Silakan aja,Curhat Ringan,0.1553422673267412,0.23066993635712246,[],Tidak ada kombinasi evidence pemicu urgensi
2051909000888009146,Rin_Dandanies,"Ksoo disuruh bundir diem
Ksoo disuruh minum racun diem
Ksoo kena bodyshimming juga diem
Tapi, saat ada fans Ksoo yg udah capek sampe berharap Ksoo keluar dari grup disanalah para suel datang dengan narasi sok bijaknya. Fyi, kaum lu yg ketakutan setengah mati pas dia out dari SM",Curhat Ringan,0.15475770038028105,0.23022373390920234,['Tekanan Emosional'],Tidak ada kombinasi evidence pemicu urgensi
2060210656079708391,watairprods,"@secretzzdx HOAX! ini video 2023, dia pelatih gym, depresi akhirnya bunuh diri, plis cenblu bijak sebelum ngeshare sesuatu, kena report akun kalian jg yg masalah",Curhat Ringan,0.15465135694101814,0.230142413576444,[],Tidak ada kombinasi evidence pemicu urgensi
2051516234286383228,Katakatahatiind,"CARA MEMBACA PERILAKU DI DUNIA KERJA

*TERLALU SERING BILANG ""SIAP""*  
Biasanya lagi kewalahan, tapi nggak enakan nolak.  

*KELIHATAN SIBUK TERUS*  
Bisa jadi lagi kejar pengakuan, bukan kejar hasil.  

*DATANG PALING PAGI, PULANG PALING AKHIR*  
Antara memang berdedikasi...",Curhat Ringan,0.15457196825859493,0.23008167563062729,"['Gangguan Fungsi', 'Tekanan Emosional']",Tidak ada kombinasi evidence pemicu urgensi
2049027607258333358,yeochzycake,"Bundir memang bukan solusi. Tapi menghakimi org yang bundir lebih tolol. ampe dikatain fomo…..SAKITT. mending lu ke pskiater, keliatan bgt gpunya empati. Kita gatau seberat apa masalah hidup yang mereka tanggung ato mungkin mereka punya mental illness. STOP JADI ORG SOK SUCI https://t.co/oPmWkQyc2s",Curhat Ringan,0.15415201137358026,0.22975995414184802,[],Tidak ada kombinasi evidence pemicu urgensi
2049441049261785489,arunika_fajar,"@cloriavey aku ngertinya cuma depresi itu kek sakit di neurotrasmitter aja dan maka dari itu hrs diobatin secara medis dan bkn dengan norma, tapi baru belajar dri twit2 kaka yg lewat, klo dia itu spektrum. aku sebelumnya cuma paham dia itu 2 aja, ringan dan berat.",Curhat Ringan,0.15392136842690643,0.22958295769763715,['Tekanan Emosional'],Tidak ada kombinasi evidence pemicu urgensi
2048790846536110139,bloommyyy__,"percayalah, bertahan di lingkungan toxic tu gaenak dan sakit bgt guys. this is a right decision buat mundur.",Tidak Relevan,0.1538647445907438,0.2295394711422198,[],R0: Tidak ada sinyal kesehatan mental (anchor & evidence kosong)
2053686531152609491,kipyiksamgong,@RstmBcl Pantes ada yg bundir,Curhat Ringan,0.1535534134330491,0.22930013763182092,[],Tidak ada kombinasi evidence pemicu urgensi
2050390748714172842,rradithadid,"@sukamendoanm Pernah denger cerita anak indihome, kalo orang yang bundir dia akan mengulang kejadian itu terus-menerus hingga akhir masa. Ntah itu loncat atau main tali.",Curhat Ringan,0.15347286500608862,0.22923815196210687,[],Tidak ada kombinasi evidence pemicu urgensi
2050210796748341406,BanyuSadewa,"Orang depresi tidak pernah bercerita, tiba-tiba ngosek kamar mandi di jam 3 pagi…",Curhat Ringan,0.1531066151209723,0.22895596966598974,"['Gangguan Fungsi', 'Tekanan Emosional']",Tidak ada kombinasi evidence pemicu urgensi
2054804407444005011,xolovelyody,"orang orang bakal ngehate sampe salah satu ada yg bundir atau keluar grup
nanti kalo udah kejadian, yg ngehate tadi nyalahin fandomnya

garam dulu fandom sama agensinya mertahanin terus tapi hate train dimana
pas udah out haters bilangnya fandomnya sendiri yg nyuruh out",Curhat Ringan,0.1529260551119466,0.22881665116909777,['Tekanan Emosional'],Tidak ada kombinasi evidence pemicu urgensi
2059425800961831131,brockempton,Depresi sejak dini,Curhat Ringan,0.15247821239320905,0.22847051692731454,['Tekanan Emosional'],Tidak ada kombinasi evidence pemicu urgensi
2054894815964549168,whoisiuno,"Bajingan lo @Jefferyyyyy, better lo yang bundir sana, pelaku pedofil gk pantes hidup",Curhat Ringan,0.1524136585644185,0.22842055504972286,[],Tidak ada kombinasi evidence pemicu urgensi
2048522211565428853,dittaprastiwi,"Beneran deh, kalau lagi emosi jangan deket-deket miras.😭

Kejadian di Kendari ini serem bgt, cewek 18 thn nekat self-harm pakai silet karena diselingkuhin. Jujur, sakit hati emang berat, tapi nggak gini juga caranya. Kita cuma bisa doa biar Tuhan kuatkan mentalnya. Dikira kuat, https://t.co/7siTvnSGni",Curhat Ringan,0.15239258476119683,0.22840424107782772,['Tekanan Emosional'],Tidak ada kombinasi evidence pemicu urgensi
2057066042078490819,lulunaticss,"@riminji18 @yappingfess ???? ga semua org cutting gara2 atensi anjing, kakel lu kepikiran cutting aja bahkan buat atensi itu dia aslinya butuh pertolongan karena bisa2nya mikir nyakitin diri buat ngancem orang apalagi orang lain yang bener2 cutting krn mau bundir dan mikir mereka pantes disakitin",Curhat Ringan,0.15226058456915748,0.22830201297095332,['Permintaan Bantuan'],Tidak ada kombinasi evidence pemicu urgensi
2051562266072600578,boyslovelism,Baru konek pas baca inti lo chi wkwkwkwkw yaudah sih kalo emang ga betah idolain jossgawin gara2 mereka introvert level 99 good bye aja ga ada yg maksa wkwkkw lagian kenapa harus pressure diri sendiri sih😭😭😭😭marah marah komplen gajelas ga ngaruh jg 😭😭😭😭😭 fangirling,Curhat Ringan,0.1519890287440557,0.228091476541577,[],Tidak ada kombinasi evidence pemicu urgensi
2057182714919591993,DanielHule,"Recenze: Eldorádo v DISKu – Kibicující babička 

Představení absolventů DAMU začíná písní Eldorádo, která vás naštěstí nabije optimismem, díky kterému přežijete následující existenciální depresi.

Hlavní postavou není roadtrip za lepším světem, ale babička, kterou hraje kdokoli, https://t.co/84B8Nb0nSq",Curhat Ringan,0.15172627547777662,0.2278874706138264,[],Tidak ada kombinasi evidence pemicu urgensi
2050197795047628971,hamsterbacod,"2019  : depresi 
2026 : depresi dan tua",Curhat Ringan,0.1514679113435087,0.22768658941442316,['Tekanan Emosional'],Tidak ada kombinasi evidence pemicu urgensi
2059519119259795779,RamaUsman7,"Nonton podcast Densu Erika Carlina curhat perjalanan hidupnya setelah hadirnya Enduw . Dari titik terendah karena hujatan satu Indonesia, tekanan mental, sampai perjuangan belajar jadi ibu yang baik &amp; perlahan menemukan alasan untuk bangkit lagi. Kehadiran Enduw jadi titik balik https://t.co/9yPXJl3szG",Curhat Ringan,0.15129808087839983,0.22755439082781476,['Tekanan Emosional'],Tidak ada kombinasi evidence pemicu urgensi
2049423461249105943,ayuyuay_,"@sbyfess Mbak dia toxic mbak. Dari point terakhir mbak yang bilang pernah putusin dia tapi dia mau bundir, itu udah masuk toxic. Belum lagi pernah judol dan cuman ada sekali pengalaman kerja itu pun bilang gak betah. Sekedar mengingatkan saja mbak hanya makan cinta saja gak enak.",Curhat Ringan,0.1505704256462031,0.22698658840222793,[],Tidak ada kombinasi evidence pemicu urgensi
2054843230487982376,dearbibii,"@puffteepor awowkwowko gue udah cek akun lu dan ngeliat semua tweet yang lu rt dan qrt, lu malah keliatan lebih depresi ngeliat idola lu di blame dibanding fokus bahas soal pelaku atau soal pelecehan seksual",Curhat Ringan,0.15047204071316178,0.22690964377287662,[],Tidak ada kombinasi evidence pemicu urgensi
2057176701676003695,drenerjt19,"@haluandotco ada yg depresi dirangkul dibantu. Mati aja masih dijudge apalagi masih hidup pasti dibilang ""lemah gitu doang"", makanya banyak org yg gk mau minta TOLONG karena takut dikatain ama org2 bego yg hujat. Pas otaknya gk berfungsi, alam bawah sadarnya cari jalan pintas. BunDR.",Curhat Ringan,0.15043319116110335,0.22687924901644388,['Tekanan Emosional'],Tidak ada kombinasi evidence pemicu urgensi
2051278677380669538,WittyCiwied_M,"Oalahhhhh, lidya dibuat kayak bundir dong 😱😱😖

30 DAYS SAILING WITH SENADA
#TerikatJanjiEp30",Curhat Ringan,0.1501496420463658,0.2266572125933387,[],Tidak ada kombinasi evidence pemicu urgensi
2047826469582516284,baconator1995,@aera_ry Ga punya otak tuh nganggep gestur belasungkawa sebagai 'apresiasi' untuk pelaku bundir. Itu baru tolol &amp; nirempati,Curhat Ringan,0.15003759886517398,0.22656938072406885,[],Tidak ada kombinasi evidence pemicu urgensi
2047627879354098089,ptsdicka,"Rádoby raper mi na tiktok poslal jeho song, kde zpívá jen o panicky, depresi, úzkosti atd. proc kazdej 17yo typek dela takovej styl hudby? fakt v životě nemate nic jinyho než plivat takyho hovna, kdyz ani nevite jak to funguje? nebo toho nasrat jeste drogy at se 14 lip chytají",Curhat Ringan,0.1499219010346889,0.22647862723379422,[],Tidak ada kombinasi evidence pemicu urgensi
2056301109921341824,dobbydiboo,tuntutan penguasaan skill sih yg gue rasain bgt skrng...burnout parah padahal gaji masih entry level. tp gak munafik kalo kerja di bidang gue sangat menjanjikan,Tidak Relevan,0.14955813029870868,0.2261929087566607,[],R0: Tidak ada sinyal kesehatan mental (anchor & evidence kosong)
2054758551609094177,EvanoLuke46652,"@neVerAl0nely___ Emg niat bundir jg kali tuh org,, wlw palang gk d tutup tp kl ada mw lwt sdekat itu apa gk terdengar suaranya,, dan emg jg salah peg yg brtgs dpalng pintu lalai banget patut d sanksi",Curhat Ringan,0.1489267214791409,0.22569561492313037,[],Tidak ada kombinasi evidence pemicu urgensi
2048160555219993034,lelelaut32096,"@tanyakanrl See? Orang yg bundir/mau bundir itu awalnya pengen perhatian, so kelen2 yg lamaan dikit kaga ngeliat kawan mending tengokin",Curhat Ringan,0.14888195773868768,0.22566029330094656,[],Tidak ada kombinasi evidence pemicu urgensi
2048487370635567269,alchemidz,"mereka yg ngomong gini gapernah liat org yg mereka sayang, badan gelantungan ud membusuk ada belatungnya wkwkw cmn gara gara ""masalah masalah"" anjing bundir di blg fomo goblok",Curhat Ringan,0.14816656350320434,0.22509460593714858,[],Tidak ada kombinasi evidence pemicu urgensi
2047590174360744398,SnaiperMask,"Sebagai orang yang tiap hari mondar-mandir lewat ini jembatan pake L300 entah pagi bahkan malam kejadian bundir ya kadang ada bahkan pembuangan mayat juga ada, tapi belakangan rame ya karena monetize sosmed dan ngejar fyp",Curhat Ringan,0.1481008619132419,0.2250425403768366,[],Tidak ada kombinasi evidence pemicu urgensi
2051169026056040944,choco__pie00,"@tanyakanrl Jauhkan dirimu dari lingkungan toxic walaupun itu keluarga tapi kalo dah toxic mampus ya kabur wae nder, bawa sekalian adekmu kasian nanti terpapar lingkungan yang ngga baik. Run sebelum makin runyam, you deserve hidup yang tentram",Tidak Relevan,0.1480076542061318,0.22496864470568573,[],R0: Tidak ada sinyal kesehatan mental (anchor & evidence kosong)
2059251941872742518,makabefactor,Bagaimana jika kita semua bundir 🩷,Curhat Ringan,0.1478353674031951,0.2248319533286673,[],Tidak ada kombinasi evidence pemicu urgensi
2048775858996056276,circa_tipeng,"@Septianedogawaa @nirfungsih Wkwkwkw no komen klo itu, klo ga mau depresi ya, terima aja penjara. Krn pas pinjol judol kan mereka masih waras. 
Dg sadar masuk lubang buaya, apa yg mau diharepin? Dpt emas?wkwkkw",Curhat Ringan,0.1474248700505123,0.22450573561769546,['Keputusasaan'],Tidak ada kombinasi evidence pemicu urgensi
2048611234753499242,akusukachatime_,"@bersuwara_ in serious way, kalau udah beneran ‘males’ mandi (mandinya tidak setiap hari), wajib ke psikolog ya. Temenku baru aja ngalamin ini dan ternyata gejala depresi 😔 we’re all cooked being wni huhu",Curhat Ringan,0.14734812390858007,0.2244446629827673,['Tekanan Emosional'],Tidak ada kombinasi evidence pemicu urgensi
2054063228557078761,yappingfess,"yap! sender udah burnout parah, pengen ke psikolog tapi bingung kalau disana harus ngapain... biasanya orang kalau ke psikolog ngapain aja sih..",Curhat Ringan,0.14714837479447074,0.2242855842366363,['Tekanan Emosional'],Tidak ada kombinasi evidence pemicu urgensi
2056565997172412760,gitaruji17,"Ini teori akuu dari essay film

Riu sakit mental dan yang nolong taesan dan rumahnya riu itu taesan. Kenapa sakit mental krna dari dia di rs ngga di infus dan menunjukkan sikap depresi. Dia sama taesan tuh chillhod friend trus tuh kluarga riu ngga muncul satupun.",Curhat Ringan,0.14687771458586804,0.22406974705782803,['Tekanan Emosional'],Tidak ada kombinasi evidence pemicu urgensi
2048160962767892486,cucustarboi,"@_mabskuy @arman_dhani Lah, pada lupa rasulullah sendiri punya bab tahun kesedihan? 
Tahun kesedihan, bukan bulan kesedihan atau minggu kesedihan. Bukti grief itu butuh waktu. Dan msih banyak bgt yg bisa kita bedah ttg sedih, kalut, depresi, dari bab tsb.",Curhat Ringan,0.14666404302165853,0.22389912262107386,['Tekanan Emosional'],Tidak ada kombinasi evidence pemicu urgensi
2048726326258090234,badpaniki,"@infomitigasi Nir empati. Kalo bundir kenapa yang dipikirin repotnya, emang pas masih hidup lu peduli ama orangnya? Pantesan aja banyak orang orang bundir akhir akhir ini, hidup mati sama aja ga dipeduliin makanya pada bodo amat ama yang hidup samsek ga nyelesain masalah apapun",Curhat Ringan,0.14664693201979984,0.22388544997031037,[],Tidak ada kombinasi evidence pemicu urgensi
2060128888110690325,panggilmaria_,Jangan terobsesi dengan yang sudah elig bisa depresi kamu,Curhat Ringan,0.14661879055000127,0.22386296048308865,[],Tidak ada kombinasi evidence pemicu urgensi
2051160767538577726,noirzaa,"10 Tanda Mental Kamu Mungkin Sedang Terganggu : 

1. Sedih terus-menerus atau mudah marah tanpa sebab jelas.

Perubahan suasana hati yang berkepanjangan-merasa putus asa, sedih, atau mudah tersinggung-bisa jadi pertanda avral gangguantmental seperti depresi atau kecemasan.",Curhat Ringan,0.14651358504001027,0.22377885295586153,"['Keputusasaan', 'Tekanan Emosional']",Tidak ada kombinasi evidence pemicu urgensi
2049471927673356323,roridisini,@bennysiauw89 Orang yang belum pernah pengen bundir ga akan tahu rasanya pengen bundir.,Curhat Ringan,0.14581763282864335,0.2232212035041867,[],Tidak ada kombinasi evidence pemicu urgensi
2053057557917515840,letchugowon,"@starfess Komennya pada stress sok sokan simpati klok ada idol yang bundir nyalahin knetz PadhL sendirinya ga beda jauh, bangga jadi fans Indo alah tai leding ngehate gg udh jadi makanan sehari-hari , ketikannya kayak kaga sekolah, moral apaan mental bully iya",Curhat Ringan,0.14578855658825662,0.223197857448549,[],Tidak ada kombinasi evidence pemicu urgensi
2048369280283185199,sadtoruuu,"@Italian_35 @reyiisen ah yes, empati bgt ampe malah nyuruh org empatetik bundir grgr kasian ama org bundir. loser and herd mentality di aplikasi sampah.",Curhat Ringan,0.14471701864848296,0.2223347853530537,[],Tidak ada kombinasi evidence pemicu urgensi
2054869064263274968,LimaWaluSara,"Kondisi ibu dalam video ini bukan BABY BLUES!

Ini Kondisi Psikologi  yang disebut DISFRANCHISED GRIEF.

Tekanan batin yang bertumpuk dengan Krisis Identitas Makna Hidup.

Ini terjadi saat seorang wanita merindukan kebebasan, merindukan dirinya yang dulu, hal itu membuat dia https://t.co/gli7VLpbUe",Curhat Ringan,0.14461729059311812,0.22225418957796964,['Tekanan Emosional'],Tidak ada kombinasi evidence pemicu urgensi
2058127054072385957,Hansomeman_77,"@313tria Kayaknya libur 3 bulan buat dia se setres itu, gw soalnya kalo lagi depresi bisa turun 5 kilo langsung tapi semoga emang lagi diet aja",Curhat Ringan,0.14423052570195788,0.2219411858329267,[],Tidak ada kombinasi evidence pemicu urgensi
2048762803859955905,diedsowl,"@ggyarine kalo stress pengen makan terus, kalo depresi nafsu makan hilang",Curhat Ringan,0.14415873386332173,0.22188300887743634,"['Gangguan Fungsi', 'Tekanan Emosional']",Tidak ada kombinasi evidence pemicu urgensi
2057137379622936649,Gooners848394,"@brondongkuat00 @haluandotco Urusan neraka hanya tuhan yang tau, tapi yang pasti dia rugi sendiri karena bundir dalam keadaan belum makan mie ayam",Curhat Ringan,0.14395647471825762,0.2217189772844766,[],Tidak ada kombinasi evidence pemicu urgensi
2049446423301910731,mekmekpek,"@sbyfess Kalau sender nya liat ini toloong baca ya
https://t.co/jGwhRgBEmO gblk 
https://t.co/bcAvRvpPY7 gblk bgt tai
Udah bener itu putusan aja,malah balikan lagi alasan cwoknya mau bundir wkwkw
Itu cuman akal²an cwo doang,ya kalaupun dia bundir yowes itu bukan kemauan mu,tp dia yg mau",Curhat Ringan,0.14388605131561355,0.22166181911121716,[],Tidak ada kombinasi evidence pemicu urgensi
2057695685009699243,HarryPattyRM00,"@saiful_mujani Ati""... Mungkin gejala depresi berat Prof...",Curhat Ringan,0.14376396533018893,0.22156267455129913,['Tekanan Emosional'],Tidak ada kombinasi evidence pemicu urgensi
2050328284894994929,anacondaprocL,@_Xtheguzel Tambahin donk IOF yang bundir!!!!,Curhat Ringan,0.14352889120703316,0.2213715761899948,['Permintaan Bantuan'],Tidak ada kombinasi evidence pemicu urgensi
2054047546625110047,rasjawa,"Ahahaha asyeeek, saya suka quote ini ""Yang penting Impresi ga bikin depresi"" !!! Keren!",Curhat Ringan,0.1432305924659995,0.22112870532454867,[],Tidak ada kombinasi evidence pemicu urgensi
2054535725379690623,nanassenak11,"@urvdoy23 @dearbibii IYAA, jujur aku rada bangga sama psi karna dia bisa sejauh ini bertahan, mybe org lain d posisi dia udh milih bundir..",Curhat Ringan,0.14314441446795217,0.2210584619280064,[],Tidak ada kombinasi evidence pemicu urgensi
2056818926332662089,MiftahBukanGus,"@KapudS640 Tinggalin aja kak... Btw seumur idup itu lama loohh, nggak kebayang pas udah nikah trus tengah malam minta sempol ayam dan lu nggak bisa nurutin trus dia mau bundir. Kan lebih ribed lagi. Orang yg normal2 aja ketika udah nikah pasti berubah jd akward.",Curhat Ringan,0.14288753429086792,0.220848870548335,[],Tidak ada kombinasi evidence pemicu urgensi
2057839336599818751,junhaninuna,"kalo ada yang bilang ""tolong jangan kepikiran mengakhiri hidup. tolong bertahan. masih ada mie ayam yg enak, bakso enak, seblak enak, masih banyak makanan enak yg harus dinikmatin di bumi""
apa mereka pikir orang yg depresi kepikiran semua makanan enak itu? bahkan nafsu makan aja",Curhat Ringan,0.1428152607194103,0.22078984515233474,[],Tidak ada kombinasi evidence pemicu urgensi
2059992495652745723,innirossi,"@aloyersz Iya lagi, nyoba buat diwaras2in ttp aja balik mau gila. Lingkungan toxic ga masuk akal, ibadah udh kek hal tabu, atasan dmen bkin mslah tp gamau beresin. Akhirnya plih resign, glama yg lain nyusul resign dan yg msih betah adlah mrka2 yg toxic gila itu",Tidak Relevan,0.14243298893113387,0.2204772312984322,[],R0: Tidak ada sinyal kesehatan mental (anchor & evidence kosong)
2051856508850475374,hut4sob4k,"@KapudS640 Ini cara Allah kmu diajuhin dari lingkungan toxic kak, cari kerja memang susah untuk sekarang, tpi bkal lebih susah klo kmu trlalu lama di kantor red flag kyk gitu
Semangatt, pasti dapet pekerjaan yg lebih layak ❤️",Tidak Relevan,0.1422040146794954,0.22028964577299173,[],R0: Tidak ada sinyal kesehatan mental (anchor & evidence kosong)
2057365079683739656,JoeTirtoDiputro,@Namaku_Doaku Autumn itu waktu terbaik buat mrk yg bundir .... galau nya gak ktulungan,Curhat Ringan,0.14189218439742882,0.22003377536029528,[],Tidak ada kombinasi evidence pemicu urgensi
2055808769154592884,Katakatahatiind,"HIDUPMU BERANTAKAN KARENA MEREMEHKAN ATURAN WAJIB INI.

1. mengutamakan keluarga
2. menghindari lingkungan toxic
3. selalu mengikuti ajaran tuhan
4. bicara perlahan dan lemah lembut
5. tidak haus validasi oleh orang lain
6. kendalikan ego, nafsu dan amarahmu
7. amati lebih",Tidak Relevan,0.14177392938573685,0.21993661920229596,[],R0: Tidak ada sinyal kesehatan mental (anchor & evidence kosong)
2054267889109106828,MartinHorinek,"Cítím velkou podporu z ostatních táborů. Občas i někdo ze strany Sparty, Slavie,… 
Teď Ondra Kania na IG. Což je v té depresi asi fajn. 

Pojďme se o to poprat, ještě tam nejsme! 

Všichni o víkendu na Banik a poté na Duklu. https://t.co/c7Qye2T9VO",Curhat Ringan,0.14168405272654633,0.21986273292339212,[],Tidak ada kombinasi evidence pemicu urgensi
2048188684030398511,imwintxer_,"@pam_angga @garismerah_id Nah iya kan, beberapa waktu setelah pelaku pertama bundir itu kan banyak yang lewat ""laki-laki dengan isi pikirannya""
Dibuatin quotes sedih. di ini in sih, seolah pelaku tuh kasihan, sedih bgt, jadi bnyk yg iba.  Akhirnya malah ada yg terinspirasi :(",Curhat Ringan,0.14048130051168425,0.2188701806646405,['Tekanan Emosional'],Tidak ada kombinasi evidence pemicu urgensi
2056880154161619048,Aziz_zi_,"@mrtjakarta Izin ungkap krisis integritas pekerja pabrik kertas raksasa Kudus.

​5 tahun nemani dari bawah &amp; membantu selesaikan skripsinya. Begitu sukses dapat posisi nyaman, saya dikhianati sampai depresi berat ke Poli Jiwa RSUD Pati. Dia malah menantang karma. Bukti lengkap terlampir. https://t.co/OW1FkANn2z",Curhat Ringan,0.14040947676228702,0.21881068475318677,[],Tidak ada kombinasi evidence pemicu urgensi
2054577484751163870,BBHProtect6,"@yours459604 kau seorang janda tua jelek dari Philipina yang depresi karena diceraikan suamimu, menelantarkan anak sendiri, perusak rumah, seorang scammer, dan sekarang kau bersembunyi karena kau sedang dicari di seluruh Philipina. kau akan membayar atas semua perbuatan busukmu. https://t.co/Uo2E4gxSPV",Curhat Ringan,0.14018864114230145,0.2186275937340476,[],Tidak ada kombinasi evidence pemicu urgensi
2057980132300923060,junwatu,"Baru tahu kalau di ChatGPT ada kontak terpercaya.

Lebih ngeri lagi ternyata buat jaga-jaga kalau user lagi down dan mau bundir 😳

Segitu banyak kah yang pada curhat ke AI sampai-sampai membahas bosen hidup??? https://t.co/N6XMG1G3Pp",Curhat Ringan,0.14003087284980106,0.21849664287133652,['Tekanan Emosional'],Tidak ada kombinasi evidence pemicu urgensi
2057039799480180846,janjieko,@ARSIPAJA Andai anda tau..banyak yg depresi bahkan yg sdh odgj ..bukan alasan stunting..justru stres [ psikis yg tidak kentara krn layaknya org baik2 aja ]  .pinjol raturan Trilyun mengalir ke rakyat bawah,Curhat Ringan,0.13946224911408092,0.21802364634067722,['Tekanan Emosional'],Tidak ada kombinasi evidence pemicu urgensi
2058004180951085179,JAYKINISM,"just because kita taunya tanggal 10maret bkn berarti member taunya tanggal segitu jg. jgn lupa ini grup isinya hampir semua anak2 ‘T’ mentok. tentu mereka bakalan keliatan professional. klo kalian maunya en- keliatan depresi &amp; emotionally unstable after that, gws deh kata gua mah",Curhat Ringan,0.1394583997190185,0.21802043880928648,[],Tidak ada kombinasi evidence pemicu urgensi
2055045495056150853,mkbijaksana,"Guys, kalian tau gak kenapa banyak trader yang ""super disiplin"" tapi tetap bangkrut atau burnout parah?

Mereka punya disiplin. Tapi gak punya SYSTEM.

Disiplin tanpa system itu cuma penderitaan bertahun-tahun.

Bayangin gini:

Kamu bangun pagi, full fokus, gak buka chart https://t.co/oEJdOnsU56",Curhat Ringan,0.13945095528342527,0.21801423547845902,['Tekanan Emosional'],Tidak ada kombinasi evidence pemicu urgensi
2060199494247924111,schfess,Sch! kalau rata rata UTBK 615 rapor 91an MIPA. bundir ga kalau ngambil HI di SMUP?,Curhat Ringan,0.13917032130055337,0.21778018492640872,[],Tidak ada kombinasi evidence pemicu urgensi
2053670822397792630,postraumatized,gapernah kasian sama orang yg bundir gara2 judol,Curhat Ringan,0.13839662436255004,0.21713286087368475,[],Tidak ada kombinasi evidence pemicu urgensi
2047888223112995206,KenDrgntr,"@19BROMAN Mereka fikir setelah bundir masalah selesai, ya iya masalah dunia mah selesai, padahal masalah yg sesungguh nya baru dimulai",Curhat Ringan,0.13836464884492844,0.21710604284748888,['Tekanan Emosional'],Tidak ada kombinasi evidence pemicu urgensi
2052187188256026661,SetiaKEADILAN,Pulas telinga penasihat PM nepobaby dari Kayangan tu turun KK atau Hospital Gomen Emergency Dept. Bawak dia bersembang dengan doktor yang dah burnout dan depresi. Takde la dia tergamak nak potong dana KKM. https://t.co/PEc8a2FiRi,Curhat Ringan,0.13807679193832062,0.21686438127900617,['Tekanan Emosional'],Tidak ada kombinasi evidence pemicu urgensi
2059144458906853525,sooursallys,"gagal osn, gagal fls2n, gagal lomba, gagal 5 besar di akt, gagal 1 besar di smt 5-6 krn lebih milih ambis utbk dan ujung""nya ketolak, gagal scholarship, gagal tka, gagal snbp, gagal snbt. tali mana tali? bundir aja, bundir jg enak",Curhat Ringan,0.1376544382638532,0.2165090400161165,[],Tidak ada kombinasi evidence pemicu urgensi
2059650686871273838,junggringsezic,"@Rizky8808 Nangis itu mekanisme alami manusia utk lepasin stres, turunin tekanan emosional, jg meregulasi perasaan. Stigma cowok ga blh menangis justru berbahaya krn memendam emosi dpt picu gangguan kecemasan dan depresi. Nangis ya nangis aja los aja udah. Cry for your health",Curhat Ringan,0.13761633174780238,0.21647693460637876,['Tekanan Emosional'],Tidak ada kombinasi evidence pemicu urgensi
2053302846783914029,achqeela7,@Ghinanailil__ Udah secapek itu aqeela acting jadi orang depresi  malah jadi badut anjj,Curhat Ringan,0.137510182319965,0.21638746243534668,['Tekanan Emosional'],Tidak ada kombinasi evidence pemicu urgensi
2048013518541373946,FLJack_,@19BROMAN @crasher Jadi ketakutan sebenarnya karena biar gak banyak yang bundir dan bukan karena nerakanya? Apa gimana?,Curhat Ringan,0.13747750391596572,0.21635990648558645,[],Tidak ada kombinasi evidence pemicu urgensi
2059879272119238809,axeva_Ochi,"Yang bikin Won depresi dan kita nyesek di series adalah moment kilas balik kebersamaan Rafah dan Won😭

#TheGrimLoverFitting https://t.co/LfEBkfA79g",Curhat Ringan,0.13746479378202792,0.2163491872223941,[],Tidak ada kombinasi evidence pemicu urgensi
2055643214355595452,TrSutrisna,"@Malesinah_ @zoelf1k4r Jika ukuran 'sakitnya' dunia jadi alasan bundir maka mustinya orang2 Palestinalah yg terbanyak hrs bunuh diri! Bayangkan hampir 80 tahun ' sakit' luar biasa dizolimi Israel, diabaikan tetangga, diacuhkan dunia! Tetapi mereka tidak menyerah dan putus asa, bahkan iman mrk kian kuat",Curhat Ringan,0.13745276175255627,0.21633903908007074,['Keputusasaan'],Tidak ada kombinasi evidence pemicu urgensi
2051256094417375560,110testarossa,@usedbynot @TxtdariHI bundir massal depan istana,Curhat Ringan,0.13732547523229988,0.21623163638692916,[],Tidak ada kombinasi evidence pemicu urgensi
2059287948580065629,actuallyaoi,@necrosamus OH terus bundir ga dianggep lebih serius karna no one would expect you'd actually do it,Curhat Ringan,0.1370937229312232,0.21603587170441949,[],Tidak ada kombinasi evidence pemicu urgensi
2059278405581815903,sapphicsfess,Hi -sf aku mau makin banyakin moots lg dong disini. feel free kalau butuh teman cerita/ butuh saran. OH YA KLO MINAT OPEN SHARING TTG MAKEUP JG BOLEH😛☝🏻. nanti aku like n follow😏☝🏻,Curhat Ringan,0.1368332182042923,0.21581548682667992,['Permintaan Bantuan'],Tidak ada kombinasi evidence pemicu urgensi
2058207818210222529,lastcar132076,cara kalian ngatasin stres/depresi gimana?,Curhat Ringan,0.136761936146936,0.21575512127442795,['Tekanan Emosional'],Tidak ada kombinasi evidence pemicu urgensi
2058486999687025142,beluckyyyyy,sederhana tapi gabisa: sharing soal pengalaman pengen bundir.,Curhat Ringan,0.13651893596771716,0.21554913620154062,['Permintaan Bantuan'],Tidak ada kombinasi evidence pemicu urgensi
2059411918868344946,arettanaina,"@vyowiz_ Kalau ga ada tuhan kayaknya juga udah bundir inimah. Tapi sentuhan iman itu bisa jadi kuat banget untuk bertahan hidup, spritualitas itu benar menjaga kita dr keinginan dan depresi. Tapi, balik lagi ga semua orang bersabar untuk mencapai level itu dan sanggup. Dan itu gapapa.",Curhat Ringan,0.1363695492358893,0.21542235161318923,[],Tidak ada kombinasi evidence pemicu urgensi
2053267091973919130,santa_pert14146,"@preciyoz di kehidupan nyata bapak nya solar udah termasuk hebat, istrinya depresi, pulang kerja rumah berantakan, anak nangis. Tapi dia masih tenang, lembut, bahkan rela beresin dan nemenin sun main. Dia pergi pun karena ngerasa sun pengn bahagia dengan jadi solar
#LoveYouTeacherSeriesEP9",Curhat Ringan,0.13585174259070099,0.2149819814797604,['Tekanan Emosional'],Tidak ada kombinasi evidence pemicu urgensi
2059634982243758582,naavvie,"@wItoshiSae Halo kaa, mau tanya skor utbk 500 daftar mandiri unnes psikologi bundir gak ya?",Curhat Ringan,0.13537816614537782,0.21457798679669698,[],Tidak ada kombinasi evidence pemicu urgensi
2057021566026690584,genzhustling,"“Rakyat kita tidak bermimpi untuk kaya raya.” ?????!!?!

demi allah gue marah bgt sama statement ini. 🤬

ini rakyatnya yang disuruh jangan bermimpi tinggi, atau definisi ‘sejahtera’ dari si onoh emang serendah itu ya? kok bisa mimpi kolektif satu negara langsung dipatok batasnya",Tidak Relevan,0.13517274986538186,0.21440238128839567,[],R0: Tidak ada sinyal kesehatan mental (anchor & evidence kosong)
2059417986776309789,husain_fikri,@AsgarBang40935 @textfromalter Tolol. Dia depresi. Klo ga bisa bantu diem aja! Klo dia bunuh diri gmn? Kamu mau tanggung jawab?!,Curhat Ringan,0.13505657499359103,0.21430296645019994,[],Tidak ada kombinasi evidence pemicu urgensi
2053026296792572321,Atina_E,"@Ekinrfk16 @KapudS640 Point2nya bener.. itu kl org yg sejak awal ud ada di stage bahagia Dan nerima dengan dirinya sendiri. Yg case2 bundir ini kdg krn org2 itu menggantungkan kebahagiaan dy ke org lain (ke psgnnya cthnya), makanya bgitu org itu pergi, mreka goyah..",Curhat Ringan,0.13497868213871933,0.2142362704331225,[],Tidak ada kombinasi evidence pemicu urgensi
2058085178950762810,_Cessnasalma,"@asvillainn Dari yang meninggal efek bundir pada tanggal ulang tahun nih aktor aja udah jadi janggal besar, bukan sakit ya tapi bundir loh",Curhat Ringan,0.13494894162083867,0.21421079644651125,[],Tidak ada kombinasi evidence pemicu urgensi
2054047081552289858,taemyangi,Desah itu artinya DEPRESI DAN GELISAH,Curhat Ringan,0.13459748444109226,0.2139093993288098,['Tekanan Emosional'],Tidak ada kombinasi evidence pemicu urgensi
2050787473031131137,SoloMenfess,"akibat kondisi psikis, pasien rumkit bundir -lur https://t.co/9s4LCEf2wS",Curhat Ringan,0.1342229446645765,0.2135874750036182,['Tekanan Emosional'],Tidak ada kombinasi evidence pemicu urgensi
2050841555099852903,KediriFess,"Cah info loker buat M 30+ yg sudah terdeteksi tanda² depresi gara² susah dpt kerja meski pengalaman kerja sudah banyak...
Kalau ada yg ngajak luar negri australia mau banget",Curhat Ringan,0.13421609294384612,0.21358157874959888,['Tekanan Emosional'],Tidak ada kombinasi evidence pemicu urgensi
2048184313448194460,ibchyd,"@glrhn Terus, ada pengecualian juga.

Kalau bunuh dirinya karena hilang akal sehat, depresi berlebihan, atau gangguan jiwa, dia bukan lagi mukalaf. Artinya, hilang tanggung jawab.

Sekarang yang jadi pertanyaannya cuma: Mengapa depresinya bisa seberat itu?",Curhat Ringan,0.13418650556036824,0.21355611438100988,[],Tidak ada kombinasi evidence pemicu urgensi
2048264449577169097,rinaharu2000,"@garismerah_id Sehat sehat dah kalian , bundir bukan sesuatu yg harus di normalisasi , setiap orang punya masalahnya sendiri , setidaknya jika kalian punya masalah jangan bandingkan diri kalian dengan yg lebih baik tapi banding kan dengan yg lebih ancur tapi masih bisa tetap berdiri tegar",Curhat Ringan,0.1338709579929339,0.2132842429208033,[],Tidak ada kombinasi evidence pemicu urgensi
2053333634921468101,hardi0809,@samamasamas @Mangga1111 Mati bundir gaditerima di sisi Nya. Langsung di jeblosin ke neraka,Curhat Ringan,0.13385649669448788,0.21327177028764377,[],Tidak ada kombinasi evidence pemicu urgensi
2051242897656394083,saturnuskyy,"@iteramfs salah penggunaan kata, coba kalo kata²nya diubah gausah bawa² kata bundir, kek kesannya sepele bgt bundir tuh. malah kaya ga respect sama korban...",Curhat Ringan,0.13378202652199728,0.21320752293774578,[],Tidak ada kombinasi evidence pemicu urgensi
2054849676705439948,y91280,"@secr3thm4nz56 Wong manusia ini otak nya udh STRES , DEPRESI. ga mengakui soal pemidahan Ibu Kota ke IKN . 
MASa manusia seperti ini msh bangga banggakan",Curhat Ringan,0.13360710054457242,0.2130564907283494,['Tekanan Emosional'],Tidak ada kombinasi evidence pemicu urgensi
2047924362658054251,hklrst22,@ardisatriawan Apa pandangannya? Bundir = tidak berakal?,Curhat Ringan,0.13356657226221721,0.21302147448965997,[],Tidak ada kombinasi evidence pemicu urgensi
2058600101770346632,Unicronqueen00,P info bundir wkwk,Curhat Ringan,0.1333800387620541,0.21286019448078042,[],Tidak ada kombinasi evidence pemicu urgensi
2048256346018189401,BBebas2,"@annourcharity @Ndons_Back @kpp_pa @Kemdikdasmen 

Jangan menunggu korban depresi lalu bunuh diri

Sedangkan pelaku dimaklumi dengan alasan masa depan masih panjang

==//==

Bahaya bullying

https://t.co/rBYJgh6r3B https://t.co/tuW6pHlcF0",Curhat Ringan,0.1332237313319976,0.2127249014196974,[],Tidak ada kombinasi evidence pemicu urgensi
2057292410691244167,lufffmatcha,"Jujur aku kira ini cuma cuplikan film aja tapi ternyata ini kisah nyata rumah tangga kebanyakan orang, pantes dapet banget emosinya

Wdyt guys, misal klo kalian jadi istri kayak Intan yang tinggal bareng mertua plus punya ipar toxic pasti depresi banget gak si guyss? kalian bakal",Curhat Ringan,0.13303522702975606,0.21256156130270526,[],Tidak ada kombinasi evidence pemicu urgensi
2054044786395664450,Dedzol404,"@neVerAl0nely___ Disituasi sulit kaya sekarang bakalan banyak nemuin orang tantrum depresi begini.. Hidup sulit, bertahan sakit udah kegencet keadaan.. Belom lagi berbagai macam teror di saat susah",Curhat Ringan,0.13303271443112907,0.21255938279809375,['Tekanan Emosional'],Tidak ada kombinasi evidence pemicu urgensi
2049100147452490131,ManusiaBebas00,"@hyunsuuukkkk @tanyarlfes bundir dan kecelakaan sangat jauh bedanya, bundir sengaja mau menghancurkan tubuhnya. kalo GK d hakimi sekarang akan banyak bundir selanjutnya, 1 bulan terakhir ada 2 bundir d tempat yg sama karena yg pertama banyak yg normalisasi kan bundir itu harus empati.",Curhat Ringan,0.1329592568208244,0.21249567726344776,['Tekanan Emosional'],Tidak ada kombinasi evidence pemicu urgensi
2048005330894983471,reand0000,"@crasher @19BROMAN ya diancam biar g bundir lah, klo ancaman ny g keras bnyk bgt yg bundir org ancaman keras aj masih bnyk yg bundir",Curhat Ringan,0.1329546739984822,0.2124917018594164,[],Tidak ada kombinasi evidence pemicu urgensi
2047680784786657611,ferdidwjlnt,@kalistohenituse jgn dinormalisasi yg begini apalagi sampe naru bunga lagi di jembatan itu krna tkutnya malah ada yg pngen digituin juga setelah mrasa hidupnya buntu dan memilih bundir dgn didoakan byk org,Curhat Ringan,0.13281806296579568,0.21237314426989268,['Tekanan Emosional'],Tidak ada kombinasi evidence pemicu urgensi
2060427032086163766,aireenbyy,@idextratime Padahal jarang belanja gede2an 😭 sekali belanja klub lain auto depresi 😭,Curhat Ringan,0.13196872060762166,0.2116337179234534,[],Tidak ada kombinasi evidence pemicu urgensi
2048112025386332340,ilmi_rana,"@sugarchc12 Dan satu hal lagi, bundir bukanlah hal normal. Itu sudah tanda darurat. Dan ini bukan terkait agama atau segalanya. Ini masalah kesehatan dan kepribadian! https://t.co/eee21MTZE8",Curhat Ringan,0.1317814576255479,0.21147014665784258,[],Tidak ada kombinasi evidence pemicu urgensi
2060457227061006559,wupiiee,@goPuudd kenapa ya banyak orang yang bundir kek ngiranya uda kelar masalahnya pdhl malah nmbh mslh baru,Curhat Ringan,0.13156438765522938,0.21128029254349795,[],Tidak ada kombinasi evidence pemicu urgensi
2059883153515544896,arahbatin,"""Bahkan jika kamu berada dalam depresi berat selama bertahun-tahun, satu-satunya hal yang akan disadari orang lain darimu adalah betapa mudahnya kamu menjadi marah.""

Anonim",Curhat Ringan,0.13149898035585322,0.21122303379304483,[],Tidak ada kombinasi evidence pemicu urgensi
2056249321000214866,ohmylav,nonton takopi eps awal2 jadi keinget diskursus orang pengen bundir tapi disuruh makan mi ayam. bantuan yg terlalu blunt tanpa berempati dulu cuma bakal menyakiti pihak yg ingin dibantu.,Curhat Ringan,0.13136766340212333,0.21110800351157336,[],Tidak ada kombinasi evidence pemicu urgensi
2048633444524269740,AnggiCartwheel,Ngepromoin produk jualannya pake konten bundir dengan hastag @/mawarhitam menurutku gak banget. Pls lah yg punya usaha apapun itu jgnlah pake ide idean tema orng bundir 🙏🏻,Curhat Ringan,0.1313415653695757,0.21108513068069115,[],Tidak ada kombinasi evidence pemicu urgensi
2051921908862709761,JanuaarAkbar,"@sbmptnfess btw kenapa dia cerita ke grup publik gitu, apa mungkin gaada temen / orang lagi kah?
terus buat org yg ngatain org mau bundir tolonglah diam aja jangan komen ttg agama ataupun akhirat setelah kematian, org mau bundir udah ga peduli hal itu, coba tanya private aja, bantu cerita.",Curhat Ringan,0.13125650907528225,0.21101055888063983,['Permintaan Bantuan'],Tidak ada kombinasi evidence pemicu urgensi
2051235953948451045,bubblegunnskies,"@llynaissance @iteramfs Yeu adminnya kaya ga makan bangku sekolah. Jelas2 disitu lu bawa2 bundir. Sama aja kaya kasus yang kita tau. Stop lah, nirempati itu. Lu berpihak ke korban tp seakan2 juga menyepelekan. Pinter dikit napa elah. Psti etminnya cowo tuh",Curhat Ringan,0.13123148738848855,0.21098861369219693,[],Tidak ada kombinasi evidence pemicu urgensi
2060210389321912807,watairprods,"@dxrkchocolx HOAX! ini video 2023, dia pelatih gym, depresi akhirnya bunuh diri, plis cenblu bijak sebelum ngeshare sesuatu, bisa direport lho kalian",Curhat Ringan,0.13095297118298993,0.21074410180250802,[],Tidak ada kombinasi evidence pemicu urgensi
2050192312417006057,wahanakoa,"@Prodigy465604 Biarpun dianggap lemah, at least yg milih bundir dikit daripada laki-laki yg katanya kuat tapi mental lemah apa-apa bundir, cetassssss 😜  @Prodigy465604",Curhat Ringan,0.13012715305858288,0.2100165024851308,[],Tidak ada kombinasi evidence pemicu urgensi
2049122696311791740,bennysiauw89,"Jadi yah, ketika ada yg ngatain meninggal bundir itu egois, yah karena yang masih hidup ga pernah benar2 paham sama kehidupan &amp; motivasi kematiannya.

Bagi yg menstigma, terus hidup adalah keharusan, memutuskan mati adalah kelemahan, &amp; jenazah di ruang publik adalah merepotkan.",Curhat Ringan,0.13012057042750327,0.210010687010645,[],Tidak ada kombinasi evidence pemicu urgensi
2048016069437354032,ziq_paper,"Ada empatimu enggak?

Mending kau ajak mereka untuk tarik kembali untuk tidak melakukannya. Bukan membiarkan mereka disana.

""bundir = masuk neraka/surga.""

Harusnya kau tarik kembali kata2mu itu. Kau belum tentu merasakannya saat itu, tapi pasti kamu akan merasakan nanti.",Curhat Ringan,0.12994794112939342,0.20985808697613803,[],Tidak ada kombinasi evidence pemicu urgensi
2047699889929490727,AlanseSaputra,"@ByakuyaSho @JalanArsenal Bruh
Orang lagi ngomongin suicide awareness. Jadi kau disini nyalahin orang yg disuruh bundir? Cuman gara2 mereka gak asik?",Curhat Ringan,0.12992155414041642,0.2098347463391044,[],Tidak ada kombinasi evidence pemicu urgensi
2052236254113419719,nayswn_,"ada yang ga bisa jalan dan mengharuskan memakai kruk, ada yang depresi, yang sakit, yang patah hati dan hal lainnya, mereka lantas merasa sembuh🥲
https://t.co/Gq3Dwkk84m",Curhat Ringan,0.12984092417940543,0.2097634000308586,['Tekanan Emosional'],Tidak ada kombinasi evidence pemicu urgensi
2051221159723819480,jamusinom,"Kalau lihat orang struggling karena masalah and your first response is ""bantuin ntar bundir"" shows how you see suicide as something trivial, an option, instead of understanding how serious and complex it actually is.",Curhat Ringan,0.12949423505356764,0.20945619814323657,[],Tidak ada kombinasi evidence pemicu urgensi
2056240262171824311,mauvfa,"@lustdemonx @xendless_s Iya, rasanya kayak liat orang kanker disuruh bundir sekalian",Curhat Ringan,0.12939516777529,0.2093682858500291,[],Tidak ada kombinasi evidence pemicu urgensi
2060286228822659500,pupukrittin,Gak mau ya ada couple lain yg happy happy disaat won depresi kehilangan phi Fahnya 😒,Curhat Ringan,0.12924935012745878,0.2092387829766129,[],Tidak ada kombinasi evidence pemicu urgensi
2051552372506440072,darko_side,"@lookingfrbf @Ldnghyuck @tanyarlfes Mana ada WO lancang ngerjain klien orang penting di acara sakralnya seumur hidup, sama aja itu bundir bagi WO. Pikir secara logika.
Requestnya buna Tedd laaah.",Curhat Ringan,0.1292398877743309,0.2092303750189868,[],Tidak ada kombinasi evidence pemicu urgensi
2058692276667514904,soshuem,"📌 Salah satu tanda depresi yang sering gak disadari adalah kehilangan minat terhadap hal-hal yang dulu disukai.

Bukan karena ""malas"" atau ""gak niat"", tapi otak dan tubuhnya benar-benar kehilangan energi serta motivasi untuk menikmati sesuatu.

Makanya banyak orang dengan",Curhat Ringan,0.12916681075078706,0.20916542334651406,['Tekanan Emosional'],Tidak ada kombinasi evidence pemicu urgensi
2059170595494060353,kahanamio,"@irlpiastri Aku pas sd juga pernah kena cacar air, kalo cacar ular berarti bisa aktif semisal kena stres berat atau depresi dong?",Curhat Ringan,0.12903722773878135,0.2090501715288018,[],Tidak ada kombinasi evidence pemicu urgensi
2048169040494145556,opportunitry,"kinda too much yaa dikritik dgn baik2 tp sampe bawa2 bundir

pdhl isi kritiknya jg ga yg gmn2. dan ya emg packing segitu sih mahal ya menurut gw as seller. mending jujur2an aja dr awal kalo emg mau ambil untung segimana2nya. krn dr sisi mn pun ga masuk akal packing segitu 12k",Curhat Ringan,0.128854494013745,0.2088874795220115,[],Tidak ada kombinasi evidence pemicu urgensi
2058191478049112290,ANJlNK,why minggu depresi,Curhat Ringan,0.1288391394252173,0.2088738000302604,"['Gangguan Fungsi', 'Tekanan Emosional']",Tidak ada kombinasi evidence pemicu urgensi
2058620853714305308,p_vanillasky,"pergi ke psikiater rekomen si iu .. endingnya bukan membaik .. malah bundir semua ..

konspirasi apa ini?",Curhat Ringan,0.12874578256741945,0.20879059795177343,[],Tidak ada kombinasi evidence pemicu urgensi
2051151259336606158,hathoreal,"ㅤ
Jujur ke Hawaii cuma mau jajan hello kitty sama nyoba bundir, kita pulang lagi.
ㅤ https://t.co/9WMO1HK8m8",Curhat Ringan,0.1286531130202567,0.20870795755675345,[],Tidak ada kombinasi evidence pemicu urgensi
2050374856055939464,itugolbola,"@sukamendoanm klo keadaanya gini paling utama datengin negosiator handal, karena klo pelaku bundir emg udah pengen mati gk mungkin doi diem lama duduk. jangan jd sok superhero klo situasi &amp; tempat gak mendukung, nanti mlh jd panik doang bisa fatal hasilnya.",Curhat Ringan,0.1279989490600313,0.2081231424302766,[],Tidak ada kombinasi evidence pemicu urgensi
2056515018741743979,Txtdaricupu,Agak syok baca berita tentang anak arsi bundir dari gedung arsi.,Curhat Ringan,0.12788651680680896,0.20802237265037768,[],Tidak ada kombinasi evidence pemicu urgensi
2060213671603876311,glu_tan,@cureshanti0118 takutnya pada depresi 😃,Curhat Ringan,0.12772731172500393,0.20787955233545016,['Tekanan Emosional'],Tidak ada kombinasi evidence pemicu urgensi
2052313566854926843,yunaisherebro,Cung kaki YANG MAU #TAUHALI YANG HALINYA HAMPIR BUNDIR TAPI MALAH DI EVVE BRUTAL SAMAA TAUPAN https://t.co/ewk0syxBd4,Curhat Ringan,0.12763693085914388,0.20779840548833212,[],Tidak ada kombinasi evidence pemicu urgensi
2053440619725668665,miawmiawmiaw19,Yg keliatan happy di luar dan bhkn kadang org itu sendiri ngerasa ga depresi pun bisa jd sbnrny dia puny depresi cma dia ga sadar aja. Apalgi klo cm nontonin sinet yg puny durasi tayang &amp; screentime ny terbatas trs di bagi² ke puluhan org lainny. Mau ngarepin apa lgi ke sinet??? https://t.co/SJwbdU1Rde,Curhat Ringan,0.1275961985906558,0.2077618187124079,['Tekanan Emosional'],Tidak ada kombinasi evidence pemicu urgensi
2058438227481215350,jmjk_0113_,Haters jimin pasti saat ini lagi bundir masal yah karna ternyata yg mereka benci seindah dan secantik ini 🤣🤣😘 https://t.co/DQefmiphUl,Curhat Ringan,0.12757640412890323,0.20774403521508886,[],Tidak ada kombinasi evidence pemicu urgensi
2048796997734584476,auraaaw,bedain stress sm depresi aja gabisa ya pantes pas orang depresi gak nerima di-encourage dengan mie ayam langsung begini.,Curhat Ringan,0.1275054198166407,0.2076802429827777,['Tekanan Emosional'],Tidak ada kombinasi evidence pemicu urgensi
2056178833024524496,bruestarrex,isnin je terus amuk murung depresi sakit mental . penatnya jadi hamba abdi dunia corporate ! 🐦‍⬛,Curhat Ringan,0.12738248712840938,0.20756969397718258,[],Tidak ada kombinasi evidence pemicu urgensi
2051218097324052964,madutjalpukat,"@Cyliantea @llynaissance @iteramfs ""tolong ini kakak”nya, kasian ntar mati bundir anak orang"" makna dari pemilihan diksi dia ini ga peduli aslinya aka tone deaf ga ada empatinya samsek cuma asal biar cepet bls menfess doang",Curhat Ringan,0.1273328116405145,0.2075249967249957,[],Tidak ada kombinasi evidence pemicu urgensi
2055821093034942571,nopaynnogayn,"Kayaknya pola pikir gue kebuka setelah depresi due to being in gay in denial for 20+ years wkwk

Mulai deconstructing pelan2 pola pikir konservatif",Curhat Ringan,0.1270462945962183,0.20726690193017325,[],Tidak ada kombinasi evidence pemicu urgensi
2059626590750093643,manusiahelmm,"Dulu sempet pacaran sama temen kantor, sekarang udah jadi mantan dan lost contact ga pernah komunikasi sama sekali. Tapi kata kata ga enaknya masih nempel di kepala. 

Pernah diremehin dan secara langsung disuruh putus sama orang tua (nyokapnya doi) karena dia denger kalo history",Tidak Relevan,0.12703280731473995,0.2072547403248874,[],R0: Tidak ada sinyal kesehatan mental (anchor & evidence kosong)
2047735585855750204,tataeeek,"Dah tau depresi, bukannya cari bantuan, ke psikolog, malah ke bar sama studio tattoo.",Curhat Ringan,0.12700682722770854,0.20723131073243692,['Tekanan Emosional'],Tidak ada kombinasi evidence pemicu urgensi
2057044419711549761,gummyonly_,Yang bundir (kalo mengarah ke bonlap) real hoax yaaa!!! https://t.co/e0iCz137ip,Curhat Ringan,0.12699031523140533,0.2072164176088391,[],Tidak ada kombinasi evidence pemicu urgensi
2050839652765171743,nalovethai,"#teeteepor lokal au by naca

Give me true life 

Di diagnose depresi dan anxiety membuat Phare sadar bahwa hidupnya tidak sama dengan yang lain, dia hanya ingin hidupnya kembali seperti seharusnya. https://t.co/MEPmm4f8OE",Curhat Ringan,0.1268940104824399,0.2071295218034224,[],Tidak ada kombinasi evidence pemicu urgensi
2056368843875049956,nobIesoul,"Emang burnout parah disini, tuntutan kerjaannya beda dibanding Indo, tapi kalo disuruh balik mah ga dulu deh 🤣",Curhat Ringan,0.12667616360976575,0.20693275034427644,['Tekanan Emosional'],Tidak ada kombinasi evidence pemicu urgensi
2056874370388369419,LiaDadi3,"@Nowheremnpl @abulmuzaffar10 Justru itu, banyak yg udh keburu mati gak sih? Skrg aj udh banyak yg bundir entah gegara kelilit pinjol, gak sanggup berobat dll. Klo gak bisa #kaburajadulu, ya bertahan hidup dan menyambut kematian gak sih. Either way",Curhat Ringan,0.12577827327103905,0.20611865854624548,[],Tidak ada kombinasi evidence pemicu urgensi
2047923989054636480,cilokbakar178,"@_riverheaven lah goblok mau bundir nyusahin orang, untung aja ada cctv kalo ga kasian itu supir truk bisa repot urusannya",Curhat Ringan,0.12577355098164086,0.20611436385096926,[],Tidak ada kombinasi evidence pemicu urgensi
2048388256543412333,IndonesiaFedera,"DOKTER MERAHASIAKAN INI  
PADAMU ""TENTANG SEKS""  

1. seks 2x seminggu - tidak ada stres  
2. foreplay 20 menit - tidak ada wanita yang tidak puas  
3. orgasme rutin - tidak ada insomnia  
4. seks dengan cinta - tidak ada depresi  
5. oksitosin setelah seks - tidak ada kesepian",Curhat Ringan,0.12568272578877043,0.20603173582842857,['Tekanan Emosional'],Tidak ada kombinasi evidence pemicu urgensi
2053807373396091090,KakakMade,Burnout tapi curhat mahal? Ada 12 juta org depresi lho. Puskesmas Bali wajib punya psikolog biar kita bisa berobat murah. Kamu ngerasa ini urgent kan? #MentalHealth,Curhat Ringan,0.12565023369189868,0.2060021637967139,['Tekanan Emosional'],Tidak ada kombinasi evidence pemicu urgensi
2052725931127820448,chocopieXo,"Daripada Davina yg dibikin ke trigger sm Rian mending Novan aja yg dibikin depresi krn Rian..

#TerikatJanjiEp34",Curhat Ringan,0.12549818886024555,0.2058636961561261,['Tekanan Emosional'],Tidak ada kombinasi evidence pemicu urgensi
2050866788703818086,Hedvikka,@EluIluvatar Že si depku a depresi plete nějakej vesnickej balík v hospodě to asi chápu. Ale od lékařů tyhle řeči zní celkem děsivě.,Curhat Ringan,0.12528624413795666,0.20567043757799902,['Tekanan Emosional'],Tidak ada kombinasi evidence pemicu urgensi
2057365421897211950,AZaenarifin,"@haluandotco Hei @haluandotco, berita bundir gini harus ada disclaimer lengkap no telp atau hotline, karena ini bisa menginspirasi bagi yang lain. Tidak tau atau menyepelekan?",Curhat Ringan,0.12518666965180955,0.2055795453714602,[],Tidak ada kombinasi evidence pemicu urgensi
2052383617264001302,blvedkgping,"jujur iya, kemarin ada anak tetangga yang dari gejalanya mengarah ke depresi(dia ada di fase skripsian), aku udah lega dan bersyukur banget karena orang tuanya mau bawa dia ke psikolog, tapi ada nih tante yang bilang ""itu dirasukin jin lagi, pikirannya lagi kosong ya kesempatan-",Curhat Ringan,0.12516498637370294,0.2055597445278457,[],Tidak ada kombinasi evidence pemicu urgensi
2054939329030701236,SarSapiii,"@niki_tipaah @sarurnut @tanyarlfes Ah iyaaa, aku bacaaaa iniii kasihan bgttt lakinya tuh beneran depresi bgtt, tapi sebagian pada mihak istrinya-_- pengen baca kasus selanjutnya dmn yaaa:'(",Curhat Ringan,0.12505322449294692,0.20545763861049304,[],Tidak ada kombinasi evidence pemicu urgensi
2056301078409544057,thisubak,"@zingwind @Your_Baddiegirl tapi sekarang lagi banyak demo di jepang kak, dan menurutku warga jepang nggak senyaman itu kok hidupnya, kalau iya mana mungkin banyak yang bundir di sana karna merasa hidupnya sia sia",Curhat Ringan,0.1249166322632242,0.20533274136709445,['Keputusasaan'],Tidak ada kombinasi evidence pemicu urgensi
2050772215453622557,kahlill_gibran,"@RankerReturn66 @Chocolateh25781 @MasFurqon15 Napa jadi membunuh dah? Dongo lu ya? Kecuali tu cewe dari awal gk duduk di situ trus tiba2 aja dia di dorong baru pembunuhan, lah ini dia sendiri yg niat awal mau bundir dongo ajg sdm rendah",Curhat Ringan,0.12459665468810861,0.20503970113667574,[],Tidak ada kombinasi evidence pemicu urgensi
2054205556324528253,ketuakocak,"air terjun itu karena apa ya?
apa karna depresi? apa kepleset lumut?",Curhat Ringan,0.12434551343076694,0.20480924980206924,['Tekanan Emosional'],Tidak ada kombinasi evidence pemicu urgensi
2058103442057707574,mstaronline,"“Hilang beberapa tahun” - Jun Lojong alami depresi teruk sampai takut jumpa orang, dunia lakonan jadi terapi

#mstar260523

https://t.co/hDQTBfxEPx",Curhat Ringan,0.12391659003007306,0.20441473749550906,[],Tidak ada kombinasi evidence pemicu urgensi
2050863026656669887,0xhanyfa,"dapet “label” lain dulu:
 – anxiety
– depresi
– burnout
– dibilang “gak konsisten”
– “terlalu emosional”

Semuanya mungkin aja bener,
tapi ADHD yang ada di balik itu… sering gak ke Gejalanya juga lebih “silent”.

Gak harus selalu hiperaktif.
Tapi lebih ke—",Curhat Ringan,0.12362110794575136,0.20414227841026858,['Tekanan Emosional'],Tidak ada kombinasi evidence pemicu urgensi
2058889853220323424,kipyiksamgong,"@Sizukanft02 Cing, klo mau bundir di jembatan yg viral buat bundir itu aja.",Curhat Ringan,0.12358947388781223,0.20411307604023904,[],Tidak ada kombinasi evidence pemicu urgensi
2048361426839085534,defnotasweetie,kamar kos udah mirip kamar orang depresi. agaknya emang harus deep clean secepatnya. 🫠🫠🫠,Curhat Ringan,0.12328617386548359,0.2038327640656269,[],Tidak ada kombinasi evidence pemicu urgensi
2047593089301434519,Salvianto19,"@Kyukyuuuugbiq @ipoksamidub Menurutku aja sih ini
Setiap org yg bundir sebenernya masih ada keraguan buat lakuin bundir, knp lepas sendal soalnya itu jembatannya pembatasnya bar besi tabung gitu, klo naek kesitu pake sendal licin makanya lepas sendal biar langsung nempel kaki jdi ga licin",Curhat Ringan,0.12319816248760537,0.2037513124220299,[],Tidak ada kombinasi evidence pemicu urgensi
2051146252545560839,moonsnim,"📚 Merawat Luka Batin
Halaman : 102/321

🖋 Dalam banyak sesi psikologku, belajar dari podcast psikiater, dan baca buku ini, aku menyadari bahwa untuk mengelola perasaan yang tidak mengenakkan itu kita harus mengelola persepsi realitas akan peristiwa yang dirasakan.

🖋 CBT https://t.co/2rbGT2I0lN",Tidak Relevan,0.12261161785204712,0.20320720338460171,[],R0: Tidak ada sinyal kesehatan mental (anchor & evidence kosong)
2056290738309382494,BukanPapaGula,"Apa tujuan utama kalian ngegym?💪🏻

1. Pengen terlihat bagus saat telanjang
2. Lemesin otot tegang di steam/sauna
3. Biar terlihat manly
4. Cari pasangan
5. Cuci mata
6. Depresi
7. ..................... https://t.co/WStG6rEwaF",Curhat Ringan,0.12253970917465051,0.20314034322897592,[],Tidak ada kombinasi evidence pemicu urgensi
2052075404018815472,rr_melanienap,"@tanyakanrl aku dl jg punya keluhan yg sm dan baru tertangani 11 tahun kmudian. Sama plek. Awalnya jg diagnosa anxiety, tp trnyata ada gangguan waham dan gongnya adl depresi. Ttp ke psikolog nder, biar dirujuk ke psikiater. Km pasti insom lama kan... mlm susah bgt tidur nyenyak",Curhat Ringan,0.12244519452329862,0.20305241284553302,['Tekanan Emosional'],Tidak ada kombinasi evidence pemicu urgensi
2058838236177584539,kenshinyadesu,"@KapudS640 Kebanyakan minjemin kamu kak 😭😭😭
Mending samperin bikin surat perjanjian dah.
Amit2 klo orangnya bundir atau kabur, entar kakak mau nagih ke siapa 😩😩😩
Klo tanah dia udah laku, minta dilunasin, klo g bisa lunasin 100% dulu setidaknya minta dilunasin 80%nya dah.",Curhat Ringan,0.12157674445578276,0.2022417159694614,[],Tidak ada kombinasi evidence pemicu urgensi
2049110311563825370,Dobel_Step,"Bundir jembatan kok jadi trending bos,
Kenapa kok banyak anak muda?
Jemabatan Papar-Kelutan https://t.co/PvH3Lf9BAz",Curhat Ringan,0.12151159337262045,0.20218069661747326,[],Tidak ada kombinasi evidence pemicu urgensi
2049441933790269715,lockstock27,"@ferrykoto Abahnya langsung depresi🤭

Cc : mukabuku https://t.co/bwZxPjLecc",Curhat Ringan,0.12142294421229553,0.20209762408877865,['Tekanan Emosional'],Tidak ada kombinasi evidence pemicu urgensi
2056183787722363316,JohanRio,@karinyoo justru OOT yg terakhir itu yg penting. kasus byk pengguna pinjol yg bundir kan karena kurangnya edukasi. Ngomongnya pemerintah alias @ojkindonesia agar inklusi keuangan luas tp gak dikasih edukasi yang memadai. Akibatnya pinjol merajalela. cc: @mrtweepsID @Chosultan,Curhat Ringan,0.1210396030760205,0.20173779482191262,[],Tidak ada kombinasi evidence pemicu urgensi
2059655719805465036,adryan_2407,"@avokadoff @FARHAN2Humanity nyuruh org bundir dosa, tpi nyebar hoax dosa lu ngalir terus semacam dosa jariyah. ""Udah dihapus juga"" nah justru kena tegur itu makanya dihapus, tinggal berdoa aja ga ada yg ss itu konten hoax biar ga ada dosa jariyah lagi",Curhat Ringan,0.12102309846425578,0.20172228045535812,[],Tidak ada kombinasi evidence pemicu urgensi
2053810288890429469,allmsyyh,"@tagarabak Narasinya gini mulu, depresi kalah suara di pemilu, ngebet bgt pengen ganti presiden jalur rusuh.

Setiap presiden menjabat lewat jalur rusuh, pasti akan dibalas dengan rusuh juga.",Curhat Ringan,0.12099392937159009,0.20169485699046744,[],Tidak ada kombinasi evidence pemicu urgensi
2060584873811976287,princessjoaa,"@roweroow orang' yang cinta seni mati-matian buat ngelawan ai karena karya dan peranan mereka mulai tergantikan, yang ini malah bundir pakai ai.. trs buat apa lu ngehasilin karya kalau itu hasil generate yang bakalan bunuh lu dimasa depan?:V",Curhat Ringan,0.12098786585028148,0.20168915562557452,[],Tidak ada kombinasi evidence pemicu urgensi
2051901011116315078,laumafisip,"Betul. Aku juga sudah dipastikan dokterku, aku mengalami memory loss 2023-2024 karena depresi berat. Nama orang-orang aku enggak ingat, ngapain saja aku enggak tahu, matkul enggak usah ditanya, lupa berat.",Curhat Ringan,0.12093499616710966,0.20163943325028275,[],Tidak ada kombinasi evidence pemicu urgensi
2048176755698250020,jakejaikeuu,@sevengolae @fuvckthatshit gimane ga diblock kalo yg ada ntar lu malah suruh dia bundir jier. owner stress,Curhat Ringan,0.12047138535828451,0.20120261600523284,[],Tidak ada kombinasi evidence pemicu urgensi
2048402035670765846,SmgMenfess,"milih kerjo normal dadi karyawan biasa opo melu keluarga keno tekanan mental tapi income 20+ ndes? melu keluarga aku gaiso libur, soale karyawane 400an plus sistem e masih kacau( wis tak jajal 6 bulan).",Curhat Ringan,0.12029399668447668,0.20103509543520034,[],Tidak ada kombinasi evidence pemicu urgensi
2047842393505034591,easternedonia,@proteintumbuhan @loeveluve @Jeruksunkist304 @tanyakanrl Ih ngeri kali kak protein nabati:( kamu jadi sakit gini gara² ga jadi ambil kedokteran yah??? Harusnya kamu ambil aja &amp; jadi dokter. Kebayang deh kalo kamu jadi dokter pasti kalo ada pasienmu yg salah dikit langsung kamu rendahin dan kamu suruh bundir ihhhh keren banget deh :(,Curhat Ringan,0.11974581938370911,0.20051606171058886,[],Tidak ada kombinasi evidence pemicu urgensi
2053311079451898091,buywle,Kenapa masalah ginian meski di akhiri dengan bundir?,Curhat Ringan,0.11953161884666062,0.20031269120447565,[],Tidak ada kombinasi evidence pemicu urgensi
2057648250870739254,swagustdnim,"@kdrama_menfess pas scene mechuri pas jadi mahasiswa, udh keliatan woosu hyung nih ga mungkin bgt jahatin timnya. imo hyung yg teken kontrak nih udah iri sama mechuri dari awal, mechuri kan mahasiswa top di jurusannya. dia juga kan yang pertama kali ngomongin soal manipulasi hyung yang bundir",Curhat Ringan,0.11939689100465521,0.2001846138275031,[],Tidak ada kombinasi evidence pemicu urgensi
2058187986165002381,Mata__Netizen62,"Strategi Iran: Kirim pesan kepada Amerika Serikat🇺🇸 bahwa jika kalian mencoba ini lagi, kami akan menjatuhkan kalian ke dalam DEPRESI BESAR

‘Pezeshkian, Presiden Iran, telah mengatakan bahwa kami di Iran harus memberikan hidung berdarah kepada orang Amerika sehingga mereka tidak https://t.co/sEBysyMctt",Curhat Ringan,0.11922528594269456,0.2000212985457796,[],Tidak ada kombinasi evidence pemicu urgensi
2049373398770573660,jeanzrough,"dah maw makan seblak, moga deh simeng cepet tamat. biar tuh bocil keluar dri lingkungan toxic, termasuk orang² ngaku nya fans tp demen framing negatif idolnya.",Tidak Relevan,0.11873208875171305,0.19955079212333218,[],R0: Tidak ada sinyal kesehatan mental (anchor & evidence kosong)
2048069413593923769,_rijalul_,@thejurgenholic Inget bielsa dulu di Leeds malah nyuruh gol bundir. Memanh beda kelas sih kalo pelatih kampung,Curhat Ringan,0.1185534711547935,0.19937997514551337,[],Tidak ada kombinasi evidence pemicu urgensi
2057509896980238830,DoruyDx,@kopihitamtanpah @wahairembulan @cloriavey Serlok mi ayam enak pencegah BUNDIR area kudus-semarang,Curhat Ringan,0.11844946937520653,0.19928041272091146,[],Tidak ada kombinasi evidence pemicu urgensi
2049000972752761206,hyunsuuukkkk,"@tanyarlfes itu cuma org² sok iye aja nderr, mengolok-olok ujian hidup org lain, iya tau bundir itu dosa, tpi itu bukan ranah manusia buat menghakimi dosa org lain, sok bijak aja mereka tu, empatinya NOL!",Curhat Ringan,0.11842689957473669,0.19925879632884805,[],Tidak ada kombinasi evidence pemicu urgensi
2057521852831158557,ppendekars,"hyeonkeon few tweets / prompt?

Muda (sh) yang secara random menulis sesuatu di lembaran uang seribu. Siapa sangka uang tersebut jatuh ke tangan Kenneth (kh) yang merasa depresi dengan hidupnya, ketika ia mendapatkan uang kembalian parkir dan kebetulan lagi butuh hotline su1c1d3. https://t.co/VGKDZ38spW",Curhat Ringan,0.11784135641350624,0.19869673748811084,[],Tidak ada kombinasi evidence pemicu urgensi
2047670684562981012,Hansomeman_77,"@CityzensIDN Sekalian coba cek akun @TalkAboutCity yang bawa soal BUNDIR juga minn 

https://t.co/byJvM7R9Rs",Curhat Ringan,0.11748301378925403,0.19835157231851058,[],Tidak ada kombinasi evidence pemicu urgensi
2051638780764041669,Rin_Dandanies,"Ini pasti ngak lewat tl kaumnya nih🤣🤣🤣 liat nih junjungan kalian nyuruh member grup bundir. Tapi ngak papa, biasanya kalau disumpahi kayak gitu bakal berumur panjang sih, Kyungsoo bakal hidup lama, menikah dan punya anak² yg imut, lucu dan menggemaskan, stay mad para guguk🖕🏻 https://t.co/GCTpLRe1H1",Curhat Ringan,0.11742451592986894,0.19829513900207751,[],Tidak ada kombinasi evidence pemicu urgensi
2052155192481919222,ihatehimmuch,"haikal ini pacarnya sena yg mati pas umur haikal 18, sena udah 3 kali ulang kehidupan dan hasilnya haikal tetep mati, di kehidupan ke 3, sena ngalamin depresi berat ditambah pas dia bisa liat haikal yg udah ga ada, dia marah banget karna dia gamau ada yg niru cowonya https://t.co/XeNOE1uKsO",Curhat Ringan,0.11740239264448009,0.19827379015359015,[],Tidak ada kombinasi evidence pemicu urgensi
2058057510087753899,middnaid,"@forlovinu @kantorpdip bisa jadi orangnya lg depresi atau kewalahn sama hidupnya makanya dia cuma menjauh dari society tapi kesanya kayak cut off, ga mesti menjauh karna orang lain. kalian sendiri pernah nyoba nanya ga kalo ada temen tiba tiba menjauh dari peredaran?",Curhat Ringan,0.11732889736458312,0.19820284256429385,['Tekanan Emosional'],Tidak ada kombinasi evidence pemicu urgensi
2059943010649932160,kebajikanatas,"CARA KELUAR DARI LINGKUNGAN TOXIC

- Batasi waktu interaksi: Mulailah mengurangi durasi kumpul-kumpul dengan mereka secara perlahan agar tidak mencolok.
- Berani berkata ""tidak"": Tolak ajakan kumpul yang agendanya cuma buang waktu atau membicarakan hal negatif.
- Jangan bagikan",Tidak Relevan,0.11720054200410272,0.19807884413184543,[],R0: Tidak ada sinyal kesehatan mental (anchor & evidence kosong)
2054782035089330464,ebunny2e,"Tau ga ? Banyak korban SA yg udah speak up tp ujung2nya malah bundir tuh ya gegara banyak orang yg nodong mereka buat kasih bukti ini itu, padahal mereka pun udah struggle banget dgn speak up nya.. cwe, cwo, tua, muda ga ada yg boleh kena SA.. please berdiri di pihak korban.",Curhat Ringan,0.11700376914298624,0.197888521714644,['Permintaan Bantuan'],Tidak ada kombinasi evidence pemicu urgensi
2049344785836802063,toetakovic,"@ddalgisum iya. kalo emang pernah ngerasain pasti bisa ngerti seberapa gak proporsionalnya beban mental +psikis orang idupnya berantakan pengen bundir pada umumnya sama orang yang masih rapih apa2nya sampe mau ""nyoba ngebantu"" orang depresi sampe bisa komplen kalo org depresi banyak mau",Curhat Ringan,0.1169306987175959,0.19781777592319433,[],Tidak ada kombinasi evidence pemicu urgensi
2048546211851018585,rabbilar,"@HumorJonTampan dah kayak di Batam ya ni jembatan
di Batam nama nya jembatan barelang, dah menjadi langganan org bundir
Sampe mesti di ruqyah jembatannya 😅",Curhat Ringan,0.11680684134345545,0.19769777124183197,[],Tidak ada kombinasi evidence pemicu urgensi
2057904706291204505,HoracioOli14981,"@diwous Growing up = žeru prášky na depresi, věřím v léčivou sílu kouzelných kamínků a uctívám peníze.",Curhat Ringan,0.11679382202242568,0.19768515048605023,[],Tidak ada kombinasi evidence pemicu urgensi
2058505145370149219,moriuchisan,"@10969ralia Takut ntar kalo takeru satoh menikah dia depresi 😭
Ayo kita comblangin aja",Curhat Ringan,0.1166508461982977,0.1975464712489735,[],Tidak ada kombinasi evidence pemicu urgensi
2047824621257564634,Shorttpages,@sicksadjunc @yappingfess Orang depresi mh ga peduli nyawa. Ngatain mereka fomo mah ga bakal bikin mereka stop bundir. Retarded.,Curhat Ringan,0.11641692400404158,0.19731926020573487,['Tekanan Emosional'],Tidak ada kombinasi evidence pemicu urgensi
2054772909097562395,Isxdfcs,"@mrsyoongii17 @audimarissa_ Ini yg suka dibilang cowok* indo kalau cewek* yg suka kpop itu stress, pdhal gk semua bgt ada yg beneran dijadiin motivasi sukses/jd obat dr depresi seseorang. Tp ngeliat army yg rada* jd sigmanya jelek anying bet",Curhat Ringan,0.11620059764512818,0.1971087871175824,[],Tidak ada kombinasi evidence pemicu urgensi
2052742573341725062,justneedpromo,@WidasSatyo Jadi wni ga bundir masal aja udah taat agama pooll,Curhat Ringan,0.11615025394300041,0.19705975678834048,[],Tidak ada kombinasi evidence pemicu urgensi
2047889863257805204,thesupermik,"Kalo diliat-liat parameter yg dipake penyuka city ini aneh-aneh. Dari zionis, bundir, lonte, bapak kau dungu. 
Ujung-ujungnya nge-block &amp; tutup akun 🤭 https://t.co/FUYmr1UuC8",Curhat Ringan,0.11613684580772189,0.1970466953335386,[],Tidak ada kombinasi evidence pemicu urgensi
2047994299514843448,Ibenimaw,"ya lagian kenapa pake itu coba kemarin ada karangan bunga dan apalah itu rokok2an bgitu disitu, tdk bermaksud menyalahkan orang yg bundir disitu tapi kita kayaknya sedikit lupa gmn menyikapi orang bundir tuh gmn, YA BETUL DOAIN AJA",Curhat Ringan,0.1160172255520851,0.1969301099691427,[],Tidak ada kombinasi evidence pemicu urgensi
2049427885933666389,HumorJonTampan,"BROKEN HOME? STOP BUNDIR
""Jika masalah hidup yg dihadapi adalah broken home (rumah rusak), rumahnya kan bisa diperbaiki dg meminta bantuan tukang bangunan.
Apalagi tinggal di desa, biasanya masih ada tukang bangunan profesional dg harga terjangkau!""

#Ngik https://t.co/yC3hizICEg",Curhat Ringan,0.11592176383121416,0.19683699526570061,[],Tidak ada kombinasi evidence pemicu urgensi
2059906542229725282,_abuBayezid,"@MireinaRiviere Ditambah kalau ga mampu ngapain maksain diri sampe ngutang segitu banyaknya?
Gimana setan ga bermain² di sekitaran otaknya nyuruh bundir coba?",Curhat Ringan,0.11573159422319663,0.19665130241350695,[],Tidak ada kombinasi evidence pemicu urgensi
2047636036873019524,bagusakmali,@creepyroom Akibat meromantisasi bundir.,Curhat Ringan,0.11558407738581812,0.19650707551927277,[],Tidak ada kombinasi evidence pemicu urgensi
2057649881569980614,cryptogem1000,@Cheytax_1 Nice kompresi dimulai-&gt; panic selling - &gt; margin call-&gt; tsunami selling - &gt; depresi - &gt; rebound,Curhat Ringan,0.11537273690265921,0.1963001692836935,[],Tidak ada kombinasi evidence pemicu urgensi
2048766004763967771,hoomanturtle,"@sunminssi_day @azalea424 @nirfungsih ini terdengar classist tapi kalo kamu ga tau dan ga yakin gimana berkomunikasi dengan orang suicidal mending skip aja, beneran deh. Tapi sebagai orang yg suicidal, keluarganya bundir, mantannya rajin pencobaan bundir. Hindari ucapan bernada ""jangan bundir"" lebih ke--",Curhat Ringan,0.11507777115938254,0.196010840661598,[],Tidak ada kombinasi evidence pemicu urgensi
2053651665333690395,tommosun,"@KapudS640 8 juta gede loh ya kak, aku guru honorer gajih cuman 200-300K aja bersyukur walaupun mental financially burnout, kerja sana sini, tetep aja gak menutupi kehidupan. Iri banget sama orang gajih 8 juta kek gimana",Curhat Ringan,0.11443191975537005,0.19537507212071709,[],Tidak ada kombinasi evidence pemicu urgensi
2053099794823008448,rosee_verre,"@niaabcde @tanyarlfes orang yang di kondisi normal bisa gini kak.
tapi kalo orang udah stress, capek, burn out, bahkan depresi, pikirannya beda sama kondisi dia sebelumnya. 
mgkin bagi kakaknya aneh krn gk bisa relate 😭",Curhat Ringan,0.11423403379005424,0.19517965027780246,['Tekanan Emosional'],Tidak ada kombinasi evidence pemicu urgensi
2047706034966511967,zeesrx_,@blueescnry bener jir ada gila gilanya bundir dibilang fomo😭 mereka aja ga kepikiran buat itu anjir… yg penting mereka mah selesai masalah idupnya.. kek ada empatinya dikit pls,Curhat Ringan,0.11413897002573663,0.19508566540299038,[],Tidak ada kombinasi evidence pemicu urgensi
2053793611683365256,Altr_Sag,Plot twist bgt yg kasus Bundir di Alfamart di Sukabumi ternyata karena Judol. Netijen emng maha benar.,Curhat Ringan,0.11378874398782171,0.1947388246203914,[],Tidak ada kombinasi evidence pemicu urgensi
2048764207685128562,hilycheese,"Pantes pada depresi jir, apa-apa dipandang negatif sih, orang niatnya cuma mau ngasih semangat hidup jalur iming-iming makanan malah dipandang negatif. Padahal itu salah satu usaha mereka buat nenangin, sisanya terserah lo.",Curhat Ringan,0.11345228954009534,0.1944047449100198,[],Tidak ada kombinasi evidence pemicu urgensi
2048006355731300841,K_Gen1,"Bung @KalanaraDika vs everybody with no empathy is real, so far bung Kalanara eat those bitches like it's crunch time.

Go buddy, I'm rooting for you. 

Dikira orang berakal tuh sesimple ""sadar"" mau apapun kondisinya? Ngga ya hei, orang depresi, panik, dan anxiety itu akan",Curhat Ringan,0.11343461233130393,0.19438716859528513,[],Tidak ada kombinasi evidence pemicu urgensi
2060271473974255985,UTINGUKIPWINING,@pratiwi_ii26534 @demiapawoi Kl mereka belajar mungkin gaakan begitu he he he. Udah tau di tentqng ttp di tabrakin si ya bundir kak namanyaa.,Curhat Ringan,0.11338805506937674,0.19434086563009204,[],Tidak ada kombinasi evidence pemicu urgensi
2049354264531849557,bubbycii,"@fallenectar @sbyfess tp jujur kalo jd sender jg takut kenapa napa, mksdnya cowonya diputusin aja ngancem bundir apalagi smpe bilang alesan yg sebenernya apa ga takut tersinggung. sakit hati orang gada yg tau kak yuyur serem😞😭",Curhat Ringan,0.113325384363031,0.19427851104375088,[],Tidak ada kombinasi evidence pemicu urgensi
2060411907983733240,oceanbeachh,"@itadakimazsu @mengagetkan karena ciri org depresi adalah malas mandi, jd sebisa mungkin mandi pokonya tandanya ga depresi dan bener ajaa jd lebih fresh dan hidup tu jalan seenggaknya",Curhat Ringan,0.11329909526584159,0.19425234559810522,['Tekanan Emosional'],Tidak ada kombinasi evidence pemicu urgensi
2059515997657415702,glennmars,"I was at a very tender age when I heard 'hingga nyaris bundir' and I wondered, “Emang jatuh cinta bisa sampe segitunya? Kok nakutin?”

But of course, I kept to myself and found the answer as I got older.",Curhat Ringan,0.11306701010913876,0.1940211220221086,[],Tidak ada kombinasi evidence pemicu urgensi
2058690785961496617,Pray__93,"@0xzonh1901w1n Walau liriknya terdengar seperti keinginan bunuh diri, James Hetfield kemudian menegaskan bahwa lagu ini adalah luapan emosi dan depresi, bukan ajakan atau niat nyata untuk bunuh diri.",Curhat Ringan,0.11292400543275938,0.19387844195871642,[],Tidak ada kombinasi evidence pemicu urgensi
2050443027978834238,sammi_ananta,@Netizen_bawel Bundir di jembatan sedang tren ya?,Curhat Ringan,0.11291280401982362,0.19386725931456594,[],Tidak ada kombinasi evidence pemicu urgensi
2052391105942168015,sisthaaaaa,"Sisa-sisa depresi dari pandemi covid aja masih ada, ya kali mau dihantam pandemi lagi.

Engga lah yaaa aman kan yaaaa ya Allah",Curhat Ringan,0.11281511639040366,0.19376969430595636,['Tekanan Emosional'],Tidak ada kombinasi evidence pemicu urgensi
2057492568045449328,Ikhwanazis89,"@leony_ip Buat voter 02 yang stress dan depresi karena penurunan IHSG: syukurin. Taste your own medicine.

Buat non voter 02 yg mengalami kerugian investasi termasuk saham: sabar dan semoga diganti dengan hal yang lebih baik.",Curhat Ringan,0.11249223094308045,0.19344668857979053,[],Tidak ada kombinasi evidence pemicu urgensi
2048808899210613100,aiurstaid,@JalanEmyu @rain4solace @KAI121 Kondisinya yg ga bisa dihindari kak. Ga mungkin kalo masinis langgar sinyal karna sama aja dia bundir kalo gitu. Inituh karna kajj sinyalnya langsung merah jadi masinis argo itu ga sempet ngerem dari jauh,Curhat Ringan,0.1123338645575533,0.19328796719765345,[],Tidak ada kombinasi evidence pemicu urgensi
2051217489368150121,bbyaxxie,"@neVerAl0nely___ ayo yg masi nyalahin korban pelecehan, liat tu kontol. korban tu depresi berat, kepikiran, gabisa tidur, makan ga nafsu, ngerasa dirinya kotor. stop nyalahin korban, mau korban pake baju apapun yang salah tetep pelaku.",Curhat Ringan,0.11227931241003232,0.1932332475077022,[],Tidak ada kombinasi evidence pemicu urgensi
2053100321921188123,anhtiss,"Ortu yg hidup dalam tekanan finansial kronis akhirnya lebih mudah lelah batin, emosi meledak, depresi, akhirnya konflik rumah tangga. Ortunya cerai. Anak ikut kakek-nenek, kehilangan identitas diri. Ah, ambyar sudah.",Curhat Ringan,0.11213684697018686,0.19309023492264027,['Tekanan Emosional'],Tidak ada kombinasi evidence pemicu urgensi
2048124408578142289,no1melonlover,"LU NGOMONG BUND*R MASUK NERAKA KE ORG DEPRESI BERAT ITU UDAH BIKIN HATI MRK SAKIT BGT TOLOL, BUKANNYA DIDENGERIN CURHATNYA MALAH DIKASIH DALIL, ITU NOMER SEKIAN, KASIH DALIL KLO DIA UDAH SEMBUH DARI LUKANYA!",Curhat Ringan,0.11202555059872148,0.19297840062415964,[],Tidak ada kombinasi evidence pemicu urgensi
2050253950700732841,achascreamongII,"@noirzaa setiap malem harus denger podcast atau cerita sejarah, tapi gaada depresi dan anxiety, aslii",Curhat Ringan,0.11181133724347674,0.19276287835655792,[],Tidak ada kombinasi evidence pemicu urgensi
2056850073187946502,SHINICHI_ARI,"@audieonx Dan kami hanya butuh orang seperti anda dan trending sendiri 🤣🤣🤣, jgn lupa minum anti depresi https://t.co/bmYPPkLicu",Curhat Ringan,0.11176774670388681,0.19271897727792914,[],Tidak ada kombinasi evidence pemicu urgensi
2049029737390240206,mcanhood,"TW // Sexual Assault, Manipulative, Gaslighting

hengki, hengkara hengtot, siapapun lah nama lu. kok lu bisa yaa muncul lagi tanpa rasa bersalah padahal lu udah ngancurin hidup orang, bikin orang bolak balik psikolog, sampe di diagnosa depresi. lu gapunya empati apa gapunya malu? https://t.co/RRGIq1EPvD",Curhat Ringan,0.11171159136928849,0.19266239982662778,[],Tidak ada kombinasi evidence pemicu urgensi
2058893064056516701,Petite_Sabrina,@njejessie karna semua orang mixingannya suka2 mereka so at the end of the day it doesn’t really matter……… 🫩 (depresi berat),Curhat Ringan,0.11138615028669135,0.19233402192141072,[],Tidak ada kombinasi evidence pemicu urgensi
2059574148859601288,ArzxShine,"@abangantech @idextratime Carrick ini untungnya sadar sama attributnya 

Kalau amorim pasti dipaksa terus sampe Depresi🤣",Curhat Ringan,0.1110823560448428,0.19202672803040707,['Tekanan Emosional'],Tidak ada kombinasi evidence pemicu urgensi
2055032039045480715,iskeonho,anjink kalau dollar nyentuh 18 rebu mending kita bundir instead of tinggal di indo,Curhat Ringan,0.11097562212482798,0.19191858998753808,[],Tidak ada kombinasi evidence pemicu urgensi
2050928640402272682,aarcasien,@uzy__ @yappingfess yg loncat bundir di mall juga cuma attention seeker berarti bang. sepakat 🤙🏻,Curhat Ringan,0.11094510216260466,0.19188765179027212,[],Tidak ada kombinasi evidence pemicu urgensi
2059263881491661104,goldgloryandyou,"Men to men.

Please talk, seberat apapun masalah lo sememalukan apapun itu menurut lo. 

Please talk.

Gua baru aja kehilangan temen baik yang gara-gara depresi dan gua sebagai temen didn't even realize something bad happend to him. Lae kau udah tinggal seminar hasil kenapa jadi",Curhat Ringan,0.11060159309178806,0.19153892061927102,['Permintaan Bantuan'],Tidak ada kombinasi evidence pemicu urgensi
2047719488611864659,SoundOfYogi,"@aera_ry Terima kasih, lain kali perhatiin temen2 kamu kalo ada pertanda depresi, dorong dia ke tenaga profesional, elu berempati dikit, bisa menyelamatkan nyawa orang",Curhat Ringan,0.11032688168485161,0.19125934983744766,[],Tidak ada kombinasi evidence pemicu urgensi
2054033905515421978,Pak_Doang,"@ranpedia_ Juri cowok, cewek, MC, suruh bundir aja dari pada nanggung malu seumur². Hidup juga gak guna, merugikan orang lain.",Curhat Ringan,0.10946786397303312,0.1903811836784536,[],Tidak ada kombinasi evidence pemicu urgensi
2053063636407799838,FansKekeyi,"@theodjibriel @KapudS640 - Yang ngremehin pas cowok dilecehkan: Cowok
- Yang ngrendahin pas cowok bundir: Cowok
- Yang ngegampangin luka psikis cowok: Cowok
- Yang disalahin: Cewek",Curhat Ringan,0.10885999484840114,0.18975610579505112,[],Tidak ada kombinasi evidence pemicu urgensi
2047691227513135160,sugarchc12,"Kedua, liat lingkungan anak kayak gimana. Inget kan kasus anak SD bundir karena GA BISA BELI ALAT TULIS. Harusnya udh ngerti kalau itu bukan masalah psikologis aja. KLO PUN KARENA PSIKOLOGIS. Stop judge. Mending cari solusi lain, mikir jg dong siapa yg bisa waras di situasi gini https://t.co/gFbWQtDf0j",Curhat Ringan,0.10858052671719756,0.18946769734223687,[],Tidak ada kombinasi evidence pemicu urgensi
2047578230115479963,summer3angle29,"@kalistohenituse penasaran kok itu orang2 pas udah di jembatan selanjutnya pada berenti n nengok2 ke belakang ya. padahal pas kerekam, orang yg mo bundir kek cuma lagi jongkok deket motor aja",Curhat Ringan,0.10828160166504462,0.1891584870715936,[],Tidak ada kombinasi evidence pemicu urgensi
2048188984573227507,NandeBapakuKaro,@Nai_Pev @_mabskuy @arman_dhani Kurang ajar x lu sebut para nabi depresi https://t.co/cY4wzkQnFN,Curhat Ringan,0.10824467649090218,0.18912023938063421,[],Tidak ada kombinasi evidence pemicu urgensi
2054965868757745975,Homo_sapiens21,"Cerna &amp; selalu ingat ini:

Emosi adalah sumber energi dan motivasi, nalar adalah kendali.

Ibarat mobil ketika gas (emosi) tinggi too depressed/too happy maka dorongan sangat tinggi untuk melakukan sesuatu tapi nalar yg terkontrol mencegah kita hambur2kan uang/bundir",Curhat Ringan,0.10812162609620465,0.18899269898732501,['Tekanan Emosional'],Tidak ada kombinasi evidence pemicu urgensi
2053728938942427228,jmjk_0113_,"Jikook ngasih momen seuprit gini aja banyak monyet kepanasan apalagi ciuman di panggung, bundir masal yg ada
https://t.co/A57gRf48JB",Curhat Ringan,0.10805777456689826,0.18892646729946136,[],Tidak ada kombinasi evidence pemicu urgensi
2058807130841624786,Btrxvelaryon,@bulucksumur Sekarang gitu kah tekanan mental mahasiswa UGM saking segitunya buat selesaikan skripsi aja?,Curhat Ringan,0.10788829588373815,0.18875050409273667,[],Tidak ada kombinasi evidence pemicu urgensi
2056413001750835701,Bi2sides,"Guys inituh sbnrnya akun 3rd, akun buat ngeluapin depresi horny dan feminim akuu TP KNP SKRG JD 400 FOLLS??? 🤗🤗",Curhat Ringan,0.10788374212434156,0.18874577274828247,[],Tidak ada kombinasi evidence pemicu urgensi
2048074515687805381,Acarkrispi1,"@ridhataq @arman_dhani Pertanyaan seperti itu gak penting aslinya. Yang penting itu gimana caranya biar gak ada yang bundir lagi. 

Coba pikirkan bang apa yang kamu lakukan selanjutnya setelah tau pelaku bundir masuk surga atau neraka?",Curhat Ringan,0.10765257055017041,0.1885053550655192,[],Tidak ada kombinasi evidence pemicu urgensi
2051242375834702048,oosirxx,"shock banget bacanya, Jisoo harus bundir atas kesalahan orang lain?..... btw idol lu bukan anna wintour jadi stop ngarang cerita dan stop merasa idol lu pusat dunia. https://t.co/q4SF1gq28W",Curhat Ringan,0.10744923710630756,0.18829351338473233,[],Tidak ada kombinasi evidence pemicu urgensi
2058037043041845718,cegilnyausok,"Bahkan disaat kebongkar isi chatnya pun adminnya msh muka tembok gaada klarifikasi apapun. Manusia bukan sih? napak tanah gausah sok superior, no no no yaa Tuhan gak suka. Yang masih waras, pls jangan lama2 stay di lingkungan toxic! better out krna gak baik buat kesehatan mental.",Curhat Ringan,0.1074054455727773,0.1882478433068503,[],Tidak ada kombinasi evidence pemicu urgensi
2057231940730900959,arirang_hyyh,"@ossccean @infodrakor_id Seinget ku ada 4 kak yg salah tangkap terus dibebasin tp udah kayak di cap murd*r gitu dilingkungan jd akhirnya ya maybe depresi, ga bs cari kerja dll, ada yg salah satunya meninggal krn kanker umur 27. Makanya Pak Yoon bisa tetep hidup tanpa support sistem tuh keren banget 🥺",Curhat Ringan,0.10719525326651755,0.188028406013142,[],Tidak ada kombinasi evidence pemicu urgensi
2052052405618167982,miyanocha,@IDGoonerscom gue juga kesel liatnya anjg tiba-tiba ngadu domba fans Celsi sama Arsenal. padahal fans Celsi lagi depresi sama tim nya dan kalian lagi bahagia karna lolos final UCL kalian eh dia malah begitu si goblok,Curhat Ringan,0.10717039270578226,0.18800242696747638,[],Tidak ada kombinasi evidence pemicu urgensi
2048191759008899470,reyiisen,"Padahal komentar² tolol kayak gitu justru yg bikin mental org² tambah rusak, and they still wonder why rate bundir tambah naik 😂😂 If y'all don't have anything nice to say, mending gausah komen sekalian. Latihan berempati pls",Curhat Ringan,0.10658230848643632,0.1873863325115632,[],Tidak ada kombinasi evidence pemicu urgensi
2050258330451587323,bananaww16,"@luvnekh @MiskinTV_ Bukan itu maksdnya. Gada pemaksaan buat memaafkan. Tp rasa menerima kondisi dan situasi. Ketika sudah nerima itu, org akan lebih tenang dan ga mudah kebawa arus cerita yg sama. Biar kuat mental gt loh. Ga gampang depresi dan negtif terus",Curhat Ringan,0.10615905707755557,0.18694106647462558,[],Tidak ada kombinasi evidence pemicu urgensi
2060248591818792985,sjunghwan97,"@SaR87577 True, ga nyampe setahun terus disband, mana comeback yg whatta man ga komplit pula. Kek baru nyemplung trus bubar. Padahal tekanan mental pas svs berat bgt + bnyk evil editting tapi debut ga nyampe setahun nyeseknya itu lho😭",Curhat Ringan,0.10602958646418535,0.18680454926057297,[],Tidak ada kombinasi evidence pemicu urgensi
2052067519280857358,xerneasnai,"Ini tuh dia udah kepikiran biaya les cean, makanya agak depresi gimana gitu 🙂☝🏻",Curhat Ringan,0.10592938086525684,0.18669878894632513,[],Tidak ada kombinasi evidence pemicu urgensi
2059305956312506577,Just_Bide,@315page Mengenal depresi sejak dini 🤣🤣,Curhat Ringan,0.10582163982143135,0.18658497703797888,['Tekanan Emosional'],Tidak ada kombinasi evidence pemicu urgensi
2059148808362008845,pompomfess,"pompom! sender udah hiatus sejak amphoreus selesai karena burnout banget sama alur ceritanya yang kepanjangan... so far, apakah planarcadia worth it ceritanya buat sender balik main lagi?",Curhat Ringan,0.10571836486483584,0.1864757869279746,['Tekanan Emosional'],Tidak ada kombinasi evidence pemicu urgensi
2052413273975161191,abiyasa_ast,"@AnkerTwiter Pagi ini di Traunstein, Jerman. Ada orang bundir di petak jalan Traunstein-Rosenheim. semua kereta mengarah ke tiba2 diberhentikan. Temen2 kuliah pada telat sampai balik arah.

Bila SOP ini diterapkan saat kecelakaan pertama dengan Green SM, mungkin PLH BKST bisa terhindarkan.",Curhat Ringan,0.10555736369113257,0.1863053765260812,[],Tidak ada kombinasi evidence pemicu urgensi
2053672153388834940,drzksh,"@utdfocusid Kalian kalau punya pasangan/tmn yg fans MU sekaligus fans Persija, mending jauhin dr skrg soalnya emosinya lg ga ke kontrol tktnya bundir:) https://t.co/GGsa8F90NG",Curhat Ringan,0.10541403183970456,0.1861534750822819,[],Tidak ada kombinasi evidence pemicu urgensi
2056218530551619864,InFebriyan128,"@PurwoDeksi Penduduknya paling bnyak, tapi pertolongan ke warga yg mau bundir diutamain.",Curhat Ringan,0.105220359975371,0.18594793417688574,['Permintaan Bantuan'],Tidak ada kombinasi evidence pemicu urgensi
2053091990779384110,dicky_tinton,"@KapudS640 Realita spt ini sebenarnya banyak terjadi. hanya saja, krn rerata lelaki tidak bisa bercerita bahkan menulis keluh kesah. Jd kebanyakan hanya dipendam sendiri.

Fakta jg, orang bundir kebanyakan laki2 krn berat memendam beban hidupnya.",Curhat Ringan,0.10517516237801254,0.18589991863929867,[],Tidak ada kombinasi evidence pemicu urgensi
2047996712174981339,teman_kucing_,"@ardisatriawan sodraku juga percobaan bundir hampir 3x, karena telat obat (depresi), lalu sepupuku-pun sama hampir loncat dari jembatan krn depresi juga, orang² seperti ini perlu pendampingan khusus.",Curhat Ringan,0.10503652317121218,0.18575252199714834,[],Tidak ada kombinasi evidence pemicu urgensi
2057272318003642783,aseprivva,"Dari situasi ekonomi sekarang ini yang paling pahit adalah gen sandwich, harga naik sulit di gapai bahkan untuk menabung pun tidak bisa.Kadang-kadang generasi ini banyak stress &amp; depresi untuk menghadapi kenyataan yang ia Terima. Jangan kan kaya untuk makan esok aja entah gimana",Curhat Ringan,0.10490701248235063,0.185614675283432,[],Tidak ada kombinasi evidence pemicu urgensi
2059777655986335788,cuitss147040,@N1ni160196 @zxzylalisa Lu kalau depresi ke dokter bukan ke X https://t.co/zWET4XGqj5,Curhat Ringan,0.10487167331295175,0.18557703540180667,[],Tidak ada kombinasi evidence pemicu urgensi
2052076194183647473,heevermores,"jalnan toxic mana sih yang sampe nyuruh orang mati kayak mereka? dari yang tantenya riki nyuruh orang bundir pake tali, sampe ini disuruh mati",Curhat Ringan,0.10481505653749135,0.18551670931505437,[],Tidak ada kombinasi evidence pemicu urgensi
2048111517128937820,taymistry,"cw tw // suicidal 

di ep sebelumnya jinman peduli &amp; ngamuk waktu tau dongman diperlakuin buruk, mastiin adiknya hidup lebih baik, terlihat kuat minum alkohol terus2an. signs kayak gitu sering ‘terlewat’ disadari sebagai depresi 💔 

#WeAreAllTryingHereEp3 https://t.co/KPLXK4vuPh",Curhat Ringan,0.10471982577217605,0.1854151744734157,[],Tidak ada kombinasi evidence pemicu urgensi
2050232265876398572,dunkdrunkdink,"@munvess ke psikiater nder, itu bisa jadi tanda depresi, stress, apalagi kalau ganggu keseharian

believe me everything they said is bullshit, problemnya gakan selesai cuma dengan sering olahraga, makan sehat, tidur cukup, bersosialisasi dan do hobbies, karena yg salah itu otak kitanya",Curhat Ringan,0.10467156287831039,0.18536368554288693,['Tekanan Emosional'],Tidak ada kombinasi evidence pemicu urgensi
2051214949192728579,thedamned_s,Masih dibilang orang bundir karena fomo?,Curhat Ringan,0.10465268255990264,0.18534353750221658,[],Tidak ada kombinasi evidence pemicu urgensi
2057185240519750027,ziavaraaa98,"@AgoodMood16 @infodrakor_id Udh tau s cewek ini a.k.a KSR dia udh bnyk haters nya dri jaman dia DUI masih aja denial dia bundir knp,dan dia gaslighting k mantan karena apa aduhhh🤦🏻‍♀️KSH ngirim karangan bunga lewat GM aja udah masuk akal sebagai mantan",Curhat Ringan,0.10449530223183748,0.1851754648215843,[],Tidak ada kombinasi evidence pemicu urgensi
2047644370560839731,faizabd2744173,"@IDGoonerscom @TalkAboutCity @andremcfc10 ketikannya dijaga yee monyeeettt!!! Sampah bgtt lu berdua cuma bola doang ampe bawa2 bundir ama ngatain lonte. Ngerusak nama fanbase, asuuu!!! @andremcfc10 @TalkAboutCity",Curhat Ringan,0.10357630331876158,0.18418953942530084,[],Tidak ada kombinasi evidence pemicu urgensi
2047921562532356271,ryozairawan,"@ardisatriawan Btw, kalo kondisi ODGJ gelandangan yg bugil atau makan dari tempat sampah gitu jelas masuk gol 3.

Kalo casenya kyk Fulan yg depresi krn masalah hidup lalu dia ke RS pake pakaian pantas kaga bugil, dia curhat ke psikiater, minum obat. Yg kaya gini masih diperdebatkan masuk gol 3.",Curhat Ringan,0.10344712481770028,0.18405033399661383,[],Tidak ada kombinasi evidence pemicu urgensi
2060528024404348988,rctrisya,orang olahraga pagi di ui sedangkan UJIAN tuh depresi bgt,Curhat Ringan,0.10290896787096872,0.18346874483607034,['Tekanan Emosional'],Tidak ada kombinasi evidence pemicu urgensi
2051266701514433010,rahayu39323,"@gmnajgy Ini udah keterlaluan, diluar batas, nyuruh org bundir tuh termasuk kejahatan, wajib di penjara sampe buuusuukk😡",Curhat Ringan,0.10287952059884348,0.18343684339162075,[],Tidak ada kombinasi evidence pemicu urgensi
2047898609551900681,captcyin,"@19BROMAN yg bikin org milih bundir karena dia ga bisa nemuin jalan keluar. mungkin buat kita masalah sepele. ah cuma masalah cinta, ah cuma gitu doang, tp belum tentu org lain sekuat kita. iman tiap manusia ga sama bang. urusan dosa, surga, neraka, itu biar jd urusan allah aja bang 🙏",Curhat Ringan,0.10278991595606748,0.18333972123536196,[],Tidak ada kombinasi evidence pemicu urgensi
2057765579646460231,_gagitugi_,"2 akun = gejala depresi
3 akun = depresot🤪🤪🤪 https://t.co/13NdytOAYC",Curhat Ringan,0.10255372209046233,0.18308335181438562,[],Tidak ada kombinasi evidence pemicu urgensi
2055991196460495305,alfasaur_,"Hak dasar pekerja dibilang kiri utopia...

Senegara kita bundir aje biar ni pulau-pulau di isi ikan sapu-sapu",Curhat Ringan,0.10250153015109657,0.18302663113131667,[],Tidak ada kombinasi evidence pemicu urgensi
2059989744692687313,bbyrich14,gausa adu pencapaian umur segini ekonomi kek gini ga bundir aja udh pencapaian.,Curhat Ringan,0.10243992724921029,0.1829596499602,[],Tidak ada kombinasi evidence pemicu urgensi
2058798908562915429,rizalsuryo,@BosPurwa Kira-kira dia nih tau nggak ada anak di NTT yang bundir karna nggak mampu beli buku atau ada anak SMK di Samarinda meninggal karna terus pake sepatu kekecilan. Kok bisa nya dia ngomong seperti ini.,Curhat Ringan,0.10198957327879786,0.1824688906019384,[],Tidak ada kombinasi evidence pemicu urgensi
2059204752135897516,eulraei,@ruangantara0 @syahrulvic kadang kalau depresi tuh pulang pergi kost yang jaraknya 30 menit dari kampus ga bawa motor langsung jalan kaki,Curhat Ringan,0.10191218683238575,0.18238436780644185,[],Tidak ada kombinasi evidence pemicu urgensi
2054547871421411770,purplequeeeer__,"Iri bgt sama adeku yg masa sekolahnya dipantau dan didampingi ibuku😞🥲gasuka bgt jadi anak trial and error (anak pertama). Mana tau dia dlu SMP gw terkucilkan gara2 bener2 gabisa bergaul trus depresi anjjj. Nobody actually check on me back then, they only care about my grades..",Curhat Ringan,0.10184062987536228,0.18230616143255524,[],Tidak ada kombinasi evidence pemicu urgensi
2051637713083002993,512xknx,"@adanginyah dari pria untuk pria

kamu nganggur? sering ditolak cewe? sekalinya dapet kerja, gajinya kecil? orangtua kamu miskin?
ingat bro, gak ada yang peduli.

lanjutkan hidupmu bro, meski kadang pengen bundir.",Curhat Ringan,0.10183016956358162,0.1822947250171141,[],Tidak ada kombinasi evidence pemicu urgensi
2058083418509115600,bharianmy,"Jun Lojong pernah depresi teruk, hilang semangat untuk hidup

#BHhiburan Lakonan jadi terapi pulihkan diri

https://t.co/d0mkNoUCFG",Curhat Ringan,0.1016806711164721,0.1821311621954947,[],Tidak ada kombinasi evidence pemicu urgensi
2056416458411049150,DriftedInDream,Lawan Oceanid full Flins alias bundir. (Tapi tetep berhasil soalnya kita keren.) https://t.co/5I9uPMSho8,Curhat Ringan,0.10136170242262496,0.18178147167870495,[],Tidak ada kombinasi evidence pemicu urgensi
2055628620044116277,Kyuriraisu,"Jadi babysitter kucingnya @saibasekyu yg depresi karena babu nya ninggalin dia sendirian ke CF

Mana ini kucing masih ngambek sama gua pula https://t.co/wSra4DgLes",Curhat Ringan,0.101280082221274,0.181691833291993,[],Tidak ada kombinasi evidence pemicu urgensi
2054760085348606414,ravenxlaww,"Kamar berantakan itu tanda depresi? Hmm… bisa iya, tapi jangan asal diagnosa.

Masalahnya, berantakan itu bukan gejala khas depresi. Bisa karena capek, sibuk, kebiasaan, stres, bahkan preferensi pribadi. Jadi bukan: ‘kamarnya berantakan = depresi’.

Lebih tepatnya, kalau",Curhat Ringan,0.10121581453910027,0.18162120698076306,['Tekanan Emosional'],Tidak ada kombinasi evidence pemicu urgensi
2050395897763426502,AthiaHasna,"@septeriang @jek___ Tapi kak, kalo rakyat papua yg demo gimana? Pendidikan dan kesehatan tidak merata. Sekolah negeri yg gratis pun tidak benar2 gratis. Ada buku, alat tulis, seragam dll. Ingat anak kecil yg bundir itu kah? Dan banyak juga makanan MBG yg terbuang mubadzir karna tdk dimakan. https://t.co/nL0DBN3Pmc",Curhat Ringan,0.10104260408950118,0.18143066077521355,[],Tidak ada kombinasi evidence pemicu urgensi
2056285193154248918,ArcanaChandra,@txtdarigajelas Hamil di luar nikah &gt; marah marah &gt; gagal nikah &gt; depresi &gt; nangis &gt; salahkan pemerintah😹,Curhat Ringan,0.10098585648891283,0.1813681705431505,['Tekanan Emosional'],Tidak ada kombinasi evidence pemicu urgensi
2054332178813845897,LazyLouYi_404,@eleable_bee @bottomnyang @mirraebelle namanya juga media sosial depresi pantes sih mayoritas org org disini stress orang pada perfeksionis semua🤣 makin rakyatnya perfeksionis makin hancur negara😭,Curhat Ringan,0.10071502352029771,0.18106950024763743,['Tekanan Emosional'],Tidak ada kombinasi evidence pemicu urgensi
2051139302458028147,alfanzainkp,"@itbfess_x Perkataan seperti ini itu cocok untuk diri sendiri atau orang lain yang sehat. 

Nggak cocok untuk orang depresi yang udah ada pikiran tsb. Strateginya beda lagi",Curhat Ringan,0.10067814299567616,0.1810287738388235,[],Tidak ada kombinasi evidence pemicu urgensi
2056208396966338961,afrkml,"@sakurikuu G bisa banget cuma satu dua gitu soalnya mereka nempel terus kek bener2 separation anxiety parah, dikit2 peluk, dikit2 banyol, dikit2 ndusel, dikit2 ciom2, momen barengnya tuh buanyak banget, jd gabisa cuma sayang satu orang tuh susaaaaahhh hahahha",Tidak Relevan,0.10048101966277496,0.18081086964318246,[],R0: Tidak ada sinyal kesehatan mental (anchor & evidence kosong)
2047576579652337693,Eastairmen,@LilyAquina Karena bundir dan ditemukan jatuhnya jg ngerepotin orang,Curhat Ringan,0.10029094845787112,0.1806004011213328,[],Tidak ada kombinasi evidence pemicu urgensi
2060198158232363238,ARSHolicID,@gyoatza T4 kerja toxic bisa buat depresi bahkan sampe nggak mau kerja lagi karna trauma,Curhat Ringan,0.09957598873819026,0.17980552825963858,['Tekanan Emosional'],Tidak ada kombinasi evidence pemicu urgensi
2051857009419690289,RamaUsman7,"@Lawnngroup Respect banget buat mbaknya! 🫡 Nolak ajakan kotor atasan meski taruhannya kerjaan itu bukti kalau harga diri dan prinsip jauh lebih tinggi dari jabatan. Kamu nggak kehilangan pekerjaan, kamu baru aja menyelamatkan diri dari lingkungan toxic. Semangat, rezeki nggak akan tertukar",Tidak Relevan,0.09937447033688578,0.1795805688157226,[],R0: Tidak ada sinyal kesehatan mental (anchor & evidence kosong)
2057030879722226076,mini_reirei,@spring_cherry27 Kak tapi bener lhoo.. kalau ibu nya beneran pensiun cariin kesibukan... Bukan yg cuman ngurus cucu atau berkebun.. Udah ngalamin mulai kakek nenek trus skrg ortu.. ketika pensiun ga ada kerjaan malah jadi depresi trus sakit mulu.. sembuh ketika balik kerja 😔,Curhat Ringan,0.09917330939726852,0.17935560327587707,[],Tidak ada kombinasi evidence pemicu urgensi
2054858989662269608,yustina21087,"@brisaa_gael @_glimpseeofus semenjak ada si minyak malah minum vitaminn, KOCAKKKKK YG NULISSS, dulu aja mau minum obat ovd , tpi sekarang malah minum vitaminn  manggil dokter, ya minimal klo konsisten sama ucapan sama karakter yg di tulis g usah minum vitamin dan g usah bundir juga, Lahh inii??, 🥲🤭",Curhat Ringan,0.09898497001103057,0.1791446081616662,[],Tidak ada kombinasi evidence pemicu urgensi
2053431760470605920,byrob10x,"6. Menyendiri
Salah satu tanda yang berbahaya saat depresi. Suka mengasingkan diri padahal sebenarnya ada teman yang ingin mengajak ngobrol, tapi dia tidak mau. Kalau terlalu lama menyendiri, itu yang bisa mulai membuat seseorang mendengar suara-suara yang tidak seharusnya. Mulai",Curhat Ringan,0.09884359681089874,0.1789859939705242,['Tekanan Emosional'],Tidak ada kombinasi evidence pemicu urgensi
2048250673112961373,unnayaha,"PBM (9,5/10) DAKU ADALAH ORANG INDONESIA!!!!!!!!!!!! 🇮🇩🇮🇩🇮🇩🇮🇩🇮🇩 brikut adlh real pic gua setiap menjawab. not that tricky, mirip sama to mipy, sempet stuck di beberapa soal tapi yahh,, ga bikin depresi lah (bismillah skor 700++++) amiinkan, audiens, amiinkan. https://t.co/3fo4Irt1J8",Curhat Ringan,0.09856245142099483,0.17866996066136795,[],Tidak ada kombinasi evidence pemicu urgensi
2056282762970366158,slaluserak,"mana adaaaa bejirrr
kalo kek gitu berarti semua orang yg pernah ngentot sama org yg depresi lgsg ikutan depresi juga dongggg fakkkkkkk ini stupid bgt stop manipulasi dan stop jadi bodoh sehingga mudah dimanipulasiiii",Curhat Ringan,0.0983589845555871,0.1784407440008539,['Tekanan Emosional'],Tidak ada kombinasi evidence pemicu urgensi
2049344350602309794,fleurderou,"@cloriavey iya sure, but saying as if it's universal thing is... not good. Gw setuju pengalaman depresi itu beda-beda.  I'm expressing that I don't like those who said ""kalau makan mie ayam sembuh mah ga depresi"" as if it's a universal thing.",Curhat Ringan,0.09835232018212868,0.17843322907433365,[],Tidak ada kombinasi evidence pemicu urgensi
2057360000230773002,beeeemooooo,@_devalo orang lu gaji level taun 98 di taun 2026 disuruh seharian kerja di sauna minim ventilasi nggak bundir aja udh syukur kak,Curhat Ringan,0.09805898368875512,0.17810200461835574,[],Tidak ada kombinasi evidence pemicu urgensi
2047691778091032910,cityzenspaces,@CityzensIDN jangan sampe title kita sebagai 'fans ghoib' malah berubah jadi 'fans bundir n tukang rasis',Curhat Ringan,0.09783545042946369,0.1778490059303515,[],Tidak ada kombinasi evidence pemicu urgensi
2057685037743796270,idf_nst,"@binulsan Simpelnya gini si cewek udh punya suami, percobaan bundir juga bukan sekali doang tapi udh berkali²",Curhat Ringan,0.09782000412565478,0.17783150451652932,[],Tidak ada kombinasi evidence pemicu urgensi
2058046280044249544,Ditaddicted,"@livngn Sbg ibu2 yg anak2nya kurang mandiri, jujur gw akuin emang emaknya pengaruh banget.

Dulu gw depresi bertahun2 krn cobaan bertubi2, ditambah anak2 yg bs dibilang scara medis krg normal krn banyak hal.

Jd kyk gak capable jd ibu, dan skrg anak2nya udah pd gede, baru ngejar hutang",Curhat Ringan,0.09766128965229476,0.17765153041391663,[],Tidak ada kombinasi evidence pemicu urgensi
2053740808634081454,neVerAl0nely___,"Anak Kandung Tega H4bIsi Nyawa Ibunya, Saat sedang Terlelap Tidur dengan Pukul B4tu Cobek

PEKALONGAN - Tarsimi (66) seorang janda warga Kelurahan Poncol Gang Gotong Royong RT 04 RW 07 No. 58, Kecamatan Pekalongan Timur, Kota Pekalongan, tewas tragis ditangan anak kandung https://t.co/gsOgPzSOHW",Tidak Relevan,0.09721536032990925,0.17714446963685934,[],R0: Tidak ada sinyal kesehatan mental (anchor & evidence kosong)
2049234938491461733,ayikmuhammad95,@IDGoonerscom bayangin besok skor 0-0 trs di kandang menang 1-0 lewat gol bundir alvarez😞🤣 apa gak bikin jengkel penonton yg hbs nonton pertandingan psg bayern🤣,Curhat Ringan,0.0971971703621984,0.1771237420313286,[],Tidak ada kombinasi evidence pemicu urgensi
2054046855475147136,Karkar26867175,"@itsurboihyl susah kalau sama orang kurang empati, udah depresi di tambah lagi depresi",Curhat Ringan,0.09712992122601917,0.17704708106590042,['Tekanan Emosional'],Tidak ada kombinasi evidence pemicu urgensi
2047723949237383248,SoundOfYogi,"@aera_ry Gue ulangin sekali lagi ya, walaupun gue gak begitu yakin lo akan paham

Orang depresi TIDAK PUNYA KEMAMPUAN untuk berpikir jernih, sehingga keputusan dia untuk 'menolak empati' itu bukan dari pemikirannya yang sehat

Elu sebagai orang yang waras seharusnya mengerti bahwa tidak",Curhat Ringan,0.09701557540652662,0.1769166232058496,[],Tidak ada kombinasi evidence pemicu urgensi
2048168661408780766,mario_an19,"@chiwbhai @prophetofzorck sabtu pahing. neptu 18 

mandiri, tahan banting, keras kepala, ambisinya kuat, emosian, hidup bisa naik turun ekstrem

hindari lingkungan toxic 

cocok ny dagang, hukum atau politik 

kl d asah energi spiritual tinggi, bisa kuat ilmu kebatinan",Tidak Relevan,0.09693633520394646,0.17682613703337582,[],R0: Tidak ada sinyal kesehatan mental (anchor & evidence kosong)
2054231992011735259,decewon,"Jujur cut off orang dan lingkungan toxic demi kenyamanan keamanan mental pribadi gapapa kok. Kita pun harus intropeksi diri juga knpa bisa narik orng orng toxic dihidup kita,dan ternyata knpa bisa dilingkungan situ krna ada sisi dari kita yang cocok. Setelah sadar ya its Me aja… https://t.co/g8Yj4RIddY",Curhat Ringan,0.09680583105217372,0.17667696737881863,[],Tidak ada kombinasi evidence pemicu urgensi
2057828531279925403,chocopieXo,Gosah punya penyakit nanti aja langsung depresi ngadepin Sena sbg Polisi 😁,Curhat Ringan,0.09664401247094943,0.17649175497618588,[],Tidak ada kombinasi evidence pemicu urgensi
2057675878965170193,stellangious,"Jangan lupa disabilitas tak nampaknya juga. Hari ini lo sehat secara pikiran dan mental, bisa jadi beberapa bulan atau tahun malah depresi dan terdiagnosa disorder sampai aktivitas sehari lo terganggu.",Curhat Ringan,0.09653802361927567,0.17637029335354315,['Tekanan Emosional'],Tidak ada kombinasi evidence pemicu urgensi
2049000552214995358,ruki_yahea,"@tb_siswadi Saya juga dulu gini dok, tapi kasusnya pasien depresi berat yang mau unalive

Langsung saya rujuk ke SpKJ, dan setelah setahun berobat, Alhamdulillah pasiennya remisi total, dan pasiennya berterima kasih banget ke saya

Sampai sekarang ga pernah periksa lagi ke saya, tapi saya",Curhat Ringan,0.09642586798431474,0.17624163492159411,[],Tidak ada kombinasi evidence pemicu urgensi
2059219397076771082,fishdish678,"not pandavva related, but, here i guess.. aku biasanya cuman nulis kalo depresi 😞 jadi topiknya sensitif https://t.co/gkNy3RhL4L",Curhat Ringan,0.09641058622021915,0.17622409422289242,[],Tidak ada kombinasi evidence pemicu urgensi
2052837186907910189,chifuyuda31,"@artistsbase Ke psikolog nder, kamu ada tanda2 depresi. Kalau semua hal dianggap negatif itu udah bahaya.",Curhat Ringan,0.0963906758278699,0.17620123697049692,['Tekanan Emosional'],Tidak ada kombinasi evidence pemicu urgensi
2048335768201109969,dheraprynti,@lemuru_ Fans naga narkoboi ini ternyata ya. Mana depresi banget dia padahal fav dia gamasuk list eh ngelist SE diri dong🤣🤣 https://t.co/3KBuWqgbuJ,Curhat Ringan,0.09604414644229659,0.17580274198994494,[],Tidak ada kombinasi evidence pemicu urgensi
2059565092526846048,apriIdust,"Mental state orang beda-beda, lu gabisa samain porsi lu menerima “ketoxican” itu ke orang lain yang memang gak punya kapasitas. Lagian berhentilah berasumsi orang yang resign karena merasa di lingkungan toxic itu lemah. Emang banyak kan di realitanya tempat kerjanya yang toxic",Curhat Ringan,0.09603268808060879,0.17578954339930505,[],Tidak ada kombinasi evidence pemicu urgensi
2051164814173757528,GamefaqsIDN,"@mhwnk_ Entar di ketawain smaa feminazi. ""Joke tendensi bundir Lo itu akibat elo laki laki menyuburkan patriarki"". Emang betina lesbi pengangguran pantek kampanye manhating Mulu.",Curhat Ringan,0.09582297596560667,0.17554773245797012,[],Tidak ada kombinasi evidence pemicu urgensi
2048257381440897138,DarrielRas31652,"@Firman__S @rojekult @RyandanaGa8729 @ElMevlana94612 @_mabskuy @arman_dhani Yaa karena di zaman itu belom ada istilah ""depresi"", dan kita sebagai generasi ke-sekian juga gatau kan rasa ""sedih"" yang benar² dialami sama nabi.",Curhat Ringan,0.09537473026865295,0.1750292870131406,['Tekanan Emosional'],Tidak ada kombinasi evidence pemicu urgensi
2059363819735101722,blueaeriblue,mengenal depresi sejak dini biar pas gedenya ga kaget banget,Curhat Ringan,0.09525437494203606,0.17488971171957077,['Tekanan Emosional'],Tidak ada kombinasi evidence pemicu urgensi
2051886996851945507,officialinews_,"Ammar Zoni Depresi Jelang Dipindah ke Nusakambangan
https://t.co/PAXNOkDvj3",Curhat Ringan,0.0951893975009115,0.1748142922014901,['Tekanan Emosional'],Tidak ada kombinasi evidence pemicu urgensi
2051889919409492021,geloraco,"Ammar Zoni Depresi Jelang Dipindah ke Nusakambangan
https://t.co/6JgRsd4swn",Curhat Ringan,0.0951893975009115,0.1748142922014901,['Tekanan Emosional'],Tidak ada kombinasi evidence pemicu urgensi
2051656240284286993,PutraMataSatu,"@Anak__Ogi @DedynurPalakka Menderita tekanan mental rupanya, tekanan mental parah bisa jadi gila.",Curhat Ringan,0.09472234703946664,0.17427082540410938,['Tekanan Emosional'],Tidak ada kombinasi evidence pemicu urgensi
2055639358703833241,withlovececilia,@fxxxnolobersyko Hidup aja udah soalnya klo bundir katanya dosa. Gausah bundir ini negara udh bunuh warganya terang-terangan kok.,Curhat Ringan,0.09458884107516685,0.17411503502816866,[],Tidak ada kombinasi evidence pemicu urgensi
2047897289549824438,arisberikut,"Ini semoga masnya gak pernah merasakan yang namanya depresi berat (confirm secara medis).

Pendekatan secara sepiritual boleh, tapi cara seperti ini bakal bikin trigger sendiri.

Mereka posisi mau BD itu udah gak peduli hal lain, udah gak ada semangat hidup… ya cari a way out",Curhat Ringan,0.09453235940170791,0.17404906632322253,[],Tidak ada kombinasi evidence pemicu urgensi
2049029498256158828,Allurealm,@wtfahmi1105 @tanyarlfes This is kinda weird.. Ga ada yang meromantisasi bundir. Semua orang punya masalah hidup dan jalan yang mereka pilih berbeda2. Salut sama orang yang bisa bertahan dan ga memutuskan untuk lari dari masalah tsb. Tapi yang jadi permasalahan di sini adalah orang2 yang menghakimi-,Curhat Ringan,0.09433189119260245,0.1738146408037706,[],Tidak ada kombinasi evidence pemicu urgensi
2050327130442191332,Dewa07178568652,"@LambeSahamjja Innalilahi wainnailaihirojiun...
Senioritas Dunia kedokteran bgtuu kejam...bbrp kasus dokter muda bundir pun Krn lelahnya menghadapi kejahatan senior...yg tdk pernah terungkap k publik..Pahlawan kemanusiaan kok bs tdk punya rasa kemanusiaan thd sesama nakes...",Curhat Ringan,0.09420312015833715,0.17366382172613434,['Tekanan Emosional'],Tidak ada kombinasi evidence pemicu urgensi
2058186897567175123,baramibada,Omongan orang ga pernah depresi. I deleted my ig acc bcs it was toooo much for me. Orang kondisi mentalnya beda2 dan cara copingnya jg beda. Dulu awal hapus ig jg banyak yg questioning knp sampe ekstrim ya namanya jg orang depresi🫵🏽,Curhat Ringan,0.09411342093850314,0.1735586551102725,['Tekanan Emosional'],Tidak ada kombinasi evidence pemicu urgensi
2048244736587403528,fisipstroberry,"""kalau ga dikerasin takutnya keterusan"" lagian kan korban sudah berpulang... cm bisa mendoakan dan gaada gunanya foto korban ditaro di sosmed dan disumpah2in, jahat bgt☹️

+ orang kalo lg depresi trs dikasi didikan militer yg ada makin sakit dong mentalnya? aneh deh yg ngetwit",Curhat Ringan,0.09391723273859563,0.17332832351552718,[],Tidak ada kombinasi evidence pemicu urgensi
2048361521160572946,elvihaio2,@tanyarlfes kak psikolog tuh udh nolong banyak orang loh dimana jaman skrg orang depresi itu banyak. aku klo liat org kuliah psikolog aja bangga karna keren,Curhat Ringan,0.09355974005301111,0.17290750371687338,[],Tidak ada kombinasi evidence pemicu urgensi
2047737710136451436,aetlantean,"Makanya kita gak usah bundir, nanti juga mati dibunuh pemerintah",Curhat Ringan,0.09352595097979427,0.17286765462521353,[],Tidak ada kombinasi evidence pemicu urgensi
2053279432316784985,BolaLokal,"@Mangga1111 Lbh kasian itu yg punya bangunan buat dipake bundir
Lama tu ngebekas nya, malah ada yg ga ilang2 ceritanya dan aura nya.",Curhat Ringan,0.09345461112366776,0.17278347764954421,[],Tidak ada kombinasi evidence pemicu urgensi
2047633927163252859,jesgineer,"Hii baru buka X, maaf yaa buat tweet ku kemarin soal bundir. Aku izin lurus in itu hoax ya guys, di reply section udah jelasin beritanya juga. It’s my fault udah share berita tanpa searching dulu soal kebenarannya. Thank you yang udh klarif dan tegur buat hapus tweet nya ^^",Curhat Ringan,0.09343860738080143,0.17276458622831287,[],Tidak ada kombinasi evidence pemicu urgensi
2051248581039014187,eyesclosed103,"@gmnajgy Gila bangetttt, nyuruh orang bundir. K-Pop membuat sakit jiwa mendingan stop jadi kpopers.",Curhat Ringan,0.09317353528099674,0.17245126222119186,[],Tidak ada kombinasi evidence pemicu urgensi
2055664231945781583,mynameprada,"@asvillainn 1) seorang Ayah bunuh diri setelah tanya biaya sekolah anaknya (shock angka, ga tau nyari kemana, lalu bundir) 
2) Riska bunuh diri krn ga sanggup biayain lagi kuliahnya

Semua di masa (extreme komersialisasi) Nadiem Makarim

Semua dibaca disini:
https://t.co/SyFgxmoiOg https://t.co/e0cwQBKvtU",Curhat Ringan,0.09310159194507128,0.1723660848357461,[],Tidak ada kombinasi evidence pemicu urgensi
2055664070548996397,mynameprada,"1) seorang Ayah bunuh diri setelah tanya biaya sekolah anaknya (shock angka, ga tau nyari kemana, lalu bundir) 
2) Riska bunuh diri krn ga sanggup biayain lagi kuliahnya

Semua di masa (extreme komersialisasi) Nadiem Makarim

Semua dibaca disini:
https://t.co/SyFgxmoiOg https://t.co/ffLZs968cT",Curhat Ringan,0.09310159194507128,0.1723660848357461,[],Tidak ada kombinasi evidence pemicu urgensi
2051482957211447808,tir_mcdohll,"@_riverheaven Waduh, yg depresi satu orang akhirnya semua penumpang jadi korban.🤦",Curhat Ringan,0.09289588046226169,0.17212220620025287,['Tekanan Emosional'],Tidak ada kombinasi evidence pemicu urgensi
2049187528029397235,plagueangel_,"@tanyarlfes Kenapa ya orang orang tu liatnya kalo soal bundir tu tentang 'masalah yg dia punya'. Lemme tell you something u lil shit, bahkan ada orang² yg depresi tu tau, AWARE, kalo masalahnya tu YA DIA SENDIRI. Dan buat ngubah tu susah bgt. Ngelarin masalah yg itu pdhl diri sendiri? Yak.",Curhat Ringan,0.09258468344959121,0.17175234757702462,[],Tidak ada kombinasi evidence pemicu urgensi
2053716831568028051,Notahuman_404,"""Penyakit"" ""Gangguan jiwa"". Pantesan angka bundir masih tinggi. Kalian kalian ini anggap gangguan jiwa itu hal yang sangat buruk. Apalagi LGBT yang secara psikologi tuh bukan penyakit. 

Well, what do i expect, kalian kan penindas dan ableist. 

Moots, free block list.",Curhat Ringan,0.09248866172382927,0.17163800010175415,[],Tidak ada kombinasi evidence pemicu urgensi
2047721699345641886,SoundOfYogi,"@aera_ry Gak mungkin, sama orang yang menderita depresi aja lo gak ada empatinya, sama aja kek lo gak ada empatinya sama orang yang menderita penyakit parah.

Gak usah ngaku2 punya empati dah",Curhat Ringan,0.09246806523197484,0.17161345888267865,[],Tidak ada kombinasi evidence pemicu urgensi
2054849529569243322,morv3x,loh lu juga bisa dilaporin karena ujaran kebencian bahkan ngatain korban pemerkosaan dan korban bundir 😐,Curhat Ringan,0.09210916982799189,0.17118503618420977,[],Tidak ada kombinasi evidence pemicu urgensi
2049213734367994064,omoletooo,"@cloriavey udah tau spektrum dan ada yang berhasil diiming-imingi gitu, emang jadi boleh mocking ke yang ngomong bertahan karena mie ayam. jangan mentang"" depresi jd bisa ngomong jahat ke orang lain juga, kan tadi ngomong serdiri pengalaman orang beda-beda. semua dituntut jd perfect savior",Curhat Ringan,0.09199957589459504,0.17105391215194354,[],Tidak ada kombinasi evidence pemicu urgensi
2048486988668617191,matcha_creamyy,"@somexrecom berkali-kali liat konten serupa

bro plis, becandain hal lain selain bundir. kita gatau orang se stress apa hidupnya, dan bundir itu nge trigger orang lain yang udah punya ST
plis ngejokes yang lain aja. show some empathy",Curhat Ringan,0.09191391737210738,0.17095132795247164,[],Tidak ada kombinasi evidence pemicu urgensi
2047895670334595124,piqhipiqs,"@blueescnry Ucap orang yg gak paham ilmu Agama, ilmu TAUHID, jadi gampang kena mental illness... Perasaan laki² diajarin agar gk lembek, gk boti, gk tlol biar bisa jadi pemimpin rumah tangga yg kuat!!
Akibat orang² kyk lu yg bikin byk orang jadi BUNDIR🤡",Curhat Ringan,0.09178732800783952,0.17079956775361843,[],Tidak ada kombinasi evidence pemicu urgensi
2054566823530824024,neollexador,"Mau digantii keynes, adam smith, miltoj friedmen, paulson kek

Bundir semua itu at the end",Curhat Ringan,0.09174598684849762,0.170749965626182,[],Tidak ada kombinasi evidence pemicu urgensi
2056618777480184131,CareerUpdateID,"INFO LOKER HARI INI — 19 MEI 2026
buat kalian yg:
• fresh graduate
• lagi nganggur
• burnout kerja lama
• pengen pindah industri
• atau cuma iseng scroll cari harapan 
nih aku share beberapa loker yg masih buka 👇🏻
A THREAD 🧵⬇️",Curhat Ringan,0.09159573329372764,0.17056951836654635,['Tekanan Emosional'],Tidak ada kombinasi evidence pemicu urgensi
2056583554868658457,sijeuninct,"kalo ga 🌷 pasti 🌳 yg kena hate, ini gaada yg waras waras aja gitu pemikirannya? padahal kalo diliat2 wish itu bener2 grup yg separation anxiety banget... kok bisa2nya orang malah ngasih opini sampah kek gt, gbisa kah liat kelakuan dan sikap 🌷 sebagai abang yang seneng banget",Tidak Relevan,0.09157136603532688,0.17054022938916177,[],R0: Tidak ada sinyal kesehatan mental (anchor & evidence kosong)
2050173574405816784,calonnMagisterr,"@18fesss Kak, aku baca ceritamu dan ini bukan hal sepele atau “cuma drama LDR”. Secara medis-psikologis, kebutuhanmu untuk dengar suara &amp; liat muka pasangan itu bukan egois, melainkan respons biologis yang sangat normal.

Otak kita melepaskan oksitosin (hormon bonding &amp; trust) paling kuat",Tidak Relevan,0.09156895059522298,0.17053732569470553,[],R0: Tidak ada sinyal kesehatan mental (anchor & evidence kosong)
2049467981609214352,Flawes9,@infomitigasi @RifqiahStyles Anggap saja org bundir adalah orang yg pikirannya sudah kurang waras. Emg mereka punya ego? Makanya di vt orang2 bukannya ngatain &amp; nyuruh ibadah tapi diarahkan biar sembuh. Akun lu namanya MITIGASI kan? Omongan lu kalau lu sampein ke org lain malah jd makin parah bukan mitigasi,Curhat Ringan,0.0913323959824926,0.17025261995467275,[],Tidak ada kombinasi evidence pemicu urgensi
2048779351462912237,devielvina,"@TrishaAldama Ada obat lagi anti depresi, mau kau? Wkwkkwkw",Curhat Ringan,0.09122302360613654,0.17012076034690393,[],Tidak ada kombinasi evidence pemicu urgensi
2049022543441596483,Homo_sapiens21,Depression and suicidal itu real dan memang cuma lewat empati aja jalan buat tenangin para individu dengan depresi ini bukannya malah di deny emosinya apalagi dibilang jangan bundir disini repotin orang aja!,Curhat Ringan,0.0910501555868025,0.16991205989862934,[],Tidak ada kombinasi evidence pemicu urgensi
2054068744721490431,heisenburpz,film depresi,Curhat Ringan,0.09075100149809019,0.16955005264643466,[],Tidak ada kombinasi evidence pemicu urgensi
2050810651292082591,RankerReturn66,"@Benn_Espada @myshawti Menangani ODGJ aja pakai ilmu, itu org mau bundir asal di kagetin, SDM nya tolol, gw jamin jadi tersangka kok itu, klo menurut hukum, yg aslinya bisa di tenangin malah jadi mati",Curhat Ringan,0.0907506812879429,0.16954966458407314,[],Tidak ada kombinasi evidence pemicu urgensi
2048134708731756985,earthborn777,"@arman_dhani kurangnya empati terkadang ketika org lagi depresi dan curhat malah diceramahi dan dihakimi dgn dalil agama sementara keluh kesah ttg hidupnya tdk didengarkan sama sekali, akhirnya yg depresi lebih milih jalan pintas yaitu bundir",Curhat Ringan,0.09071476422022409,0.1695061288999789,[],Tidak ada kombinasi evidence pemicu urgensi
2049032561138254132,hyunraa_,"Gak setuju. Makan enak &amp; ajak jalan itu cara lain bagi seseorang untuk membuka tempat curhat. Depresi gak akan hilang, tapi setidaknya mereka ingin memberitahu bahwa 'mereka ada' jika kita butuh. Fakta bahwa mereka meluangkan waktu itu sudah empati, kenapa kita malah bitter?",Curhat Ringan,0.09023814634239509,0.16892693801359698,['Tekanan Emosional'],Tidak ada kombinasi evidence pemicu urgensi
2060616084630196591,novotny20,"@NewAPO15296 Nojo, ale zase na druhou stranu hodni levicaci nabidnou zene eutanazii, aby se chudinka nemusela trápit depresi a jeste jeji organy zachrani zivot nekomu dalsimu, ne asi!",Curhat Ringan,0.09019745328001992,0.16887735981832852,[],Tidak ada kombinasi evidence pemicu urgensi
2054815731154628610,QueenImaIsBack,"Masak sih berprestasi tapi jadi beban keluarga? Kalau benar bgtu something happened along the way berarti 

Entah kesulitan ekonomi, depresi karena broken home, atau korban abuse baik verbal atau fisik 

Kalau soal nganggur masih bisa dimengerti tapi jadi beban mah berlebihan",Curhat Ringan,0.08970586162514924,0.1682768337654345,[],Tidak ada kombinasi evidence pemicu urgensi
2050911149504504266,dionysus2019,"@momwholifts opini gua, jgn dibantah! kl org yg bener2 stress gakan tuh kepikiran bundir di tempat umum, malas dihalangin kl kepala dia uda bener2 berat. tp kl masih ada yg mau bundir ditempat umum menurut gua ini CARI PERHATIAN PUBLIK, pgn ditau kl hidupnya lh paling berat, dllnya.",Curhat Ringan,0.08922337753878265,0.1676845418458635,[],Tidak ada kombinasi evidence pemicu urgensi
2048013492159156646,ziq_paper,"@KalanaraDika Mending kalian ajak mereka yang pernah diposisi tersebut untuk diberi ruang untuk bercerita dan beri dia kenyamanan dan ruang yang aman. Bahkan ODGJ belum tentu gila, orang yang berpikir untuk bundir akan masuk neraka. Mereka yang mengatakan hal itu belum tentu merasakannya juga",Curhat Ringan,0.08922221582749709,0.1676831122600671,[],Tidak ada kombinasi evidence pemicu urgensi
2053423419274956827,redglowproject,"ฅ՞•ﻌ•՞ฅ  Currently Reading ♡

🥀 The Calamity Club - Kathryn Stockett
📚 656 halaman | Historical Fiction
🏠 ‌ Spiegel &amp; Grau

— 🌸 Di tengah depresi, kemiskinan, dan tatanan sosial yang mencekik, tiga perempuan nekat merumuskan satu rencana untuk merebut kembali kontrol atas https://t.co/5m4Yw3iEYi",Curhat Ringan,0.08856418431799942,0.16687063601883975,[],Tidak ada kombinasi evidence pemicu urgensi
2057247248006979773,IndonesiaFedera,"RAHASIA TIDUR YANG JARANG DIBAHAS : PENJELASAN DARI SISI PSIKOLOGI &amp; MEDIS 

Tidur bukan cuma soal istirahat fisik. Pola tidurmu sering jadi cermin kondisi mental dan emosional yang lagi kamu pendam. Ini penjelasan ilmiahnya:

1. Nangis Sebelum Tidur
Menangis adalah mekanisme https://t.co/Mki1hShLg8",Curhat Ringan,0.08833665072781181,0.16658843046646904,['Tekanan Emosional'],Tidak ada kombinasi evidence pemicu urgensi
2051598697356767389,moonbaebibi,"@HendraMuslim12 @pedas__manis Bener,kalo mentalnya ga rusak,ga ngerasa bersalah,bahkan sampe depresi ,berarti dia sikopat anjer. Soalnya orang normal pasti kepikiran,kebayang² terus dan ahirnya depres,dan penolongnya ya cuma sikiater. Bapaknya fix psikopat 🫪",Curhat Ringan,0.08801814181226192,0.1661922852649833,['Tekanan Emosional'],Tidak ada kombinasi evidence pemicu urgensi
2047726481359729100,bapaknyakeen,"@_katakita08 dengan adanya contoh bundir sebelumnya, bisa jadi membawa efek ke yg lain. Jadi keinginan utk melakukan hal yg sama jd lebih kuat mungkin ya Pak",Curhat Ringan,0.08785860037219649,0.1659933686707959,[],Tidak ada kombinasi evidence pemicu urgensi
2047995349437202842,entah458,"@_d0ll_tear_ Aku denger denger jadi lavender married g sih?
Bukannya mentalnya bener malah makin depresi karena g sesuai yang mereka mau dan malah harus terpaku sama norma🤔?
Oh ya paling nanti ada yang bersembunyi dari kata
""Lagipula lebih bagus dimasukin p*n-s daripada gunting guntingan""",Curhat Ringan,0.08771477657415314,0.16581376890341443,[],Tidak ada kombinasi evidence pemicu urgensi
2059220264823775560,excalilburned,gatau lebih mending depresi atau yearning bcs shit feels the same cuma beda tempat sakitnya aja 😭😭,Curhat Ringan,0.08759400740079536,0.1656627528595202,['Tekanan Emosional'],Tidak ada kombinasi evidence pemicu urgensi
2052404763942420491,cnbcindonesia,Ramai Mahasiswa Israel Depresi hingga Ingin Akhiri Hidup Gegara Perang https://t.co/WVY2qWa3Az,Curhat Ringan,0.08750756001562526,0.1655545389336167,[],Tidak ada kombinasi evidence pemicu urgensi
2048143252495438324,hoppityvooshh,@ptrvsl_ @meibepinkeu @radityanz @19BROMAN @crasher Sombong. Ga ngerti ilmunya tapi sombong sekali. Belajar soal psikiatri. Depresi ga sesimpel tinggal sholat dan ngaji. Depresi itu penyakit. Ada ketidakseimbangan senyawa dalam otak yg mempengaruhi cara org berpikir. Nauzubillah manusia kayak kamu.,Curhat Ringan,0.08739978787534654,0.1654194954669837,[],Tidak ada kombinasi evidence pemicu urgensi
2048001730852630768,sayrullfytry___,@raykairi Lah wong klo pemain arsenal gajian/bonusan ajaa kita2 kaga pernah dikasih yak. Mereka gagal juara juga mereka tetep gajian. Jadi knp hrs fans yg terlalu stres sampe mau bundir coba😭,Curhat Ringan,0.08730147129361757,0.16529616885112994,[],Tidak ada kombinasi evidence pemicu urgensi
2051874604369797238,twelvecosmic,"@KaiiiKimmm9488 @Bright_Dks12 ""Pemikiran kayak gini war"" terus kalo pemikiran suruh ks bundir, di suruh ks minum pestisida, di suruh loncat ke sungai itu pemikiran apa? Normal ya?🥲",Curhat Ringan,0.08704486425820883,0.16497369268626877,[],Tidak ada kombinasi evidence pemicu urgensi
2047905130662810077,LaksonoTibo,"@19BROMAN Surga Neraka itu milik Allah, dan kau juga ga tau masuk mana.
Bundir punya alasan, dan Allah maha pengampun.
Lu ga tau ini itu. taunya surga neraka, kejauhan, sana tetangga lu samperin, bisa ga lu nyelesain masalah mereka?
cangkeman gampang, membantu itu yg susah",Curhat Ringan,0.08694617384779534,0.16484944016644448,[],Tidak ada kombinasi evidence pemicu urgensi
2054947173889138766,fajjiw,"@permenenakkk @sirupbuah tentang bujang yg depresi karena ayahnya meninggal, terus dia wamil dan halu punya kekuatan kaya di game. ada rank dan level gitu, tapi mostly ttg masak di dapur MBG tentara korea",Curhat Ringan,0.08668702998644748,0.16452256612705463,[],Tidak ada kombinasi evidence pemicu urgensi
2060416099284660681,earth9200,"Orang depresi tuh ternyata sedeket itu sama kita, ga jauh jauh... ada temenku yang ternyata bolak balik ke psikiater waktu skripsi karena dia udah se stress itu sampe dikasi obat jalan juga. Ada juga temenku yg stress sama orang tua nya dan sering konsultasi",Curhat Ringan,0.08667996276663027,0.16451363942839883,['Tekanan Emosional'],Tidak ada kombinasi evidence pemicu urgensi
2050938300702380442,tinkerbub_,"baru baca di grup keluarga :
ada kepala desa MD
info awal bundir
info terkini polisi tetapkan sbg pembunuhan https://t.co/nrfmKlGDeI",Curhat Ringan,0.08654911324628564,0.16434824254476663,[],Tidak ada kombinasi evidence pemicu urgensi
2057051908741996885,HiskiaPase93957,"@ilhandzaki_ Anggap sja masalah bundir itu tdk benar, dan memang sya rasa gk smpe bundir orngnya. Siapa dimash pacar Erine di Getcontact? Yg jelas itu real nmr nya erine. Karna ada beberapa nama kontak yg hnya orng² terdekat Erine yg bisa menamai bgitu",Curhat Ringan,0.08644147069787757,0.1642120100332029,[],Tidak ada kombinasi evidence pemicu urgensi
2060298918748107159,naeyubii,Cawang macet banget karena ada yang bundir di jembatan fly over ke tol nya,Curhat Ringan,0.08627372741582773,0.1639994074900945,[],Tidak ada kombinasi evidence pemicu urgensi
2049030217742930409,wtfahmi1105,@azalea424 @tanyarlfes Gak ada meromantisasi????? Anda bener2 udah liat vt vt yg bundir itu sama komennya gak???? Terus cara cegah mereka yang sedang diujung sama masalah biar gak lakuin hal sama dengan coba ngerti kenapa mereka lakukan itu?  Yang ada makin semangat buat bundirnya,Curhat Ringan,0.08612914781025846,0.16381586266286446,[],Tidak ada kombinasi evidence pemicu urgensi
2051653566054781313,Novia_wt,"@sadiesapphire_ Sekarang banyak kasus bundir say, jadi ga mungkin bgt ada adegan seperti itu. Apalagi Agz sasarannya semua kalangan",Curhat Ringan,0.0861083068782363,0.16378938194477197,[],Tidak ada kombinasi evidence pemicu urgensi
2047993817845129709,Ibenimaw,"orang bundir masih boleh kok untuk di doain jadi ketimbang ketikannya macam ahli surga bgitu mending muhasabah diri yah lalu doakan diri dan orang sekitar kita yang baik baik ampuni dosa kamu kami semua ya Allah.

kita meyakini Allah SWT itu Al Ghaffar dan Al Afuww. Wallahualam",Curhat Ringan,0.08569612595214514,0.1632644637487829,[],Tidak ada kombinasi evidence pemicu urgensi
2050285923083091977,5lamate,"@sukamendoanm Gak niat banget yg mo nolong😭

Btw, saat hidup sendiri belum kenal pasangan, hanya teman main/sekolah/kerja bisa enjoy aj, giliran punya pasangan jadi berubah hingga bundir. 
Kan tolong namanya.!",Curhat Ringan,0.08563517916505298,0.1631866530938582,[],Tidak ada kombinasi evidence pemicu urgensi
2050236707703030026,calonnMagisterr,"Baca ini bentar deh

Obesitas kayak gini bukan cuma “gemuk doang”. Tubuhnya udah nggak bisa gerak, tapi otaknya masih nyuruh “makan lagi yuk”. Banyak faktor sih: kebiasaan makan dari kecil, masalah hormon, stres, depresi, atau bahkan setelah operasi lambung pun kadang masih susah",Curhat Ringan,0.08555650009426563,0.16308612940889414,['Gangguan Fungsi'],Tidak ada kombinasi evidence pemicu urgensi
2059529065107952084,AryHHAry,@puspaswarna Sadis bgt memang malah yg distigma seringkali jadi depresi dan ketakutan,Curhat Ringan,0.08541161288601747,0.1629007959907705,['Tekanan Emosional'],Tidak ada kombinasi evidence pemicu urgensi
2057536714005221803,HumorJonTampan,"B U N D I R ?
""Kita gak pernah benar-benar tahu seberat &amp; sesakit apa beban yg dirasakan oleh para korban Bundir, sehingga mereka harus memilih nekat mengakhiri hidupnya sendiri...

Bahkan dalam banyak kasus Bundir, usia korban ada yg masih sangat belia, bahkan terkategorikan https://t.co/JaLzggpTk5",Curhat Ringan,0.08525836218254694,0.1627044539108421,[],Tidak ada kombinasi evidence pemicu urgensi
2049022183750738393,bakuldimsum_,Org depresi mandi aja males apalagi makan 😭,Curhat Ringan,0.08525809196958338,0.16270410743626681,[],Tidak ada kombinasi evidence pemicu urgensi
2058784103936536919,tkg_ji,"Gimana orang gamau bundir liat kondisi negara, ekonomi, alam, semuanya carut marut. Bleak bgt bjrot. Lagi keluarga nanya gamau nikah &amp; punya anak kah kek, MY BROTHER IN CHRIST HAVE YOU SEEM THE NEWS LATELY???",Curhat Ringan,0.08510217173261762,0.1625040159080968,[],Tidak ada kombinasi evidence pemicu urgensi
2051294921488048618,tidakbaru,"innalillahi, orang perusahaanku ada yg bundir di kosan karena kelilit pinjol 😭😭😭😭 ga ekspek bgt padahal dia baru masuk bulan lalu jalur development program. MASIH FG. padahal mah bisa sebenernya gajinya buat nyicil 😔😔😔😔 tp susahnya orang gaada yg tau sih....",Curhat Ringan,0.08504170395462235,0.1624263284784375,[],Tidak ada kombinasi evidence pemicu urgensi
2060629568197644389,mojokdotco,"Dear Mahasiswa Baru, Tidak Semua Organisasi Layak Untuk Diikuti, Banyak yang Akhirnya Cuma Bikin Kalian Depresi #TerminalMojok https://t.co/QNIvWuodqh",Curhat Ringan,0.08477174232570392,0.16207887638698926,[],Tidak ada kombinasi evidence pemicu urgensi
2053344535112224995,SAIBdelvi,"Ga masuk aja logikanya kalo udah tau penghasilan si laki sekian, trus dipaksa2 mesti memenuhi keinginan (bahkan bukan kebutuhan) keluarga besar.

Jgn sampe si laki gelap mata dan akhirnya pinjol, judol, korupsi, atau bahkan bundir.

Ukur diri sendiri dan pasangan.
Jgn ngelunjak.",Curhat Ringan,0.08448607566543552,0.16171011622204925,[],Tidak ada kombinasi evidence pemicu urgensi
2057667977936506917,Skala_Mohs,"@SosmedAnu Jangan sesek dan galau dulu Nder, takutnya 5 tahun lagi kalau lu lihat dia sm anak istrinya hidup mapan dan bahagia, lu jd depresi 😭",Curhat Ringan,0.08438914663069919,0.1615847357069001,[],Tidak ada kombinasi evidence pemicu urgensi
2048146389146943656,sukabgtsamaboba,"@lusiowwv @baseconvo sebenarnya bagus opininya tp kalimat terakhirnya jelek bgt, pantes aja banyak cwo bundir, org toxic masculinity nya separah ini, pdhl ya semua org terlepas dr gendernya bebas curhat kok, trs jg “sebaik2!nya pasangan itu yg menjaga marwah pasangannya” pdhl ya banyak bgt cwe yg gt",Curhat Ringan,0.08364589960907429,0.16061895453568661,[],Tidak ada kombinasi evidence pemicu urgensi
2052066490086498753,trousimhumory,"Manžel byl dneska odpoledne velmi smutný a v depresi - čekalo ho SVJ (ja sem zbaběle odjela na dovolenou, nemam na ty debily sousedy nervy víc) a hle.. zázraky se asi dějí.. tentokrát se nikdo s nikým ani nepohádal, nevyhrožovali si navzájem kdo koho uškrtí.. zírám.. https://t.co/6csNKZ9cFT",Curhat Ringan,0.08345754416943986,0.16037296594092343,[],Tidak ada kombinasi evidence pemicu urgensi
2053812301854060884,paty_karel,"@nireta159 @sssirda …ale hovno. Je to arogantní blb. Herec na práškách proti depresi, to by jsme to chytli.",Curhat Ringan,0.08343503244360514,0.1603435323093877,[],Tidak ada kombinasi evidence pemicu urgensi
2050541084523270566,wi_wijayyart,"@BudiBukanIntel Kapan ya Masz preman-preman gangster kesukuan masih sepet rapih dan merawat diri 😂 Biar Ukhti-Ukhti Gen Z &amp; Milenial Baper, sedih, bahkan depresi pas tau mereka ditangkap polisi 😁 Udah gitu pas dibikin film atau serial pakaiannya Jadi ikon Fashion bagus buat UMKM Pakaian https://t.co/a9H9FghWlv",Curhat Ringan,0.08325793057141131,0.16011172302744606,['Tekanan Emosional'],Tidak ada kombinasi evidence pemicu urgensi
2047924181099282812,anxiethick,@fxmario focused being strong juga bikin depresi bg kalo ngeliat plat setelah ga latian seminggu🤣,Curhat Ringan,0.08313619211862137,0.15995211899280548,['Gangguan Fungsi'],Tidak ada kombinasi evidence pemicu urgensi
2050168772338807044,iamnoel26_,knp kayak orang depresi ya profilenya… https://t.co/GYghPzk8LJ,Curhat Ringan,0.08300500761126126,0.15977989272637802,['Tekanan Emosional'],Tidak ada kombinasi evidence pemicu urgensi
2048342485349605776,ttorroo,@_afterpartyguy org yg bundir itu bukan org yg lemah. justru sebelum mereka mengakhiri hayatnya mereka udah mikir ber ribu ribu kemungkinan sampe akhirnya mereka buntu. dan ini bukan masalah iman dan kurang berdoa. yg berdoa dan iman kuat pun ada yg mengakhiri hidupnya karena ia ga kuat. jd,Curhat Ringan,0.0829758373719473,0.15974156278552434,[],Tidak ada kombinasi evidence pemicu urgensi
2050172907079483672,RMCFUltra,"@SeputarMadrid @Rodra10_97 @ESPNDeportes Ciri ciri klub depresi gapunya pendirian lagi, semua pelatih dikibulin😂",Curhat Ringan,0.08280704996214244,0.1595195337678447,[],Tidak ada kombinasi evidence pemicu urgensi
2047741217312846214,M4RTINH0LIC,"@sevengolae coming from someone yg udah agak lama di GO ini ➡️ sorry banget ya kak tapi kamu harus belajar buat nerima kritikan dengan sopan, like i know ure upset sama si syifa ini but do u really have to doxx her on twt sama bilang “kayak mau bundir” di grup? malah ngerusak image GO 😕",Curhat Ringan,0.08270963874856979,0.15939120812849566,[],Tidak ada kombinasi evidence pemicu urgensi
2059284894820557133,cainganteng5555,"#Day80
Menjadi VTuber Gebrakan Baru!

Yap tampaknya beneran ini sampe buldep bisa di suruh latihan vokalnya kalau tetep di itu lagu, Pengajarnya nyerah akhirnya ganti lagu yang temanya depresi donk????

MUKA CAIN SE DEPRESI ITU KAH? P maksud????",Curhat Ringan,0.08263322838221164,0.15929045189510693,[],Tidak ada kombinasi evidence pemicu urgensi
2057356531541463447,justch1ls,kita semua punya cara sendiri buat menngelola stress menjadi depresi,Curhat Ringan,0.08251173963976874,0.15913007972818433,[],Tidak ada kombinasi evidence pemicu urgensi
2053308449530810495,Harian_Jogja,Ciri Burnout Kerja dan Cara Mengatasinya Menurut Psikolog https://t.co/b7tZF5ir24,Curhat Ringan,0.08209778994430969,0.15858202370730315,['Tekanan Emosional'],Tidak ada kombinasi evidence pemicu urgensi
2053202175929487385,Martin_z_Prahy,"@Real_F_Koudelka Tohle mohla být nejkrásnější výhra v derby všech dob. V deseti, v boji o titul a LM. Slavit před pokořeným rivalem. Obrovský zážitek zničen. Jsem v depresi.",Curhat Ringan,0.08178263136092702,0.15816307429111365,[],Tidak ada kombinasi evidence pemicu urgensi
2049027487171334534,sulungstrict,woe katanya ada yg bundir after utbk di unnes?,Curhat Ringan,0.08143012710126145,0.15769273417465615,[],Tidak ada kombinasi evidence pemicu urgensi
2050138132298007034,trbd25,"@dittolongdit Nah ini

Ngomongin bundir masuk neraka behh getol bener nyari ayat ayatnya, di luar kepala udah apal

Giliran disuruh nyari ayat kewajiban membantu sesama kicep orang pada",Curhat Ringan,0.08140788777143892,0.15766299845594348,[],Tidak ada kombinasi evidence pemicu urgensi
2053271047168725378,IndonesiaFedera,"7 TANDA ANDA DEPRESI

1. ANDA BANGUN TERLAMBAT DAN MELEWATKAN SARAPAN.  

2. APA YANG LUCU SEBELUMNYA TIDAK LAGI TERASA LUCU.

3. HAL PERTAMA YANG ANDA LAKUKAN SAAT BANGUN DI PAGI HARI ADALAH MENGAMBIL PONSEL.  

4. KURANGNYA KONSENTRASI DAN KEBIASAAN MELUPAKAN SESUATU. 

5.",Curhat Ringan,0.08136729062890778,0.15760869781176248,[],Tidak ada kombinasi evidence pemicu urgensi
2049458584220791071,omoletooo,"@malamdiam @cloriavey yang bisa ketolong dengan hal seperti itu. karena ucapan gimana pun juga orang biasa mau bantu, belum tentu orang yang depresi mau dengerin. jujur untuk kasus seperti itu cmn dirinya sendiri dan profesional yang bisa nolong.",Curhat Ringan,0.08134980232179023,0.15758529874411495,['Permintaan Bantuan'],Tidak ada kombinasi evidence pemicu urgensi
2050363764533510240,GeprekRian65883,"Ya allah ini ke 5 X nya gagal nikah
Klo emang Homo gak boleh nikah harusnya gk usah terlahir juga! 
Niat baik nikah sungguh2
 runtuh berkali-kali 😭 
Yaudah lah #lavendermarriage paling bener. yuk yg mau!! Aq kasih 100jt syarat 3 thn cerai
Slm Tiga thn ku nafkahin
#depresi😭",Curhat Ringan,0.08131305577721447,0.15753611752932722,[],Tidak ada kombinasi evidence pemicu urgensi
2048391971040120984,beaamaartens,"@reyiisen Tiap postingan vents di tiktok jg komenan ny byk bgtu atau ad kasus org “jatuh” di mall. I think mrka apa2 di sangkut pautkan dgn norma agama yg bundir dosa lah sgala macem pdhl the world doesn’t revolve solely around religion, otak org yg struggling with mental vs org normal-",Curhat Ringan,0.08126291606336453,0.15746897833816934,[],Tidak ada kombinasi evidence pemicu urgensi
2056599040658395533,starsionie,"orang depresi gara-gara jaeri, ada juga #izinnn",Curhat Ringan,0.0812414942988026,0.1574402821786476,[],Tidak ada kombinasi evidence pemicu urgensi
2056288101308534922,0xhanyfa,"2. Depresi (Clinical Depression): Di dunia psikiatri, kebangun terlalu pagi termasuk salah satu tanda yang cukup umum dari depresi. Biasanya orang jadi bangun lebih awal dengan rasa dada berat, kosong, atau gelisah banget.

3. Faktor Usia: Makin nambah umur, jam biologis tubuh",Curhat Ringan,0.08118483666470391,0.157364351505583,['Tekanan Emosional'],Tidak ada kombinasi evidence pemicu urgensi
2048441049828524276,kjoowool_,"((Yang merkosa mau tanggungjawab))

Ide bodoh darimana coba, menikahkan pelaku pemerkosaan dengan korban? Yang ada itu neraka buat korban, harus seumur hidup tinggal bareng pelaku yg bikin dia trauma dan depresi. Society jahat banget",Curhat Ringan,0.08100552592330776,0.15712372642574887,[],Tidak ada kombinasi evidence pemicu urgensi
2048795586758094969,coupszino,"guys, bisa nggak aku mau minta tolong temen2 dari indonesia untuk sign petition ini? beneran harus bawa pulang secepatnya soalnya mereka udah depresi banget kalo diliat dari video2 yg lewat di socmed 😭🙏🏻

dara, kelat, and amoi nggak pernah aman di zoo jepang 😭",Curhat Ringan,0.08075867814492942,0.15679167459408444,[],Tidak ada kombinasi evidence pemicu urgensi
2050910287742877831,pancaw443,"@bulan_desa @momwholifts Emang security nya ga ngomong apa, itu si cewek emang udah niat bundir. Mau ditolong malah berontak ya jatoh.",Curhat Ringan,0.0806424136406726,0.15663495844963826,['Permintaan Bantuan'],Tidak ada kombinasi evidence pemicu urgensi
2048794534776312127,mbaknyaseolinah,"@jungwoo_ah Jadi aslinya dia mau balik tapi ngga dicalling eh malah nyari backup lain, emang syalan tuh tim untung udah out, jadi yg kita kira selama ini emang bener lingkungan toxic sama pilih kasih nyata adanya",Tidak Relevan,0.0806251957523488,0.15661173246123575,[],R0: Tidak ada sinyal kesehatan mental (anchor & evidence kosong)
2050938755897282584,czljp,@Hedvikka @EluIluvatar Já mám z takových lékařů depresi.,Curhat Ringan,0.08059758677067534,0.15657448000980148,[],Tidak ada kombinasi evidence pemicu urgensi
2048554845066641413,ii_mochimoe,"@shoeujo @SisikRubinatt Gua lebih Sudi hukum buat orang yang ngelakuin pemerkosaan tuh di hukum mati. Jujur orang kaya mereka tuh gak di butuhin di sini. Kesian korban udh mah depresi hidup dalam ketakutan malah di nikahin sama si pelaku, bego. Najis gua sama hukum Indonesia gak ada keadilan buat korban",Curhat Ringan,0.08050820252142395,0.15645379505374216,[],Tidak ada kombinasi evidence pemicu urgensi
2050411258529423415,cottonflower26,"@Prodigy465604 @meyimije Padahal kebanyakan bundir mah gender lo, kelilit pinjol ama judol",Curhat Ringan,0.08010060936748764,0.15590191555745672,[],Tidak ada kombinasi evidence pemicu urgensi
2050194340920869352,noerriel31,"4 tahap utama (Denial, Anger, Bargaining, Depresi) udah dilewati Aqeela. Dari shock pertama kali pas launching PH, kepalanya terus berisik, marah, kecewa, frustasi yg coba dia kontrol dgn melindungi diri dan mencari rasa aman, sampai akhirnya dia meledak lagi di rumah Jordan.",Curhat Ringan,0.08002544533966935,0.15579986391645492,[],Tidak ada kombinasi evidence pemicu urgensi
2047996848950927844,Alvarend7,"@direktoridosen @prabowo Gila orang bundir malah dicariin alesan dan pembelaan begini. Makin banyak aja yg bakal bundir 🤯

 مَنْ قَتَلَ نَفْسَهُ بِحَدِيدَةٍ فَحَدِيدَتُهُ فِي يَدِهِ يَتَوَجَّأُ بِهَا فِي بَطْنِهِ فِي نَارِ جَهَنَّمَ خَالِدًا مُخَلَّدًا فِيهَا أَبَدًا وَمَنْ شَرِبَ سَمًّا فَقَتَلَ",Curhat Ringan,0.07998222010356293,0.15574113654367852,[],Tidak ada kombinasi evidence pemicu urgensi
2059839579654635678,sejiyt,"Kadang kasihan sama ibu-ibu.
Sedikit terlihat menikmati hidup langsung dianggap lupa sama anak, suami, keluarga, rumah, dan bahkan bisa disebut terlalu bebas. Padahal dia cuma sedang mencoba jadi manusia biasa yang ingin senang-senang sebentar.

Orang terlalu terbiasa melihat ibu",Tidak Relevan,0.07996245643975665,0.15571427525896014,[],R0: Tidak ada sinyal kesehatan mental (anchor & evidence kosong)
2051217467486458082,kejutam,"@trxbiru @ketekkitty @jeylicious_ karena kasih sayang itu lembut dan konstan.  kayak Allah selalu menutup ayat yg manusia tidak boleh berputus asa untuk bertaubat seperti di Az-Zumar ""..sesungguhnya Allah Maha Pengampun dan Maha Penyayang."" atau di ayat yg melarang bundir, "" Sesungguhnya Allah Maha Penyayang.""",Curhat Ringan,0.07936222472240753,0.15489558320153843,['Keputusasaan'],Tidak ada kombinasi evidence pemicu urgensi
2051517129577615782,joesvult,"@yappingfess nitip aja lah, feminis ini aja mampus bundir lewat eksperimen dia sendiri jadi laki2, mulut dia sblmnya jg kayak forum debat ini https://t.co/hK8Oa9FgNW",Curhat Ringan,0.07895553147126412,0.1543376483248942,[],Tidak ada kombinasi evidence pemicu urgensi
2054814967929712688,CocotRakyat_,"Jujur aja…
kalau memang benar sampai nyamar aparat buat meneror orang, itu udah serem banget.
Karena korban bukan cuma kena tekanan mental,
tapi juga rasa takut tiap hari. https://t.co/L75NyuG53n",Curhat Ringan,0.07885833933631183,0.15420392336267413,[],Tidak ada kombinasi evidence pemicu urgensi
2050406400367747434,SetyaGunaw56648,@haixensen Terjatuh? Di post post lain katanya dia depresi dan sedih👀,Curhat Ringan,0.07873100976218021,0.15402850459019343,['Tekanan Emosional'],Tidak ada kombinasi evidence pemicu urgensi
2060523961306505677,panggilnunaaja,itu motor parkir bukan karna ada yang mau bundir yaaa... orangnya lagi mancing d bawahh... https://t.co/bmQ2syDv4s,Curhat Ringan,0.07866110661137189,0.15393209041971148,[],Tidak ada kombinasi evidence pemicu urgensi
2059272121893982366,tiadsy,mandiri unnes SM skor utbk rata rata 400an mau masuk teknik bundir ngga ya guys?,Curhat Ringan,0.07855701273791567,0.15378837323902797,[],Tidak ada kombinasi evidence pemicu urgensi
2053791609716867376,DrDzul,"Salam 🇲🇾 MADANI ❤️,
​
 📍Menamatkan era ‘Doktor Kontrak’ adalah langkah pertama, terapi bukan penyelesaian muktamad.

Kita akui beban kerja yg berat &amp; tekanan mental membelenggui petugas kesihatan. Kita sedang perbaikki sistem ini agar lebih prihatin, mengangkat digniti (maruah) https://t.co/71pc3DkBHU",Curhat Ringan,0.07839022293704753,0.15355773134665054,[],Tidak ada kombinasi evidence pemicu urgensi
2050392056380751954,DokterTifa,"Otak Tidak Dirancang untuk “Perang 365 Hari”

1.
Ketika seseorang berada dalam konflik terus-menerus, tekanan hukum, tekanan sosial, serangan psikologis oleh para termul, otak masuk ke mode survival.

Ada 3 sistem utama yang bekerja:

a. Amygdala (alarm emosi)
Mendeteksi ancaman https://t.co/c8IpN9O49w",Tidak Relevan,0.07831781274740247,0.1534574605863203,[],R0: Tidak ada sinyal kesehatan mental (anchor & evidence kosong)
2051280713895592028,bybybebey,"lu percaya sama surat itu, dion, sena? lu yakin lidya bundir? ingetttt ""semua kematian dianggap pembunuhan sampai terbukti sebaliknya"". berlaku jg buat case farhan &amp; ryan.

30 DAYS SAILING WITH SENADA
#TerikatJanjiEp30",Curhat Ringan,0.0783082178332251,0.15344416756521573,[],Tidak ada kombinasi evidence pemicu urgensi
2060635989002064100,panggilmaria_,"dunia sekarang makin tua makin sadar kalau kita gak perlu membuktikan apa yang kita kerjakan ke orang lain. 
Hidup tenang tanpa validasi orang lain itu rasanya luar biasa banget. 
Jadi fokus memperbaiki dirimu sendiri, jaga kesehatan, dan sayangi orang-orang terdekat.
 
The",Curhat Ringan,0.0782832042232322,0.15340950610962784,[],Tidak ada kombinasi evidence pemicu urgensi
2056044575744262434,richardeanzzz,"@lock_pn70040 Nah ini, gw pikir dia bundir, sampe Ryu merasa berdosa &amp; kabur dr JP, lha ternyata masih idup. Menurut gw Ryu-nya masih denial waktu Arata confess. Nah kalo ke Johan, Ryu nya ngerasa utang budi &amp; lama2 jadi suka. Btw Arata ganteng loh... hahaha...",Curhat Ringan,0.07790824287978877,0.15288870226253162,[],Tidak ada kombinasi evidence pemicu urgensi
2052769008177623543,foraencigs,"unemployed juga sama aja njiers, kerja atau gak kerja sama-sama bikin depresi.....",Curhat Ringan,0.07783725694328357,0.15278984786886157,['Tekanan Emosional'],Tidak ada kombinasi evidence pemicu urgensi
2050012054610940268,LambeSahamjja,"Guys, rupiah sekarang sudah di Rp17.300. 
Dan ada tiga skenario yang perlu lo pahami tentang apa yang bisa terjadi kalau situasinya terus memburuk.
Ini bukan untuk bikin panik. 
Ini untuk mempersiapkan diri.

Skenario 1: 
Rupiah di Rp18.500 Pelemahan Terkendali

Ini skenario https://t.co/R3rML2lBgi",Tidak Relevan,0.07780095585870071,0.1527392633936622,[],R0: Tidak ada sinyal kesehatan mental (anchor & evidence kosong)
2059315153049690327,mulgotchi,Kalo w kebalikannya krn irl w depresi jd omgggg a representation in a media i consumed https://t.co/re7cvuqVbT,Curhat Ringan,0.07777385681369443,0.15270148759538477,[],Tidak ada kombinasi evidence pemicu urgensi
2058247706355585240,MarekSilhart,@patreees @GavinnyOriginal Sladké slzy brečících slováků zaženou každou depresi.,Curhat Ringan,0.07775633650521939,0.15267705804470816,['Tekanan Emosional'],Tidak ada kombinasi evidence pemicu urgensi
2060288548411167146,lerngdy,"@ssbmasmas Eh, pas wawancara CPNS malah beliau nanya: ""Kamu pernah depresi ya dulu pas kuliah?"" Pengorbananku dulu pas mahasiswa malah dipakai buat ngejatuhin. Endingnya: aku nggak lulus. (2/2)",Curhat Ringan,0.0777436044529596,0.1526593018661846,[],Tidak ada kombinasi evidence pemicu urgensi
2059144022648905917,diruwwwdotcom,"@heyshavvv @Namnam1100 menurut ku ini bukan drama depresi, malah drama healing😭",Curhat Ringan,0.07772391348246276,0.1526318355040117,[],Tidak ada kombinasi evidence pemicu urgensi
2057375476252053597,sinbyss,Begins youth: depresi https://t.co/32Zd4e5tu4,Curhat Ringan,0.07765528228074839,0.15253605400071,[],Tidak ada kombinasi evidence pemicu urgensi
2057673342463910230,potatocangtip9,"@Astro_Boy020 AURA NYA KAYA ORANG TEKANAN MENTAL, YANG KAYA DI RUMAH GA DIKASI DUIT SUAMINYA TRS ANAKNYA BAU MATAHARI",Curhat Ringan,0.0775736851621648,0.15242207637338928,[],Tidak ada kombinasi evidence pemicu urgensi
2059174911936176336,agapynch,"@snoooopyg @Ghinanailil__ sekedar mendiang sulli foto pake baju ga pake bh aja dihujat se dunia sampe depresi. padahal dia foto buat diri sendiri sama buat fansnya, bukan lagi ngelakuin kejahatan kriminal. toh kalo ga diliat dizoom banget juga ga keliatan.",Curhat Ringan,0.07724549590673724,0.15196253856023154,[],Tidak ada kombinasi evidence pemicu urgensi
2059235338288247145,yummytralala,"@hydbeam @noucampline Crita dikit, ibuku pendidikan rendah, dr ekonomi rendah juga, nikah di usia 19. Aku lahir di saat ibuku usia 25. Dari kecil aku udah nerima abuse, baik verbal maupun fisik. Dampaknya aku tumbuh jadi org dewasa yg punya anger issue, gampang depresi, mood swing, berantakan pokonya",Curhat Ringan,0.0771893232175882,0.15188370509581134,[],Tidak ada kombinasi evidence pemicu urgensi
2052405282723319867,istrimarini,"Bisa-bisanya mereka bilang orang depresi itu cuma malas dan gak niat kuliah... Deym, kaget, ternyata ada juga mahasiswa jaman sekarang yg pikirannya masih kuno begitu 😐",Curhat Ringan,0.07675313144049199,0.15126975241935617,[],Tidak ada kombinasi evidence pemicu urgensi
2049460565656092845,shanana_shan,"@cloriavey Harusnya emang gitu sih. Semua orang tau bundir itu salah, tp kalau sampe nentuin surga-neraka keknya kejauhan, padahal dalam islam pun surga-neraka itu hak Allah, jadi terserah Allah, manusia ga akan pernah tau",Curhat Ringan,0.07648150397685097,0.15088581059015158,[],Tidak ada kombinasi evidence pemicu urgensi
2056362951578448047,sawadeeecat,"@drittername oh gak kaget sih suka nyuruh orang bundir, panutan lu aja suka bully junior + pendukung prabowo😂",Curhat Ringan,0.07642381367429915,0.15080410513010892,[],Tidak ada kombinasi evidence pemicu urgensi
2050766803182485753,tayfluffshi,"@VikirBaskervl kebanyakan dikasih simpati dan empati, makanya kalo ada berita org bundir tuh jgn diromantisasi dgn “tenang sampai ke surga yaa” pdhl udh jelassssss bgt kalo bundir itu ga dibolehin di agama manapun",Curhat Ringan,0.07618917113483233,0.15047120214863258,[],Tidak ada kombinasi evidence pemicu urgensi
2059276438289998108,Indouncensored,"@LadPsycho lo bayar tukang mahal, tapi kerjanya cuma joget joget bikin konten tiktok

bundir dijepang itu termasuk hak asasi manusia, disini kita dibunuh aparat dan mati kelaparan",Curhat Ringan,0.07615071880415393,0.1504165575867801,[],Tidak ada kombinasi evidence pemicu urgensi
2059955643998753040,Theryvover,"@BudiBukanIntel Sebenernya ada 2 hal sih;
1. Adeknya yang emang bangsat (rekam jejaknya) 
2. Orang-orang secara umum yang resign karena underpaid/over work/lingkungan toxic 

Salahnya adalah poin 1 dipakai menggeneralisir dan menyalahkan orang-orang di poin 2, wajar aja mereka marah.",Tidak Relevan,0.07586225106373136,0.15000580702767227,[],R0: Tidak ada sinyal kesehatan mental (anchor & evidence kosong)
2053816454731182237,aynsrtn,"depresi memang ga main-main, bahkan bisa membuat seorang pengisi suara kehilangan ""suara""-nya.",Curhat Ringan,0.0758470660030127,0.1499841452547998,[],Tidak ada kombinasi evidence pemicu urgensi
2053284820181241914,Finsen007,"Pekerja China kerja 0-0-7 alias 24 jam, 7 hari seminggu. Dan sebagian orang Indonesia malah bilang pantesan China maju. 
996 (9 pagi–9 malam, 6 hari) gila sih ini.

007 (literally tidak tidur, tidak libur) itu bukan kerja keras itu perbudakan modern yang dikemas jadi motivasi. https://t.co/3q1rQpoQ01",Curhat Ringan,0.07569825801316224,0.14977165695392725,['Gangguan Fungsi'],Tidak ada kombinasi evidence pemicu urgensi
2050913738820296713,umbihombes,"2/5
• Sulit percaya orang lain → takut ditinggalkan atau justru menghindar intimacy
• Rendah diri, selalu butuh validasi berlebih
• Susah mengatur emosi → mudah cemas, marah, atau mati rasa
• Hubungan romantis &amp; pertemanan sering kacau
• Self-worth rapuh, rentan depresi &amp;",Curhat Ringan,0.07559548893718998,0.1496246852883787,['Tekanan Emosional'],Tidak ada kombinasi evidence pemicu urgensi
2051655506582987090,_dominiqueDS,@xforyayaa What if jo beneran bundir when🤭,Curhat Ringan,0.0755510532224077,0.14956108025754944,[],Tidak ada kombinasi evidence pemicu urgensi
2047576111861866863,rajapeanutbuter,@cntsyntmy @ipoksamidub Pernah liat ada orang bundir di parkiran mini market kah,Curhat Ringan,0.07546768099541856,0.14944164897456313,[],Tidak ada kombinasi evidence pemicu urgensi
2049465343962423768,Netizen_bawel,Gagalkan percobaan ulah pati seorang pemuda di buleleng Bali diduga depresi karena lama menganggur 🥹 https://t.co/UsDJjlUK7w,Curhat Ringan,0.0753711697072641,0.1493032444832903,[],Tidak ada kombinasi evidence pemicu urgensi
2053443960128037000,Kiyubery,@Mangga1111 Yg difoto itu tuh chat si cewe ke cowonya guysss 😭 si cowo tuh judol pinjol makanya bundir,Curhat Ringan,0.07529020186955329,0.14918700485476152,[],Tidak ada kombinasi evidence pemicu urgensi
2048180611521929657,kbdmky,"@arman_dhani orang yang menempuh bundir udah gak peduli dosa, bahkan mungkin udah gak percaya lagi dengan agama.

jadi ""mengancam"" orang depresi dengan dosa dan neraka itu gak membantu sama sekali.",Curhat Ringan,0.07515334209694682,0.14899026390277978,[],Tidak ada kombinasi evidence pemicu urgensi
2048737577868623913,voyagephile,"lagian kalo lagi depresi mah ngapain malah cerita ke temen, mending langsung ke psikolog/psikiater. karena kalo lagi gila2nya, omongan apa juga bakal terdengar negatif, dan itu ga bagus buat both kita dan temannya.",Curhat Ringan,0.07492691604191323,0.14866404415983142,[],Tidak ada kombinasi evidence pemicu urgensi
2053430203523924282,byrob10x,"6 tanda bahwa sebenarnya kita mengalami depresi tapi kita tidak menyadarinya, dan tanda ke-6 yang paling berbahaya",Curhat Ringan,0.07490583297988186,0.14863362298770386,[],Tidak ada kombinasi evidence pemicu urgensi
2048187043788861893,hoppityvooshh,"@hardianrf @direktoridosen @prabowo Dikira schizoafektif gabisa bundir? Gw sering dapat pasien schizoafektif episode depresif dengan tentamen suicide, motong nadinya sendiri, yg di tangan ada yg di leher. Lu mau bilang schizoafektif bukan gila? Ada psikosisnya juga. Mereka jg pake baju, bhkn disuruh ngaji ya ngaji",Curhat Ringan,0.07476328742504136,0.14842773444075702,[],Tidak ada kombinasi evidence pemicu urgensi
2057532678497607768,cicaffeine,"@tanyarlfes Kalo dia ga salah ngapain waktu klarifikasi nangis2 njir, nangis tuh pas mendiang bundir bukannya asik asik party 🤡 Itu pun ga dateng waktu pemakaman juga, kan mendiang itu masih satu agency—meski pun ga ada hub (sesuai yg diklaim) ngapain ga dtg ke pemakaman hoobae + byk bukti",Curhat Ringan,0.07474431971828278,0.14840031085592328,['Tekanan Emosional'],Tidak ada kombinasi evidence pemicu urgensi
2057285681580556751,LovingSYAM1,"@fajarnugros Biasanya klo orang udah ngeluarin kata ""Andai"" itu udah mulai masuk depresi sih mas.
Kan yg jadi presiden bukan pilihan mas nya, kok mulai berandai-andai??",Curhat Ringan,0.07451345677539332,0.14806601450298773,[],Tidak ada kombinasi evidence pemicu urgensi
2053059650292158845,emptyofsidehey,@Jostwn99 Dimarahin awalmya ngga terima makin kesini ya udah lah bodo amat demi bertahan hidup prinsipnya kerja gajian pulang. Kalau sekiranya ngga kuat cut off dari lingkungan toxic,Tidak Relevan,0.07418018780492398,0.14758174753550327,[],R0: Tidak ada sinyal kesehatan mental (anchor & evidence kosong)
2057994962734928012,GL_ThaiLove,"@starfess Dan bodohnya yg bela dia dg pedenya kasih bukti lewat sumber media, kek apa ga mikir jangankan media pengadilan pun bisa dibeli. Gw bukan penikmat drakor tapi patern manipulatif si KSH ini kuat banget bjirr, bisa2nya klen buta gestur. Blm lagi korban ga bisa membela diri bundir.",Curhat Ringan,0.07414883701405536,0.14753608936161708,[],Tidak ada kombinasi evidence pemicu urgensi
2048147031257133426,allureindigo,"@piqhipiqs @youbutihateyou @arman_dhani dipikir diantara mereka juga ga ada yang punya pemikiran suicidal? 
berani lo ngomong gitu sama perempuan sudan yang milih bundir   karena jadi korban pemerkosaan massal oleh RSF? 
goblok, nirempati, lagaknya tuhan aja lo.",Curhat Ringan,0.07410803912304617,0.14747664616866546,[],Tidak ada kombinasi evidence pemicu urgensi
2053024047248925130,ChocciH,"@AdamPrabata Betul dok, saya ter diagnosa CPTSD, gangguan kecemasan &amp;depresi dari umur 9
5 tahun terakhir ikut psikoterapi dg pendekatan brain plasticity
Dg psikolog yg S3 di bidang neuropsikologi&amp;biopsikologi di RS Melinda
Tp jujur  capek",Curhat Ringan,0.07408624967372933,0.14744488625138097,['Tekanan Emosional'],Tidak ada kombinasi evidence pemicu urgensi
2057983625233412329,pengelanaka,"Otak manusia itu unik. Ketika otak kita 'sakit', kita nggak akan bisa berpikir sebagaimana orang dengan otak sehat berpikir. Kalau kamu depresi, udah pasti otakmu pikirannya negatif terus, baca tarot dan disuruh bersyukur? Mana masuk.",Curhat Ringan,0.07398148953821629,0.1472920696392204,[],Tidak ada kombinasi evidence pemicu urgensi
2048015022207738008,ziq_paper,"@KalanaraDika Singkat aja, 

Orang2 yang mengatakan jika bundir bisa membuatmu masuk Neraka belum tentu ada rasa empati kepada orang tersebut.",Curhat Ringan,0.07383396290923513,0.1470765303481709,[],Tidak ada kombinasi evidence pemicu urgensi
2057380555604516906,febr2504,"@apt_besar @Hidupsebagai62 Itu bukan keriput tp bekas luka sayatan. Ada orang yg suka melukai diri kyk gitu, biasanya karena depresi",Curhat Ringan,0.07382984956715043,0.14707051499774962,['Tekanan Emosional'],Tidak ada kombinasi evidence pemicu urgensi
2054563810049212846,KangDien_Wae,"Akibat tekanan ini, Ocha mengalami:  
Sulit tidur  
Jadi pendiam  
Tekanan mental berat  
Bahkan sempat tanya ke kakaknya: “Apakah aku harus minta maaf karena bikin gaduh?”
Seorang remaja yang berani speak up malah jadi korban intimidasi. https://t.co/gfkUT3Q5nT",Curhat Ringan,0.07268136011894537,0.14537877183068884,[],Tidak ada kombinasi evidence pemicu urgensi
2047712084277019078,SoundOfYogi,"@aera_ry Depresi klinis, Suicidal thoughts, Bisa kepikiran bahwa pelaku bunuh diri itu punya motivasi akan diapresiasi itu selain nir-empati juga menunjukkan anda tidak memiliki intelegensi emosional sama sekali :)",Curhat Ringan,0.072316850092193,0.1448366918798649,[],Tidak ada kombinasi evidence pemicu urgensi
2050782775540928729,Serendipityflt_,"Gada.
Dia ga ngelakuin bundir aja keknya sebuah keajaiban hidup.",Curhat Ringan,0.07228978374479347,0.14479633984579282,[],Tidak ada kombinasi evidence pemicu urgensi
2051234363371897054,bangherwin,"Korban pelecehan oleh oknum TNI di Kendari sekarang depresi berat, sampai sering melukai diri sendiri.

Pelaku masih bisa hidup “normal”.
Korban yang hancur seumur hidup.

Ini bukan cuma soal hukum.
Ini soal negara: kalian itu membela siapa sebenarnya? https://t.co/ZGi3TK43KJ",Curhat Ringan,0.07189392998070218,0.1442045812241056,['Tekanan Emosional'],Tidak ada kombinasi evidence pemicu urgensi
2057692889212506260,Yukenricyordrim,"@Info_SerieA Ada cerita teman hampir mirip kejadian mu min.. 
Big 4 ini, krn di forsir terus smpe mengabaikan kesehatan tahu2 stroke pdhl mud, msh umur 30+. Masuk rumah sakit ngga lama dia meninggal
Kl udah tau resiko&amp; konsekuensi nya kerja di lingkungan toxic, ya hrs me menage diri",Tidak Relevan,0.07184550755523027,0.1441319887385224,[],R0: Tidak ada sinyal kesehatan mental (anchor & evidence kosong)
2059870412687949976,ruby0160196_,@cuitss147040 @zxzylalisa Stan lont3 stripers flop saking depresi sampai bikin akun baru 🤣🤣 https://t.co/iSF6qaMubB,Curhat Ringan,0.07179382823505658,0.1440544638669852,[],Tidak ada kombinasi evidence pemicu urgensi
2059302652530548822,bvtrass,"woii malem"" , dikirimin ginian sama temen kampus😭, takut ngasi saran yang salah guys.

tapi serem kalo dia depresi, cowonya baru kemarin selingkuh masalahnya🥲 https://t.co/tWbMVrRlHv",Curhat Ringan,0.07150753089906071,0.14362405014760565,[],Tidak ada kombinasi evidence pemicu urgensi
2054220501334282681,kaikallui,"@farisrachman_1 pernah nonton Dr K bahas ini. emg certain degree of optimistic delusional thinking itu perlu utk survival ternyata wkwkw (keknya kaitannya sama hope dan purpose, sperti kata viktor frankl). org yg depresi tuh justru worldviewnya jauh lebih realistis daripada yg ""sehat"".",Curhat Ringan,0.07143417681122316,0.14351351514007107,[],Tidak ada kombinasi evidence pemicu urgensi
2059414579097268426,kafka_____,Ajarkan depresi sedari dini agar dewasa nanti ga kaget,Curhat Ringan,0.07139019441232594,0.14344718916849658,[],Tidak ada kombinasi evidence pemicu urgensi
2048615429070000519,mahardikapi,"@worksfess mungkinn Tuhan menyelamatkan kamuu dari lingkungan toxic biar ada yang masuk lebih baik lagii, tetap semangat yaa",Tidak Relevan,0.07127729147560882,0.1432767573631171,[],R0: Tidak ada sinyal kesehatan mental (anchor & evidence kosong)
2047630178051080384,sibambaang,@moneybestpal Orang bundir keknya gak mau kalau orang lain lihat ya,Curhat Ringan,0.07124717861300131,0.14323125860907815,[],Tidak ada kombinasi evidence pemicu urgensi
2056878514377519232,lilaccountz,"@mazikmazid ampe ada yg bundir, kdrt, dll tuh pada gatakut ye jd pejabat negara",Curhat Ringan,0.07121219407215741,0.14317837673606296,[],Tidak ada kombinasi evidence pemicu urgensi
2048374761856921704,Italian_35,"@Shafa4545711668 @reyiisen Iyakann, itu rata rata komenannya pada making fun orang yg bundir 😞",Curhat Ringan,0.07102537526159151,0.14289557873976955,[],Tidak ada kombinasi evidence pemicu urgensi
2047998647321915471,kokamugithu,"@direktoridosen @petanirumah Kebanyakan org depresi klo ditakutin surga dan neraka malah pengen tambah bd, krn buat mereka dunia ini sdh ga ada bedanya dg neraka

Sakitnya sesakit itu...",Curhat Ringan,0.07098542233964032,0.14283501063332413,[],Tidak ada kombinasi evidence pemicu urgensi
2060173037924941912,_bluestardy,"doyoung tiap kali donasi kerasa hangatnya, krn ada tujuan jelas 🥹 siapa yg dituju, apa yg dibantu, sampe nemuin yayasan yg ga prnh dipakai artis

kali ini yayasannya sampe nyesuaiin sm keinginan dy buat dukung anak dan remaja yg ditinggal krn bundir, tentara yg beresiko bundir",Curhat Ringan,0.07097259849171203,0.1428155631730051,[],Tidak ada kombinasi evidence pemicu urgensi
2050170519622979889,nafizal_mu,"@si4riNew @noirzaa Itu gabungan jatohnya, depresi, anxiety, dan poverty",Curhat Ringan,0.0708690984018734,0.1426584856076674,['Tekanan Emosional'],Tidak ada kombinasi evidence pemicu urgensi
2047922938083737868,youngmasterjcw,"@dearsimone_ @ardisatriawan @hklrst22 Kita tahu bundir dosa tapi kita juga tahu MANUSIA TDK BISA MENGHAKIMI ORG LAIN MASUK SURGA ATAU NERAKA. Allah  Maha pengasih Maha pengampun, wallahualam. 

Lagian ya, km tahu org yg bundir itu waras dari mana? Jangan kira yg gila itu cuma yg pakaiannya compang camping.",Curhat Ringan,0.07016914683007718,0.14159060192830636,[],Tidak ada kombinasi evidence pemicu urgensi
2050936930305728970,XO08jackjza3,"@yappingfess Kebanyakan cowo banyak yang bundir 😂 
Dasar pecundang",Curhat Ringan,0.06996102067267025,0.14127117408947512,[],Tidak ada kombinasi evidence pemicu urgensi
2053297390581600720,shinngn__,"Vampire au dmn dodit vampir trus azriel pekerja korporat yang depresi trrus dtg tiap malam jumat klewon ke tempat pak vampir buat kasih bunga dan darah buat penjamuan karena dia lowk bosen. Tbh based on lagu ""Lust for Vampyr"" by I monster",Curhat Ringan,0.06971035802985444,0.14088529348373413,[],Tidak ada kombinasi evidence pemicu urgensi
2050440100841156903,farhanzlkr,@theyycallmebass setara dengerin album the black parade my chemical romance yee harus depresi dulu,Curhat Ringan,0.06969463638149656,0.1408610481655959,[],Tidak ada kombinasi evidence pemicu urgensi
2056013467224846782,P3gEl,"Di pagi yang sunyi Dusun Sindangjaya, Desa Cisontrol, Kecamatan Rancah, Kabupaten Ciamis, neraka terbuka lebar. Tarsum (41), seorang juragan domba yang dulu dikenal ramah, bangun dengan beban yang sudah tak tertahankan. Utang menumpuk hingga Rp100 juta — pinjaman bank, utang https://t.co/VBDiJyVACZ",Tidak Relevan,0.06965744245894764,0.1408036689866673,[],R0: Tidak ada sinyal kesehatan mental (anchor & evidence kosong)
2047993356186480728,hani_ajis,@hklrst22 @ardisatriawan Nganu. Orang kalo sdh depresi berat. Pikiran dan akal sehat sdh ga sinkron. Misal scr nalar tahu kalo lompat dr jembatan itu berbahaya dan berakibat fatal. Tp ketika ada pikiran. Hmm lompat kayaknya keren nih. Yah mereka lompat aja. Seperti nalarnya ilang aja.,Curhat Ringan,0.0696399815869396,0.14077672226862475,[],Tidak ada kombinasi evidence pemicu urgensi
2048380227488043242,JhenMichel,"@ini52613 @kang___L Ga usah mikir kalo kamu punya anggapan seperti itu bahwa semua pemimpin sama, baiknya kamu bundir aja, mo gantung diri ato minum vixal, baygon atau terserah kamu ajalah",Curhat Ringan,0.06954375028137033,0.1406280998027686,[],Tidak ada kombinasi evidence pemicu urgensi
2059193091064496531,kamarlintang,"Kebohongan Clara Shinta kini dibongkar oleh mantan suami pertamanya, Denny Goestaf, yg cerai tahun 2022.

Denny bingung Clara masih menuduh gak dinafkahi, padahal menurutnya faktanya berbeda,

Denny bilang, ""Dia datang dari Medan itu gak bawa harta. Dia 19 tahun kuliah, saya https://t.co/aGWfr7lBQW",Tidak Relevan,0.06948438541783786,0.14053632002888305,[],R0: Tidak ada sinyal kesehatan mental (anchor & evidence kosong)
2059530283691704329,asbun62,"Lawan atau depresi keduanya pilihan sulit.
Kalo mau lawan ternyata fisik tidak sekuat si  pembully dan pilihannya hanya depresi, ketika sudah depresi apalah daya melawan diri sendiri saja belum bisa gimana mau melawan orang lain 😞",Curhat Ringan,0.06939979045900875,0.14040540836074136,[],Tidak ada kombinasi evidence pemicu urgensi
2051294716462071904,NauraSweetaru,"Kenapa orang2 ini suka menulis ""laknat"" menjadi ""lucknut"" ketika mulut dan jari mereka bisa dengan entengnya menyuruh orang queer untuk bundir atau ""orang queer itu kafir dan pantas dibakar di neraka!""? 

Laknat isn't even a bad word. 
What a dissonance.",Curhat Ringan,0.06931016880375765,0.14026655662579068,[],Tidak ada kombinasi evidence pemicu urgensi
2055658581509415407,Mandero128992,"selamat malam warga x

dulu masuk crypto harus buka 10 tab
bridge beda
wallet beda
swap beda

dan akhirnya nyasar kena fee aneh yang bikin dompet ikut depresi

sekarang @QwertiAI bikin semuanya jadi satu tempat
klik
swap
bridge https://t.co/zzIDJ9xJWl",Curhat Ringan,0.0692973915195174,0.14024674711805402,[],Tidak ada kombinasi evidence pemicu urgensi
2047670070172885112,sibambaang,"Kenapa malah jadi pada “FOMO”/“TREN”?

Fenomena ini istilahnya disebut The Werther Effect.

The Werther Effect (Efek Werther) adalah istilah dalam psikologi dan sosiologi untuk menggambarkan fenomena penularan perilaku bundir (copycat suicide). 

Fenomena ini terjadi ketika",Curhat Ringan,0.06924393443498716,0.14016383222558282,[],Tidak ada kombinasi evidence pemicu urgensi
2057780930073547258,u65858,"@alisyarief @SianiparRismon terlalu banyak masalah yg kau hadapi, anda pernah belajar dan hidub di jepang, anda juga sudah punya surat kematian jadi simpel saja lebih baik kau bundir nanti surat kematian mau di perbarui atau mau bikin lagi terserah itung-itung koleksi.",Curhat Ringan,0.06886892184281179,0.1395804954241171,[],Tidak ada kombinasi evidence pemicu urgensi
2047586121815924815,nozelism,Are we deadass turning bundir into “fomo” content?,Curhat Ringan,0.06867635973956156,0.13927981880578127,[],Tidak ada kombinasi evidence pemicu urgensi
2050402312443847158,SanieTuyeGoblok,"@sukamendoanm Tumben Malaysia TOLOL dalam menangani kasus bundir. Harusnya disiapin tali dulu ke orang yg mau nolong dan bawa jaring atau tali pengikat jg buat lgsg dijeratin ke pelaku bundir jadi saat jatuh dia lgsg terikat. Di China pernah pake selang pemadam krn darurat, lah ini asal2an.",Curhat Ringan,0.06861252053691026,0.13917996454419512,[],Tidak ada kombinasi evidence pemicu urgensi
2050933438866440571,Hokben03,"@aarcasien @yappingfess Faktanya, hampir kebanyakan kasus bundir (gantung, loncat, dll) malah didominasi oleh kaum lelaki. Gegara apa? Ya gegara prinsip lelaki yang berbunyi ""PRIA TIDAK BERCERITA"".

Iya ga bercerita, tapi tiba² masuk RSJ atau bundir.",Curhat Ringan,0.068281238978706,0.13866040327332235,[],Tidak ada kombinasi evidence pemicu urgensi
2048782839144189974,cherrywauves,"i know theres no such things pura2 depresi cuma kdg org di lingkungan mikir gw caper anying pdhl gaak, i seek professional help kok thnk u👍🏻👍🏻🙏🏻",Curhat Ringan,0.06797953185388289,0.13818518817424774,[],Tidak ada kombinasi evidence pemicu urgensi
2058112345445126420,yan_widjaya,"#Uykucu (Netflix/Poll Films/Turki/2025) sut Can Ulkay. Istanbul, Ferman, pembunuh bayaran top, korbannya seperti kecelakaan or bundir. Bertemu Saye, artis TV tak laku. Berkelindan di dunia kriminil. Pembunuhan vs pengkhianatan cinta. Thriller action Mafia Turki selevel film Barat https://t.co/PmGBsnbTpL",Curhat Ringan,0.06786620472443317,0.13800618278257776,[],Tidak ada kombinasi evidence pemicu urgensi
2055636462226612407,Mrs_Wife92,"🫂 Cuddle bukan cuma enak, ini senjata sains lawan STRES AKUT! 

Saat cuddle atau pelukan hangat, tubuh langsung melepas oxytocin (cuddle hormone / love hormone) yang downregulate HPA axis, menurunkan cortisol (hormon stres utama) dan mengaktifkan parasympathetic nervous system",Curhat Ringan,0.06785464171159299,0.13798790289597077,[],Tidak ada kombinasi evidence pemicu urgensi
2050913735402017053,umbihombes,"🔴 Banyak orang dewasa merasa:
* Sulit percaya orang lain, takut ditinggalkan atau justru menghindar intimacy.
* Rendah diri &amp; selalu butuh validasi berlebih.
* Susah mengatur emosi (mudah cemas, marah, atau mati rasa).
* Hubungan romantis &amp; pertemanan selalu bermasalah.
* https://t.co/vmoU080Xew",Curhat Ringan,0.06774299484841909,0.1378112524070523,['Tekanan Emosional'],Tidak ada kombinasi evidence pemicu urgensi
2057352787097518125,shadowraze_,"@mendadaknih Iman dan takwa aja

Minimal udh keluar dari lingkungan toxic 🙃",Tidak Relevan,0.0675297860130459,0.13747315659103068,[],R0: Tidak ada sinyal kesehatan mental (anchor & evidence kosong)
2047814823006875847,cutieshuahao,"🤣🤣🤣🤣🤣🤣 ini emang emotional control lo yang jelek, atau emang watak lo kalo ngetik kagak dipikir dulu dah??? Seenak jidat bener ngetik bundir ke orang lain, dan cara lo minta maaf begini? Pernah minimal lo searching di google gitu cara minta maaf yang baik dan benar",Curhat Ringan,0.06716031449618827,0.13688491558035215,[],Tidak ada kombinasi evidence pemicu urgensi
2048401515669516326,YuriSaef,"@epicmnw Alasan yg di pakai konten kreator model gini, ""...untuk mencegah orang untuk bundir"" , tapi mereka memparodikan elemen bundir itu sendiri jadi udah jelas tujuannya bukan murni edukasi tapi lebih ke engagement doang",Curhat Ringan,0.06699713183094712,0.1366241535002535,[],Tidak ada kombinasi evidence pemicu urgensi
2048614196544520590,Puellafahira,"@18fesss Nikah taruhannya nyawa. Kalau salah nikah antara depresi atau hilang nyawa.
Sedangkan gak nikah taruhannya beli rumah dan jalan2 ke LN 😂",Curhat Ringan,0.06690772652485415,0.1364810358394276,[],Tidak ada kombinasi evidence pemicu urgensi
2049145515389141163,harrowtorn,"@theraidh5 @Homo_sapiens21 @emerydae Tuhannya tolol. Bikin manusia lahir tanpa diminta, trus tau2 dikasih ujian. Lebih kocak lagi ternyata tuhannya udah tau kalo manusia yang diciptakannya sendiri bakal bundir karena ujian dari tuhan itu juga, tapi malah manusianya yang disalahin trus dimasukin ke neraka. 🥀",Curhat Ringan,0.06662862994298968,0.13603312039014065,[],Tidak ada kombinasi evidence pemicu urgensi
2048012746093138132,Celzdeu,"@ardisatriawan Berarti, kalo menurut hadist ini, dan pehamaman anda, kalo udah masuk fase depresi berat (yg anda maksud dengan hilang akal) lebih baik bunuh diri aja?

ORANG SAKIT MANA YG NYURUH ORANG BUNUH DIRI KARENA PEMAHAMAN HADIST YG SETENGAH2 GINI?",Curhat Ringan,0.06660697091387065,0.13599828752604398,[],Tidak ada kombinasi evidence pemicu urgensi
2054781408498131187,AzeriemX,@txtharihariWNI Orang Indonesia ini udah pada pake bahasa 'mental health issue' aja ya. Padahal bukan mental-mental banget. Emang kelakuannya aja. Emang clubbing bikin otak tambah waras? Jangan sampai nanti 'make' alasannya lagi depresi.,Curhat Ringan,0.06649201403949005,0.13581323330149506,[],Tidak ada kombinasi evidence pemicu urgensi
2057813222712078407,_Kun91,@xxipyip lingkungan toxic itu memang se-gak nyaman itu. semoga mendapat pekerjaan yang lebih baik lagi,Tidak Relevan,0.06644957602970446,0.13574484272888213,[],R0: Tidak ada sinyal kesehatan mental (anchor & evidence kosong)
2054039909892239513,skyundocean,"@LimaWaluSara Si ibu satunya malah menekan dan menyudutkan si ibu yg diduga mengalami baby blues, harusnya dirangkul. 
Sama aja kayak orang yang lagi mau bundir, dimarahin “ngapain kamu mau bundir!? Itu dosa! Sadar hei!” 
Yang ada orang itu makin stressed. 
Yang mesti ditanya suaminya 🙏",Curhat Ringan,0.06622262522331004,0.1353784122250297,[],Tidak ada kombinasi evidence pemicu urgensi
2052752442929156140,albinousie,@SeliaAisnith @NemutakaYuta Apa yg dia pikirkan sampai melakukan hal itu?Bukankah vtuber yg sudah graduate akunnya gak boleh dimainin karena akan merusak karakternya? Btw kenapa dia jadi sampai melakukan itu? Bukankah itu tidak wajar? Apakah dia punya masalah? Apakah dia merasa kesepian atau malah depresi?,Curhat Ringan,0.06610065722054459,0.1351810027252544,['Tekanan Emosional'],Tidak ada kombinasi evidence pemicu urgensi
2054224082061963701,Profokiev,@rifkasyarif Simplenya gini. Orang bisa dibilang gangguan jiwa kl udh merusak fungsionalitas. Lu liat yg gay msh bisa bekerja dengan baik kok asal gaada tekanan lingkungan aja mrk dibully krn gay. Bandingin sama org depresi mrk mau bangun aja struggle atau gangguan jiwa lain dah,Curhat Ringan,0.06602402149094315,0.13505679188352643,[],Tidak ada kombinasi evidence pemicu urgensi
2049450093456261271,aridhani,"@Homo_sapiens21 Yes.., empathy. Jgn lsg nge judge org yg lg depresi apalagi dgn pikiran mau budir dgn perkataan: kamu kurang berdoa.",Curhat Ringan,0.06573373699026858,0.13458508185364984,[],Tidak ada kombinasi evidence pemicu urgensi
2049447252213838002,cherrymoss_,"@nuggets512 sebenernya dengan bilang “lingkungan toxic” ini banyak printilannya; bisa bisnis, industri atau orangnya. kalo orangnya itu jg gabisa generalisir semua. itu yg menurutku gabisa dipukul rata dan harus jelas siapa atau apa. krn setiap pekerjaan, pasti ada cons-nya.",Tidak Relevan,0.0656042349143391,0.13437401706522162,[],R0: Tidak ada sinyal kesehatan mental (anchor & evidence kosong)
2059574042466865238,bunbehh,"@bvtrass blg ke temen lo..
ngapain depresi? lo kan manusia dewasa yang dgn kesadaran penuh pacaran sm cowo lo dan mau hs.. itu konsekuensi.. lo hs ya resikonya hamil, sejak kapan lu hs hasil nya rezim baru?",Curhat Ringan,0.06551240137906568,0.13422411025473566,[],Tidak ada kombinasi evidence pemicu urgensi
2054809748604907704,tianglistrik_id,"@bebeqmadura kalo mau bundir sekalian bunuh orang2 pemerintahnya biar dianggep pahlawan, bukan jadi pengecut",Curhat Ringan,0.06543248308424063,0.13409349448753127,[],Tidak ada kombinasi evidence pemicu urgensi
2052264987465535750,darasiyu,"@urmothra fandom artis SM kan emang gitu, makanya idolnya sampai ada yg meninggal karna depresi. idolnya di anggap robot gak bisa nangis gak bisa ngeluarin sisi manusianya. fansnya juga ga menghargai idolnya jadi diri sendiri buat ngutarain dan nunjukin sisi manusianya.  pas idol lu dating",Curhat Ringan,0.06527048207464603,0.13382826966769767,['Tekanan Emosional'],Tidak ada kombinasi evidence pemicu urgensi
2058602711730311341,VladkyneChaosu,"@vzdelanecesko @pudajr @RobertPlaga Některé děti opravdu v depresi jsou. Gratulki. 
https://t.co/zzcN1rz1WV",Curhat Ringan,0.06524101423172884,0.13377995969671191,[],Tidak ada kombinasi evidence pemicu urgensi
2048769537819201740,kittentenniee,"ish jangan jahat2 gitu lah sama orang lain. it's not your family/friends/partner's responsibility to heal you. kalo lu depressed, dan somehow masih ada sedikit conscious untuk menghilangkan depresi itu, lu sendiri lah yang harus seek for professional help. ngerawat orang with",Curhat Ringan,0.06522546408055391,0.13375445839130518,[],Tidak ada kombinasi evidence pemicu urgensi
2048486557364244509,acebuttolol,"@_afterpartyguy org2 yg berempati yg gk ngerasain depresi gk akan ngejudge dan ngeremehin, tp org2 yg nirempati gk akan paham sampe mereka ngerasain sendiri depresi dan suicidal thoughtsnya, klo emg gk paham, gk mau tau, dan gk peduli minimal diem aja drpd ngatain yg jahat2 ya kan",Curhat Ringan,0.0651302597984792,0.13359820571812717,[],Tidak ada kombinasi evidence pemicu urgensi
2058182624791916787,SistersInDanger,"- Korban mengalami depresi berat, trauma, &amp; histeria berulang. Korban keluar dari sekolah karena dibully, merasa hidupnya hancur separuh.

- Sikap pelaku saat mengetahui korban histeris &amp; kambuh trauma justru menertawakan, meremehkan, &amp; mengejek korban. Keluarga pelaku bahkan https://t.co/3ieGMjt2ch",Curhat Ringan,0.06512314224453553,0.133586515599128,['Tekanan Emosional'],Tidak ada kombinasi evidence pemicu urgensi
2056279254728610265,sukar_ia,"Secured!!!!! PRE-SALE ARTIST FESTIVAL THE WEEKND JAKARTA😭😭😭❤️‍🩹❤️‍🩹❤️‍🩹❤️‍🩹

Bener bener hidup lagi depresi karena abis ngelewatin 3 tahun diem aja sama cowo bingung. Tapi ternyata sisa nyawa + pengharapan  hidup gue di denger Tuhan buat ketemu Abel. 

See yoy Abel!🙇🏻‍♀️🙇🏻‍♀️🙇🏻‍♀️🙇🏻‍♀️ https://t.co/VRwuaw9D6Z",Curhat Ringan,0.0650823036375395,0.13351941786029123,[],Tidak ada kombinasi evidence pemicu urgensi
2050227059935654128,dxrkchocolx,"Guys, ada satu video yang lagi bikin orang geleng-geleng kepala di X, dan tweet-nya langsung nyantol banget di hati lo.

Bayangin aja: cewek ini namanya Martha, berat badannya 800 pound (sekitar 363 kg!), badannya udah nggak bisa gerak bebas, bahkan buat ngurus diri sendiri aja https://t.co/nQXAqvwZtp",Curhat Ringan,0.06486344949884548,0.1331591721285473,[],Tidak ada kombinasi evidence pemicu urgensi
2053005973460263117,kwasongjawa,"@theodjibriel @KapudS640 yg kemarin bundir di kediri yg disalahin istrinya kok bg wkwkwk, ini kan yg nyalahin cowonya juga para cowo sendiri",Curhat Ringan,0.06485142876057651,0.13313935259074877,[],Tidak ada kombinasi evidence pemicu urgensi
2059655089917432020,jooqoowee,"@adryan_2407 @FARHAN2Humanity Hoax yang mana? Udah dihapus juga, dan dia juga udah nggak bahas lagi loh.. Twit juga kayak daily aja. emg nyuruh org bundir ga dosa ya?",Curhat Ringan,0.06465415977884549,0.13281361027197405,[],Tidak ada kombinasi evidence pemicu urgensi
2048782372167143838,cherrywauves,"kayak if indomie works on u okaay good for you then? but me personally kagakk, soalnya klo depresi gua malah binge eating or not eating at all. (yes i have consulted about this to my therapist jadi ga self-diagnosed kalo gua cm pura2 depresi) 😅",Curhat Ringan,0.06463635788130732,0.132784169223724,[],Tidak ada kombinasi evidence pemicu urgensi
2050384057322901518,pinaayun,"@PikamonID Ntar anak udh smp baru kerasa, emaknya dihujat se indo, murahan, rendahan, menjijikkan

Disitu tekanan mental yg gede, puncaknya di sma, kalau tidak terkontrol bisa bahaya.",Curhat Ringan,0.06443079164078652,0.13244365268584454,[],Tidak ada kombinasi evidence pemicu urgensi
2048737571963089208,voyagephile,"ini bahasan sensitif sih, gue pernah banget di posisi terdiagnosa depresi sedang-berat,  bahkan udah tentamen suicidi. 

maksut orang yang ""menghibur"" gitu menurut gue malah lebih baik, daripada orang yang bilang ""ya elah gitu doang"".",Curhat Ringan,0.064338387364491,0.1322902571071278,[],Tidak ada kombinasi evidence pemicu urgensi
2056175891651445222,oreocheese99,"misalnya kamu lagi cerita nih stress bgt smpe masuk kategori depresi jd hrs ke psikiater, trs ada yg nyeletuk 'makanya sholat  biar tau salahnya apa'
kamu bete gaa??",Curhat Ringan,0.06423412110177648,0.1321169235038035,[],Tidak ada kombinasi evidence pemicu urgensi
2050371699540185223,fndltm_24,@delosnight @sukamendoanm bunuh diri emang ngga menular tapi konten2nya bisa menular. makanya jaman skrg baik tv/media klo bikin konten berita bundir selalu kasih disclaimer biar kontennya ngga dijadiin alat validasi untuk membenarkan niat bundir https://t.co/SqFUjbL0pS,Curhat Ringan,0.06389288155326517,0.13154780426711749,[],Tidak ada kombinasi evidence pemicu urgensi
2054548426025783767,LimaWaluSara,"Depresi itu nyata dan sering kali tersembunyi dengan rapi.

Ini 9 tanda depresi yang wajib kamu ketahui untuk menjaga kesehatan mentalmu.

Jangan tunggu sampai terlambat untuk peduli.

Tonton video lengkapnya di sini 👇 https://t.co/tdCRSg7pPW",Curhat Ringan,0.06385162698536345,0.13147880814292215,[],Tidak ada kombinasi evidence pemicu urgensi
2057018234264793125,pawiff,"@myshawti @scroopnoopers Tandain siapa yg pertama punya usul menghentikan MGB, Gaess. 
Nanti tiba2 ada berita ditemukan meninggal karena dugaan bundir yg janggal",Curhat Ringan,0.06368565616982347,0.1312008101831783,[],Tidak ada kombinasi evidence pemicu urgensi
2056653112442851723,DikaAlmahdi2,"@admairs Dari yang gua tangkep, selama ngikutin Tiara tuh, waktu sebelum alshad viral karena ketahuan selingkuh. terus liat Tiara podcast sama kak Sarah, kemungkinan dia depresi, depresi itu mempengaruhi vokal juga, bisa melemahkan otot di area tenggorokan atau lainnya.",Curhat Ringan,0.06365570192271564,0.13115056547703166,[],Tidak ada kombinasi evidence pemicu urgensi
2053817708949778843,neVerAl0nely___,"Pedagang ngamuk dan merusak dagangan sendiri, diduga karena depresi

Jakartaa - Sebuah momen merekam seorang pria yang tengah mengamuk hingga menghancurkan barang dagangannya. 

Kejadian yang terjadi di depan SMPN 182, Kalibata, Jakarta Selatan ini sontak menuai sorotan dari https://t.co/B2IjFAE30T",Curhat Ringan,0.06360837688979673,0.13107113840453552,['Tekanan Emosional'],Tidak ada kombinasi evidence pemicu urgensi
2048600142073438336,CakD3pp,"Ada yang kreatif merancang pelindung jembatan dari peristiwa bundir, ada yang latah meniru perilaku penyiraman air keras seperti yang terjadi pada mas andrie yunus, emang kalian pada sakit apa sih ?
Senin sarapa pagii Chromebook https://t.co/nY92NhQupi",Curhat Ringan,0.06349943439174395,0.13088808727986884,[],Tidak ada kombinasi evidence pemicu urgensi
2059988955895136739,SUNSETW1TCH,"@18fesss Pernah considered ngga kemungkinan dia depresi, punya self low-esteem akhirnya menjadikan dia stop peduli dengan penampilannya? Ini pov aku yang dulu insecurean parah dan depresi, ketika seseorang ngasih aku saran (padahal niat org lain mungkin baik) aku merasa ketriggered dan",Curhat Ringan,0.0634419613598529,0.13079139996658673,[],Tidak ada kombinasi evidence pemicu urgensi
2058154388003471369,yayaa_ia,"HAH? GIMANA?!
Blm tau aja u, bnyk org brhnti ntn ALSFI pas Akhee lenyap. Krna karakter akhee sebagai alter ego-nya lebih kuat dri tokoh utama yg depresi. Pdhl yg main ttp jihoon. Org2 jg kebaperan sma Akhee krn dia tengil + bucin bgt. Dialog akhee yg ""Na? Ne nam-ja"" aja viral bgt https://t.co/oewGnq8aZC",Curhat Ringan,0.06332144544347826,0.1305883897073341,[],Tidak ada kombinasi evidence pemicu urgensi
2048185913537450443,ri_gerimissenja,"diisi perempuan (misal kesehatan dan pendidikan) tidak membuat para perempuan lelah. Kerja tapi masih bisa ngurus rumah dan ngurus anak dan bergaji tinggi 😂

Gak ada lagi anak dg tekanan mental. Semuanya sehat lahir batin, fisik bagus, akal cerdas, jiwa kuat

Aamiinkan guys",Curhat Ringan,0.06321153561219421,0.1304029311646115,['Tekanan Emosional'],Tidak ada kombinasi evidence pemicu urgensi
2059218028194369863,K0VEH,"rata-rata skor utbk 565 dan rata-rata rapor 88, ini kalau masih nekat ambil mandiri fk bundir ya? 😔",Curhat Ringan,0.06315060571016919,0.13029999028552663,[],Tidak ada kombinasi evidence pemicu urgensi
2058037251511382221,tmydta,@rchlgrtl Setuju. Kok masih banyak yang merasa hebat kerja di lingkungan toxic dan di pamerkan malah. Serasa mental paling tangguh sedunia alias cuma ditolol2in sama otak kapitalis.,Curhat Ringan,0.06312082306995045,0.13024963890061234,[],Tidak ada kombinasi evidence pemicu urgensi
2051182306619166914,naniadalahapa,"@mudahtertawa_ 12 thn loh anjir... gimana ga depresi digituin.. bgst.. sudah terlalu byk korban di negara kita, 
Apa salahnya hukum kebiri diterapkan bg pelaku, korban akan menderita seumur hidupnya... 
Maka sudah selayaknya pelaku jg meresakan penderitaan seumur hidup yaitu kebiri",Curhat Ringan,0.06310265054859557,0.13021890502987488,[],Tidak ada kombinasi evidence pemicu urgensi
2050481998800548175,maleISP,@lukasrucka Těch pár mozkových buněk u ni hlave musí desne trpět depresi z te desne prázdnoty ve které se nachází 🤣,Curhat Ringan,0.06284092614159799,0.12977535142139954,[],Tidak ada kombinasi evidence pemicu urgensi
2058881793663909938,ohmysyaaz,yg mau bundir buat gc plis,Curhat Ringan,0.06278446186969594,0.12967943345958538,[],Tidak ada kombinasi evidence pemicu urgensi
2047825648832692686,PutraSyailndr4,"@creepyroom Mirip MLM rekrut memmber, dia pikir akan dikenang dan diziarahi sperti sbelumnya.
Sudah Stop ngasih selebrasi untuk korban2 Bundir!, karena ini akan menjadi insgurasi dan motivasi.
Orang dg kondisi psikis yg rusak mudah sekali ikut arus, baik arus yg baik ataupun buruk.",Curhat Ringan,0.06276030381748346,0.12963837069092377,[],Tidak ada kombinasi evidence pemicu urgensi
2051855074318803038,bbyrich14,"inflasi naik, gaji ganaik2. 
adulting? dengan kesadaran penuh masih beli kopi Rp35rb 3x sehari biar ga depresi.",Curhat Ringan,0.06262982224354358,0.1294163287137494,[],Tidak ada kombinasi evidence pemicu urgensi
2059388096660283750,Beommjin,@315page Gokil. Simulasi mengenal depresi,Curhat Ringan,0.06255564937910177,0.1292899153900869,[],Tidak ada kombinasi evidence pemicu urgensi
2048070630193697240,Nai_Pev,"@_mabskuy @arman_dhani Mungkin lupa atau belum tahu Nabi Muhammad, Nabi Yaqub, Nabi Yunus pernah juga mengalami depresi karena kesedihan mendalam.",Curhat Ringan,0.06239024950107736,0.12900751869786872,['Tekanan Emosional'],Tidak ada kombinasi evidence pemicu urgensi
2048540760786756031,kamarlintang,"Rina Nose &amp; Sara Wijayanto curhat kena mental abis menjalani operasi hidung, 

Sara bilang, ""Aku kena mental tahu."" Rina pun mengakui merasakan hal yang sama.

Rina nyahut, ""Sama, itu aku cari, ternyata istilahnya dia post-op blues (depresi pasca operasi), kayak baby blues",Curhat Ringan,0.062255792768124554,0.12877743758938529,[],Tidak ada kombinasi evidence pemicu urgensi
2049442100320874550,blank0429,"@lockstock27 Disindir pimpinan tertinggi = depresi?

Salah analisa 😂",Curhat Ringan,0.06208549092550197,0.12848535180091858,[],Tidak ada kombinasi evidence pemicu urgensi
2048374078206353773,wasleee,"@epicmnw Akibat banyak yang respect sama bundir di jembatan, jadi ada yg terinspirasi bundir juga, di parodikan aja udah buat hiburan 😄, di ig malah ada yg parodiin lagi berak 😄.",Curhat Ringan,0.06183305287323981,0.12805101424455645,[],Tidak ada kombinasi evidence pemicu urgensi
2057485824292442455,mimadaun_,"Kata gue ya, kalo aja tu mendiang ga bundir, dia juga bakal di rujak habis kok sama kalian2 ini wakwakwak. Ga usah sok women support women.

Lo boleh bela dan support women, tapi women yg tepat anj, jangan yg kek seron 😭",Curhat Ringan,0.06170425942155753,0.12782877751372076,[],Tidak ada kombinasi evidence pemicu urgensi
2051134756231008495,ttorroo,"@WatchmenID gimana ga misuh2 tiap hari.
punya tetangga cuma 2. yg satu bloon yg satu berisik bgt.

ditempat kerja juga ketemu si tetangga berisik itu. 

kerja full time, boss pelit nauzubillah, melayani pelanggan yg berbagai macam sifat

satu satunya pelarian dia cuma art. dan itu pun ga ada",Tidak Relevan,0.061596286117715816,0.12764213234186172,[],R0: Tidak ada sinyal kesehatan mental (anchor & evidence kosong)
2048380749548790265,zivonlyy51997,"@reyiisen Bundir di bilang fomo lucu bgt, these mf should shut the fuck up and learn abt basic empathy",Curhat Ringan,0.061594032333921286,0.1276382331425945,[],Tidak ada kombinasi evidence pemicu urgensi
2050774686292922644,sherinuull,"@MyBeeYoongi @KemenkesRI ini lebih baik lagi sih kak kalau lingkungan mendukung dan bikin nyaman. sayangnya sekarang tuh kebanyakan udah lingkungan toxic, tenaga fisik dikuras, tambah gaji seuprit 😭 lengkap sudah penderitaan.",Tidak Relevan,0.06150900157550036,0.1274910266652252,[],R0: Tidak ada sinyal kesehatan mental (anchor & evidence kosong)
2049009815159177573,siemprerosso,Minimal “ini ya 10 juta buat treatment depresi + membership gym”. Badan atletis mental health aman,Curhat Ringan,0.061463519555241784,0.1274122094566172,[],Tidak ada kombinasi evidence pemicu urgensi
2056641567725613444,fanofaksara,"status budak korporat, tapi banyakan di lapangan. ini aja alhamdulillah ada driver kantor, biasa mah nge-grab. kalo sering full time di kantor tuh puyeng, kayak sesak napas.

pernah kerja di salah satu anak perusahaan grup besar di indonesia, bener-bener full time di kantor, aduh https://t.co/cR07V6N9HS",Tidak Relevan,0.06132324032529991,0.12716877144394498,[],R0: Tidak ada sinyal kesehatan mental (anchor & evidence kosong)
2057765898916917258,gulakotak69,"@infodrakor_id Kayaknya krn g ada tawaran kalo yg cowok itu, keliatan banget ada masalah mental jg. Depresi.",Curhat Ringan,0.061162921941502975,0.1268899196928198,[],Tidak ada kombinasi evidence pemicu urgensi
2059670053252132948,Lambe_Iler,"Mendengar sosok ACERBI saat pertama kali bergabung dengan INTER? Siapa yang merasa skeptis bahwa itu adalah blunder transfer dan sebuah kebodohan Inter.

Tapi....

Acerbi adalah bukti kalau hidup bisa menghancurkan seseorang, tapi juga bisa membentuk petarung yang lebih kuat. https://t.co/wKKDFC93qb",Curhat Ringan,0.060725490050510124,0.12612557655031031,['Tekanan Emosional'],Tidak ada kombinasi evidence pemicu urgensi
2047717901587931155,SoundOfYogi,"@aera_ry Nope, Dia tidak mampu berpikir jernih karena keadaan klinis depresi, bukan salah dia sama sekali

Elu udah jahat judge dia sebagai orang yang menyia2kan hidup

Sekali2 buka buku, biar belajar",Curhat Ringan,0.060678022950862574,0.12604232583985187,[],Tidak ada kombinasi evidence pemicu urgensi
2057673178491883743,mrsyasni,"@wandadesigning Kak ini bener bangettt. Belum lagi kalau kondisi ibu hamil yg ga umum, yg demen bener bolak-balik opname :(
Ga faktor luar aja yg bikin depresi, even fisik sendiri yg ga kondusif aja bikin stres berat 😢",Curhat Ringan,0.060622186619316815,0.12594431864492822,[],Tidak ada kombinasi evidence pemicu urgensi
2060207575740924371,rinnegan85,"@sosmedkeras Nenek pny cucu si G, si G ini hamil d luar nikah, lahir si A.
G depresi krn gk pny suami, pacarnya gk tg jwb.
G hrs k psikiater, minum obat depresan rutin.
Pdh hari itu mgkn A lebih aktif, gk bisa diem, si G jengkel, lalu terjadi penganiayaan. 
G sadar, nyesel, percobaan bundir.",Curhat Ringan,0.060294407727411466,0.125367273209673,[],Tidak ada kombinasi evidence pemicu urgensi
2051147382038110346,Rakhmad0406,"@NataliusPigai2 Sungguh SIAL &amp; MENGENASKAN Rakyat Negri ini....!!!
Ada Rakyat disiksa APH, menterinya diam,
Ada Rakyat digusur paksa, menterinya tiarap,
Ada Rakyat bundir krn tekanan ekonomi, menterinya bisu....!!!
Giliran Pejabat yg disenggol dianggap melanggar HAM...!!!",Curhat Ringan,0.060258086681407974,0.1253031504876686,[],Tidak ada kombinasi evidence pemicu urgensi
2047639614832427125,SandityaFirman,@thesupermik @andremcfc10 @MCSCIndonesia @MCSCI_Bandung @MCSCI_JKT @MCSCI_JOGJA @MCSCI_Tangerang @MCSCI_Depok @MCSCI_Semarang Setan emang tuh si andre. Nyuruh orang bundir. Ngatain janda dan lonte ke perempuan2 yang gak salah apa2. Udah kelewatan stigmatisasi online ke arsenal fans. Jadi mancing orang stress kayak si andre ini. Takutnya keterusan aja sampe ke real life.,Curhat Ringan,0.06022399022706307,0.12524292222929723,[],Tidak ada kombinasi evidence pemicu urgensi
2059334505392214054,keoszh,wondering gimana ya caranya ngedesain rencana promosi karya ketika lagi depresi awur-awuran gini,Curhat Ringan,0.05983498168620202,0.12455350566994061,[],Tidak ada kombinasi evidence pemicu urgensi
2054878873821884477,yudoyudo10,"Ada temen, tiap saat ngeluh stress, depresi, ga bahagia sm suaminya, bolak balik pingin cerai. Tapi anaknya 3, dan sekarang lagi hamil lagi",Curhat Ringan,0.05983292340708538,0.12454984675754201,[],Tidak ada kombinasi evidence pemicu urgensi
2047638043834953872,717_map,@IDGoonerscom Meski bercanda atau sekedar banter pun tetep keterlaluan kalo sampe nyebut2 bundir. Atau emang merekanya aja yg aslinya punya masalah mental terus ngelampiasinnya ke orang lain?,Curhat Ringan,0.05961723193084835,0.12416576661846855,[],Tidak ada kombinasi evidence pemicu urgensi
2049441520009490515,U_dangkeju,"Jd yh menurut gw emg aneh org2 yg judgemental sm org bundir, mereka g pernah ngerasain ada di sepatu org tsb tp seolah2 paling tau hdh. Kek lu g tau masalah apa yg nimpa org tsb sampe dia berpikir mati adalah satu2nya solusi",Curhat Ringan,0.05955992381279709,0.12406349967826497,[],Tidak ada kombinasi evidence pemicu urgensi
2052182796031218041,UMonline,"The Mentalist: Inovasi AI penyelidik Uniten tangani tekanan mental

https://t.co/87Al7eY6p6",Curhat Ringan,0.05948079879359196,0.12392214866298619,[],Tidak ada kombinasi evidence pemicu urgensi
2055980553015533956,cunthyeonn,"payola payola, dikata kita juga kaga depresi gegara error apa ya oon",Curhat Ringan,0.0593934862442815,0.12376596665743626,[],Tidak ada kombinasi evidence pemicu urgensi
2052368773907456183,juukyuuban,"@nikiritsu Kayaknya dr list seiyuu pria yg ketauan selingkuh yg paling ""apes"" cuma Tatsuhisa krn istri dia itu Lisa.  

Sampe depresi, oldcodex bubar dan hiatus lama. 
mulai balik 2-3 tahun ini dan list role dia ga semasif sebelum kasusnya ketauan",Curhat Ringan,0.05934952303199058,0.12368724517750018,[],Tidak ada kombinasi evidence pemicu urgensi
2049206499051020303,PutriNovela9,"@infomitigasi 1. anda bukan psikolog ini diluar kemampuan anda untk mengomentari mslh mental seseorang.
2. Allah melarang hambanya menghakimi dosa org lain.
3. bunuh diri memang dosa tp anda bukan penyitas dan bukan org depresi yg pham perasaan korban.
4. agama mengakui ada isu mental",Curhat Ringan,0.059278638046506,0.12356020185080442,[],Tidak ada kombinasi evidence pemicu urgensi
2050491343638765757,SeputarMadrid,"Setelah dikulik ternyata ada dugaan Higuain depresi sejak sang ibu, Nancy, meninggal tahun 2021 lalu setelah berjuang melawan kanker.

Semoga kehidupanmu saat ini jauh lebih baik, Pipita.

Selamanya bersyukur buat waktu yang dia dedikasikan di Madrid. https://t.co/nWwQ0N1hc7",Curhat Ringan,0.05924516367206335,0.12350015805074664,[],Tidak ada kombinasi evidence pemicu urgensi
2052680917538488479,DeniDeDongo,"@gagahmei Buat yang nanya :
""Kenapa sih obat batuk aja musti pake zat turunan Morfin (DXM) ?""

Karena obat ini sebenernya harusnya khusus untuk Batuk Kering aja.
Batuk Bangkong kalo kata boomer dulu.

""Emang apa bedanya ama Batuk Berdahak"" ?

Jadi Batuk adalah Reflek tubuh untuk",Tidak Relevan,0.05916850390817871,0.12336253171617334,[],R0: Tidak ada sinyal kesehatan mental (anchor & evidence kosong)
2049207067945353311,PutriNovela9,"@infomitigasi 5. Allah nyuruh hambanya bkn menghakimi tp merangkul org yg depresi.
6. Allah menyuruh kita untk peduli sesama umat mski dia pendosa dimata org skli pun.
7. mati normal krn sakit ttp butuh bantuan manusia lain. 
8. intinya MATI YA BUTUH ORANG LAIN . ya kali bs ngubur badan sndiri",Curhat Ringan,0.059023836657131595,0.1231023565386281,[],Tidak ada kombinasi evidence pemicu urgensi
2051586695842447791,sheisshaka,"@iteramfs Gapunya otak anjing nih adm ig
Klo masih goblok bersosial media jangan jdi adm beginian lahh
Kesannya jdi menormalisasi korban bully tuh harus bundir? Klo korban bca gimana? Jdi lu reply emg karena punya empati atau takut ngeliat org bundir aja? Formalitas doang lu kesannya",Curhat Ringan,0.05894341476420337,0.12295746410434896,[],Tidak ada kombinasi evidence pemicu urgensi
2057770076355367345,glorykingemyu,"@secretzzdx udah gaji ga seberapa, lingkungan toxic pula. kombo yang paling mantap",Tidak Relevan,0.05894096913916564,0.12295305503137184,[],R0: Tidak ada sinyal kesehatan mental (anchor & evidence kosong)
2060566184811258163,akuntwiter968,"@Hiugundul Setuju masbro, bundir gak nyelesaian mslh, malah jd mslh yg lbh besar dlm konteks islam ya 😔",Curhat Ringan,0.05893953599037851,0.12295047121235368,[],Tidak ada kombinasi evidence pemicu urgensi
2050228809937658360,pimpimpouu,@anisltva @mudahtertawa_ komen kyk gini yg bikin korban rape milih buat bundir daripada speakup,Curhat Ringan,0.05886688254264473,0.12281940732941483,[],Tidak ada kombinasi evidence pemicu urgensi
2056589992588386552,sxyakult,@karirfess Harusnya diterapinbke seluruh indo biar engga pada bundir gara gara terlilit pinjol,Curhat Ringan,0.05874519204680854,0.12259954250220097,[],Tidak ada kombinasi evidence pemicu urgensi
2047587055564378496,kalistohenituse,@sibambaang Itu dulu sebenarnya banyak yg jualan. Semenjak dilarang pemerintah setempat malah jadi tempat bundir,Curhat Ringan,0.058739374497066434,0.12258902092774711,[],Tidak ada kombinasi evidence pemicu urgensi
2052996563967107189,SyahidUnne2169,@DokterTifa @ListyoSigitP Oh dia kurus bukan karena kekurangan makan tapi lebih pada tekanan mental balas budi terhadap junjungannya yg besarkan dia selama ini. Sampai2 teman dekat waktu di sekolahan dulu nyaris dia lupakan. Begitulah kira2 kalau orang terlanjur tersandera.,Curhat Ringan,0.05860856167503646,0.12235217552744981,[],Tidak ada kombinasi evidence pemicu urgensi
2050198261638565997,SDofkova,"Květen. Začíná tříměsíční období, kdy nejsem v depresi buď z toho, že je kosa a tma, nebo že končí léto a nastane kosa a tma.",Curhat Ringan,0.05855036532227013,0.12224664776162668,[],Tidak ada kombinasi evidence pemicu urgensi
2058034572647149738,hansdavidian,Orang susah di Wakanda ini berkurang karena pada meninggal dunia gara2 kelaparan &amp; depresi.,Curhat Ringan,0.05853767714556397,0.12222362716089596,[],Tidak ada kombinasi evidence pemicu urgensi
2047707498384363963,budhi_fahlevi,"@ByakuyaSho @JalanArsenal Yang asik itu yang gimana cil? Nyuruh bundir, nyela janda, ee kucing, king_kingan ? Perkara si Benhan bikin analisis, kenapa malah jadi banyak yang kejang2 lu pada? Balas lah pake kontra analisis biar seimbang.",Curhat Ringan,0.05847213072247963,0.1221046294226791,[],Tidak ada kombinasi evidence pemicu urgensi
2050786334449824171,mhuseinali,"Kenapa Iroh bisa liat Roku?

Pasca anaknya meninggal saat pengepungan Ba Sing Se, Iroh depresi dan tidak bisa firebending. Ia kehilangan desire-nya.

Karena ini juga dia jadi gak mau melawan ketika ada konspirasi Ozai yang naik tahta sepeninggalan Azulon. Padahal Iroh putra https://t.co/XyhoB5mram",Curhat Ringan,0.05839690490415923,0.12196790472124562,[],Tidak ada kombinasi evidence pemicu urgensi
2059425604915876063,na1onab,"@KoleksiKoreksi @315page Setuju sih, sdh banyak banget berita anak kecil yg melakukan s word.. Dan ini salah satu video yg saya tonton, bahkan masalah depresi ini masih di anggap tabu oleh sebagian keluarga besar sehingga sering kali di tutup²i.. 
https://t.co/PeYEZyJBXD",Curhat Ringan,0.05801965540964507,0.12127974307672544,[],Tidak ada kombinasi evidence pemicu urgensi
2053054485883425013,gloomyskies98,"Girl to girl

Jangan bertahan di lingkungan toxic😇✨",Tidak Relevan,0.05787371434947452,0.1210123971104622,[],R0: Tidak ada sinyal kesehatan mental (anchor & evidence kosong)
2051219736680337914,Cianotcya,"@llynaissance @iteramfs dia kayaknya emg gamau salah aja itu. bukan menyuruh untuk aneh aneh, padahal udah jelas kan kesan pernyataan dia itu bukan membela malah sarkasss ke kamu nder. mana ada membela pake embel embel bundir",Curhat Ringan,0.057868263011296994,0.12100239867965382,[],Tidak ada kombinasi evidence pemicu urgensi
2060317656620953686,orangterbejo,"@poetsybade lalu pemerintah bingung kenapa angka kelahiran turun, angka pernikahan turun, daya beli turun, qurban turun, bundir naik",Curhat Ringan,0.057819989594758266,0.12091382064602592,[],Tidak ada kombinasi evidence pemicu urgensi
2051898469384958262,tribunnews,"Trauma hingga Depresi di Nusakambangan, Ammar Zoni Disebut Alami Gangguan Psikis
https://t.co/7WYTcC0RB9",Curhat Ringan,0.05774882666256315,0.12078311542669933,[],Tidak ada kombinasi evidence pemicu urgensi
2059536520944701453,modalife_gp,@necrosamus bundir dilarang agama kali. taude 🤷‍♀️,Curhat Ringan,0.057543324690578795,0.12040481865406037,[],Tidak ada kombinasi evidence pemicu urgensi
2052082960753721778,lailafia94,"@perfedc Bener banget lagi😔, iya sih didunia juga pahalanya mungkin ga banyak"" Amat, tapi setidaknya masih ada kesempatan masuk surga, kalau bundir, hilang dah kesempatan healing di surganya😭😭",Curhat Ringan,0.05750240732310886,0.12032934482858489,[],Tidak ada kombinasi evidence pemicu urgensi
2053314524065955978,parasetamol3x1,indikator keberhasilan ngobrol sm orgtua kl depresi ≠ kurang iman tu pas mereka denger berita org depresi “teh nih berarti hormon saraf di otaknya lg gaseimbang ya?” 🥹🥹 bangga bgt gwej no more org kolot judgers mania ntuh,Curhat Ringan,0.05748786939209204,0.12030251685417061,[],Tidak ada kombinasi evidence pemicu urgensi
2048409346191843386,santuy_ajaaaa,"@karirfess Gaji dan lingkungan 🤣

Udah pernah merasakan gaji mini dan lingkungan toxic, ketambahan ga ada jenjang karir, lembur ga ngotak, dan ambil cuti seperti narapidana",Tidak Relevan,0.057413713259617714,0.12016557157039642,[],R0: Tidak ada sinyal kesehatan mental (anchor & evidence kosong)
2056385962746515825,tb_siswadi,"Delayed ejaculation
Ini kebalikannya.
Sudah ereksi, gairah ada, hubungan bisa lama… tapi sulit mencapai orgasme atau ejakulasi.
Kadang sampai capek dua-duanya.
Penyebabnya bisa: 
• efek obat tertentu (terutama antidepresan)
• diabetes/gangguan saraf
• terlalu terbiasa",Curhat Ringan,0.05722538044640105,0.11981702636588705,['Tekanan Emosional'],Tidak ada kombinasi evidence pemicu urgensi
2056115549701279748,nyxisthenight,"@bibimguksue intinya kakaknya udh depresi berat sampe halusinasi &amp; candu ke alkohol
beneran sayang banget, drama dengan plot segini kompleksnya dibebanin ke 12 eps
sutrada, kru, penulis naskah ama cast nya pasti bingung bgt mo dipadetin smp mana, semua salah MBC 😤",Curhat Ringan,0.057009373136285076,0.11941593524181483,[],Tidak ada kombinasi evidence pemicu urgensi
2050193845254779270,noerriel31,"Ini teori 6 tahapan berduka (6 stage of grief) :
1. Denial
2. Anger
3. Bargaining
4. Depresi
5. Acceptance
6. Finding Mining

Aqee ada di posisi mana sekarang? Menurutku dia ada di posisi 'Acceptance' =&gt; mencoba utk menerima. https://t.co/X4bjNBYOai",Curhat Ringan,0.05697941773947978,0.11936020015767128,[],Tidak ada kombinasi evidence pemicu urgensi
2048346819223306531,asuma471,"@CorpusAlienumm Wahh, thanks a lot mas sharing nya. 

Kebetulan kakakku juga gejala Depresi, kadang kumat lebih ke emosi yg naik turun, cuman emg beliau orangnya gk terbuka sama org lain. Dan ini yg kadang bikin bingung ngadelinnya gmana.",Curhat Ringan,0.05671862854375644,0.11887380853295326,['Tekanan Emosional'],Tidak ada kombinasi evidence pemicu urgensi
2048074930303230018,yuanst,"@namazu_sensei sempet liat media luar yg narasiin bunuh diri sebagai ""meninggal karena depresi"" ini sebenernya lebih bagus, jd orang ngeliatnya fokus ke fenomena depresinya",Curhat Ringan,0.056626988731155965,0.1187023941766132,[],Tidak ada kombinasi evidence pemicu urgensi
2060496643557134642,akuntwiter968,@DermagaGarely Biasanya tekanan ekonomi bikin org depresi tp gak seharusnya bundir yg dlm konteks agama dilarang,Curhat Ringan,0.056468430901013604,0.11840519130681501,[],Tidak ada kombinasi evidence pemicu urgensi
2048584048591917529,subiith,"@papedahottie @somexrecom @MR_gustara empati empati kocak lo, orang bundir ngapain empati, kalo orang kaya gitu di kasih empati yang ada malah banyak kasus bundir bundir lainnya, bundir ga keren",Curhat Ringan,0.05600624226365945,0.11753435999606596,[],Tidak ada kombinasi evidence pemicu urgensi
2058822625489776972,uzhiefreedom,"@hunnipoffie kadang yg gak ngerti orang belum tentu mahir gambar karater yg baru pertama digambar, aku seeibg ngalamin jd energi fokus ke inget desain karakter + fokus gambarnya, ditambah ada tekanan mental yg bikin gak bs out maksimal",Curhat Ringan,0.055746915270544845,0.11704278488953909,[],Tidak ada kombinasi evidence pemicu urgensi
2051158125756170603,_riverheaven,"@LexMarteg Tragis. Dia seorang @Puspen_TNI harusnya melindungi rakyat,  ini malah merusak masa depan anak 12 tahun hingga depresi. Mau dibiarkan saja oknum bejad begini?",Curhat Ringan,0.0557388171958864,0.1170273997228254,[],Tidak ada kombinasi evidence pemicu urgensi
2051225411561074868,muzadialfian88,"@utdfocusid 5 Stages of Grief (Lima Tahap Berduka) yaitu: Denial (penyangkalan), Anger (marah), Bargaining (tawar-menawar), Depression (depresi), dan Acceptance (penerimaan). Kita udah ditahap Acceptance (penerimaan) fi",Curhat Ringan,0.055547641233742805,0.11666358081680356,[],Tidak ada kombinasi evidence pemicu urgensi
2047581593087463712,bunbundy12,"@WidasSatyo Tapi memang ada fenomena yang namanya Werther Effect atau Copycat Suicide. Bundir beruntun di jembatan itu bisa jadi termasuk fenomena Copycat Suicide.
Saran untuk kita, kurang2in nyebarin berita ttg bundir apalagi menyertakan tempat, video, atau gambar.",Curhat Ringan,0.05549781951026044,0.11656857363202357,[],Tidak ada kombinasi evidence pemicu urgensi
2059556153634459973,zxbingvh,"@xeevaa_ mendiang bundir juga krn keluarga nya ditipu, punya suami kdrt.. kl gatau kasusnya mending diem aja dah tolol.",Curhat Ringan,0.055175500966624505,0.11595198367581223,[],Tidak ada kombinasi evidence pemicu urgensi
2056230814795661388,Sasmi86983078,"Masih lebih enak hidup menderita di Jepang daripada hidup menderita sebagai WNI 😬

Bedanya Wni untung msh pada bnyk yg takut neraka jd g sebanyak Jepang yg bundir.... 😔",Curhat Ringan,0.055109010456836534,0.11582436660925548,[],Tidak ada kombinasi evidence pemicu urgensi
2057485241502274039,caththth13,"@_UnitedInside @arman_dhani iya makanya kl ga mau lingkungan toxic ya harus siap bayar utk makanan yg ga 100%. tuntutan dr customer itu yg bikin dapur perfectionist, rasa beda dikit aja pada ngeluh “rasanya dah ga kayak dulu”",Tidak Relevan,0.055105835799782024,0.11581826977657549,[],R0: Tidak ada sinyal kesehatan mental (anchor & evidence kosong)
2054316853858877809,starry_moonbin,@worksfess Capek nder. Semua capek. Yg kerja jg capek. Gonta ganti jobdesk. Suruh perbantuan ini itu. Masih dinilai kerjanya sepele pdhal handel bny jobdesk. Politik kantor. Lingkungan toxic. Manager asing asu. Haaaarrrggghhhh!!! Bisa ga sih yg normal2 ajaaa??!?!?!!!,Curhat Ringan,0.054858127909210005,0.11534153146274163,['Tekanan Emosional'],Tidak ada kombinasi evidence pemicu urgensi
2053590405963481092,dii_md,"@baseconvo Obatnya bukan bikin gendut, tp itu meregulasi kadar zat yg berpengaruh di kita karena klo stress or depresi kan ga seimbang. Nah dibantu obat, jd better, nafsu makan nambah, gitu. Paling kendaliin di cemal cemil. Ajak suami nemuin dokter jg, biar dia jg tau kondisimu kek mana.",Curhat Ringan,0.05475954569837075,0.11515123600309546,[],Tidak ada kombinasi evidence pemicu urgensi
2051523018564698246,VlastimilChejn1,@PeulnaMarkvart1 Moderátorka pitomá jako vantrok a Evička uklízečka na ministerstvu spravedlnosti v depresi! https://t.co/3kMRrxUdRy,Curhat Ringan,0.05459293507729419,0.11482888889132124,[],Tidak ada kombinasi evidence pemicu urgensi
2048402134434279424,GraciaLaudya,@reyiisen mereka kenapa ya kaya ga ada empati gitu untuk org yg bundir aside from our religion belief secara moral mereka ini sakit kayaknya mikirin bundir itu fomo 😐,Curhat Ringan,0.05457611305695413,0.1147962912691362,[],Tidak ada kombinasi evidence pemicu urgensi
2047798777432703422,hashimoto_seira,"@blueescnry Ya gimana ya
Org mati aja masih dibercandain
Apalagi yg masih hidup
Berkeluh kesah dianggap lebay
Mengakhiri hidup di judge masuk neraka
Padahal klo seseorang sampai bundir karena omongan mereka
Bukankah mereka jg secara tak langsung telah membunuhnya? 
Nirempati dianggap normal",Curhat Ringan,0.05448397423087724,0.11461757701454742,[],Tidak ada kombinasi evidence pemicu urgensi
2050508648892482040,TaliUdeng,@FirzaHusain Biasanya ini ular memang mau bundir.. mgkin sdah tua..,Curhat Ringan,0.054470744579654735,0.11459189314733853,[],Tidak ada kombinasi evidence pemicu urgensi
2052330277201129940,laprakholic,"@urfrenemies NAH INI JIR, knp jadi kmren marah bahas z keluar krn lingkungan toxic? pdhl topik itu udh minggu2 lalu, yg bikin org mogok nonton dan sepakat buat turunin share kan ini+live sctv+narasi infotainment itu",Tidak Relevan,0.05421826172930516,0.11410059621839813,[],R0: Tidak ada sinyal kesehatan mental (anchor & evidence kosong)
2048070564074684457,wildanfird15,"@ridhataq @arman_dhani Ya itu dia jawab daripada bahas masuk neraka nggak nya bahas yg masih hidup cara bantu orang yg hilang harapan gimana. Malah lu tanya lagi yg bundir masuk neraka kaga, itumah urusan Allah yg tau, mau dibahas gimanapun gimana caranya kita tau? yg nentuin kan Allah yg tau Allah.",Curhat Ringan,0.05402850876367256,0.11372994148369991,[],Tidak ada kombinasi evidence pemicu urgensi
2048065241242902803,_mabskuy,"@arman_dhani Bahkan di komen itu ada yg bilang disuruh ibadah, inget punya Tuhan/Allah.
Gmana ya, sekelas beneran nabi aja bisa depresi, itu dah kurang rajin ibadah apa coba. I mean, org depresi ga selamanya cuma ibadah trus slesai, dia butuh di dengerin, butuh dibantu kocak",Curhat Ringan,0.053947714756356506,0.11357174949212509,[],Tidak ada kombinasi evidence pemicu urgensi
2060156377662963826,Gus_Inud,@sabethhh_ @lunaluvguds ntr kalo depresi pasti nyebut tuhan kok. fitrahnya manusia itu percaya tuhan yg gak percaya itu cuma males ibadah aja,Curhat Ringan,0.05389369617172619,0.11346585822827888,[],Tidak ada kombinasi evidence pemicu urgensi
2047927486542213493,Jeonnielle,"@rizalakbarm_ @mediterariaa_ Alih² mengakhiri hidup dengan bundir, cobalah buka dan viralkan kasus korupsi pejabat daerah atau pusat dan sertakan identitas, niscaya akan mati dengan sendirinya di tangan para jongos pemerintah.",Curhat Ringan,0.05385076067856987,0.11338162145041154,[],Tidak ada kombinasi evidence pemicu urgensi
2051159504017129602,Ponyin,"Namanya Asep.

Asep punya uang dingin, dia mau coba digandain di meme coin.

Asep gak baca dan gak belajar.
Asep sembarangan beli coin yang dishill sama kol yang menurut mereka bagus karena call nya hit rata-rata (share pnl phanes)

Suatu hari Asep all in di coin yang kol itu",Tidak Relevan,0.05367436250108335,0.11303487311710012,[],R0: Tidak ada sinyal kesehatan mental (anchor & evidence kosong)
2056317563953643857,CyanideAcid_,"@tanyakanrl Pernah suatu ketika ada umat yang datang (cmiiw) ke Sayyidina Umar. Dia mau menikahkan anak perempuannya yg dulu pernah mencoba bundir. Dia tanya ""Haruskah aku beritahu calon suaminya?""

Apa kata Sayyidina Umar?

""Apa kau mau membongkar aib yang sudah ditutupi oleh Allah?""",Curhat Ringan,0.0535707499000537,0.11283069894169317,[],Tidak ada kombinasi evidence pemicu urgensi
2048004863838278063,Qiqicampjamaica,"@ARaliana00 @princetampan_ @ardisatriawan padahal cuitan tsb diperuntukkan untuk orang yang hidup &amp; kamupun ketrigger dengan cuitan tsb, Karena kamu meyakini surga/neraka itu hak preogratif Allah &amp; tidak sepantasnya cuitan tsb muncul disetiap postingan tentang bundir.",Curhat Ringan,0.053544661062409474,0.11277923078247995,[],Tidak ada kombinasi evidence pemicu urgensi
2048439591938801886,nitakussumadewi,"@somexrecom fenomena opo jane bundir copot sandal, emange kerak neroko enek sekat shaf e ta",Curhat Ringan,0.05341498911466868,0.11252306189500925,[],Tidak ada kombinasi evidence pemicu urgensi
2048074010588774428,piqhipiqs,@oul_arc @namazu_sensei Silahkan ucap kalimat tersebut ke mereka... Gw tantang lu!! Apakah mereka punya privilege? Apakah mereka punya motor untuk menuju tempat bundir? Apakah mereka putus asa? Gak! Itulah pentingnya ilmu TAUHID dalam agama. https://t.co/D8BkbWysZS,Curhat Ringan,0.05338493841230287,0.1124636125383955,['Keputusasaan'],Tidak ada kombinasi evidence pemicu urgensi
2056913963762500095,theanung,"@RyuBoxd @Meta80ki Ora mati bundir kok diempati, bundir itu jelas dilarang disemua agama, dia sendiri aja gak menghargai hidupnya, ngapain kita empati sama org modelan gt? Bundir adalah tindakan terbodoh manusia yg tidak mensyukuri nikmati tuhan, &amp; sudah dipastikan org yg seperti itu ada di neraka.",Curhat Ringan,0.05332002527173368,0.11233508690740124,[],Tidak ada kombinasi evidence pemicu urgensi
2047724927873163754,Petko111526,"@l8explorer deti trpi depresema - nejspis jsou v depresi z faktu ze maji rodice debily 
🙃 https://t.co/thVolZ3c9z",Curhat Ringan,0.053262331757670346,0.112220731874307,[],Tidak ada kombinasi evidence pemicu urgensi
2050795948658627019,diedsowl,"tiap konser bts di negara lain, anxiety banget nungguin surprise songnya 😭",Tidak Relevan,0.05314521455768162,0.11198823244282695,[],R0: Tidak ada sinyal kesehatan mental (anchor & evidence kosong)
2053153649808003159,id_leggo,"@kutuairjet @Sr_Frgn27 Ya harusnya perbandingan seperti itu gak perlu, seinget gw kayaknya waktu masih era academy gak ada yg bandingin gen 7 di academy sama gen 8 di academy sampe berujung tekanan mental",Curhat Ringan,0.05311767224903203,0.11193348560482264,[],Tidak ada kombinasi evidence pemicu urgensi
2051568725221048754,dramacoKR,"Kelanjutan kasus Kook Dongho kemaren tuh si Dongho ama temen cewenya denied kalo mereka ngelakuin itu ke Lee Yurim.

Emang ya, biasanya tuh pelaku selalu lupa apa yang mereka lakuin ke korban dan korban akan selalu inget seumur hidup mereka 🥲 Reminder aja guys, gausah jauh2 di",Tidak Relevan,0.053036362838779536,0.11177170750769702,[],R0: Tidak ada sinyal kesehatan mental (anchor & evidence kosong)
2059210128507998221,wesmove,Banyak di antara kita sudah tidak nyaman di tempat kerja tapi tetap bertahan bukan karena gajinya tapi karena lingkungan toxic nya,Tidak Relevan,0.052997501241097984,0.11169430342587558,[],R0: Tidak ada sinyal kesehatan mental (anchor & evidence kosong)
2054820123207459263,xxelenophile,"#that fandom beneran isi nya orang stress semua. to be honest, udah di level gak akan kaget kalo tiba-tiba ada artikel isinya tentang seorang hatters ILLIT masuk rumah sakit jiwa akibat depresi liat ILLIT makin sukses😭",Curhat Ringan,0.0528811657115689,0.11146226694638078,[],Tidak ada kombinasi evidence pemicu urgensi
2053819099726348303,Syahrin9677,@_riverheaven Ya makanya banyak bundir dan  kejahatan terpaksa karena lingkungan kita banyak yg tidak punya belas kasihan dan hati sesama manusia...orang lebih banyak mementingkan diri sendiri ketimbang peduli sesama,Curhat Ringan,0.05276082510058036,0.11122173445694374,[],Tidak ada kombinasi evidence pemicu urgensi
2052112536930242587,userbekasi,"kalo cmn orang stop mau bundir grgr diomongin gt mulu, yang ada perasaan dia gak di validasi dan jd ketumpuk inside them. and one day, it could explode. people in that state are sensitive, makanya org ke psikolog for a reason, because they know how to deal with them.",Curhat Ringan,0.05262754315884003,0.11095472991918073,[],Tidak ada kombinasi evidence pemicu urgensi
2050868211164594464,AntoniusCDN,@AnakLolina2 @LexMarteg Indonesia darurat bundir,Curhat Ringan,0.05262128001690368,0.11094216722430605,[],Tidak ada kombinasi evidence pemicu urgensi
2048402102964441262,bismillahyuk_,"Guys.

Tandain ya. Catet usernamenya.

Kalo ada orang yang bundir karena dia terjerat pinjol. Salah satu orang yg harus bertanggung jawab adalah akun di bawah ini. Seret nama dia ke kantor polisi.

Capture dulu, biar ga dihapus reply-nya 🤗🤗 https://t.co/FkpSnhO1Fc",Curhat Ringan,0.052482629884102724,0.11066369861364365,[],Tidak ada kombinasi evidence pemicu urgensi
2057374334617018724,wandanieel_,@Hidupsebagai62 Itu bukan keriput.. itu bekas sayatan benda tajam yg dia sengaja buat ke kulitnya.. dibuat ketika lagi depresi atau sedang dalam keadaan tidak baik2 saja,Curhat Ringan,0.0522520508272491,0.11019905498533539,[],Tidak ada kombinasi evidence pemicu urgensi
2053007729015583018,hyeonbuvway,"babak ketiga berisi tekanan mental dan adegan yang mungkin mengganggu, di harapkan bijak dalam membaca",Curhat Ringan,0.05219873346007457,0.11009133855501811,[],Tidak ada kombinasi evidence pemicu urgensi
2050422658970640533,widi_septiaw,"@MiskinTV_ Orang2 gatau apa2 sama apa yg dirasain org lain, tapi main nyeplos aja, dikit2 professional help, bisa ngediagnosis org depresi, punya trauma, etc padahal gapunya jenjang psikiater. Cukup pahamin kalo manusia punya emosi, dan coping mechanism orang menghadapi sesuatu itu beda2",Curhat Ringan,0.052088440826860954,0.10986818531245895,[],Tidak ada kombinasi evidence pemicu urgensi
2047906082492997695,hklrst22,"@ardisatriawan Ga membenarkan penghakimannya. Tapi interpretasi asal utk kasus bundir ini juga salah

Gaperlu bawa bawa hadits juga utk sesuatu yg kita ga punya ilmunya. Bahaya dampaknya",Curhat Ringan,0.051957395066106006,0.10960246139403547,[],Tidak ada kombinasi evidence pemicu urgensi
2049117464999719318,lily_daisy_rose,"gw juga nggak setuju sama kalimat populer kayak 'ngapain bundir, mending makan mie ayam' atau 'ngapain ke psikolog, mending makan ice cream' menurut gue, suatu penyakit harus ditangani dengan cara yang memang tepat, oleh bantuan profesional bukan sekadar distraksi",Curhat Ringan,0.051951097161335835,0.10958967506885528,[],Tidak ada kombinasi evidence pemicu urgensi
2054797958907080970,j4f4rud1n,adam smith bakal bundir juga kalau model presidennya kaya gitu,Curhat Ringan,0.051861530329383954,0.10940767318913433,[],Tidak ada kombinasi evidence pemicu urgensi
2053638316805992881,ahacugemoy,@unmagnetism Plis dia Bundir karena judol bukan karena ceweknya pengen pernikahan mewah. Jangan giring opini dong.,Curhat Ringan,0.051839581140229844,0.10936302660089552,[],Tidak ada kombinasi evidence pemicu urgensi
2060559967053320530,BernamaTV,"#BuletinBernama : Mengabdikan diri kepada alam semula jadi kini dilihat sebagai pendekatan berkesan dalam menangani tekanan mental dan emosi.

#digitalbernamatv  #laporankhas #alamsemulajadi #terapi #tekanan #glamping https://t.co/uVsjBEfYD8",Curhat Ringan,0.05182164918223307,0.10932653815005765,[],Tidak ada kombinasi evidence pemicu urgensi
2049344204422406360,hasntrisenyet,"@infomitigasi Ini ""Info Mitigasi"" serius menghimbau ""jangan bundir"" se nir-empati ini?",Curhat Ringan,0.05148038251828201,0.10862983413266414,[],Tidak ada kombinasi evidence pemicu urgensi
2056194902703456751,TunggaliWine,@FirdaWati139138 semua akgae yg jelas parah lahh ka🤣 namnya juga akgae bahkan idol yg ga disuka disuruh bundir sama mereka..,Curhat Ringan,0.05140055770870075,0.10846623972509847,[],Tidak ada kombinasi evidence pemicu urgensi
2050776297744499122,RankerReturn66,"@theycallmee_G @myshawti Petugas nya goblok, pernah ada modelan manusia gini sih sok mau bantu malah nyusahin, pliss rekrutmen itu pake otak, nangani org ODGJ aja ada sop nya, ini org bundir nangani kek gtu",Curhat Ringan,0.051331694589285964,0.10832491722522361,[],Tidak ada kombinasi evidence pemicu urgensi
2059828174465413502,engkoldongs,"Umur 25 keatas otak sudah mulai menurun kualitasnya, jantung jg mulai lemah, ada solusinya moots 👇👇

Dengan telor moots, telur curah vs telur omega — mana yang lebih oke? 

Telur curah (telur biasa) itu ayamnya dikasih pakan standar: jagung, dedak, dll. Nutrisinya sudah bagus https://t.co/PbKq13O9jF",Tidak Relevan,0.05124625315465904,0.10814932282223845,[],R0: Tidak ada sinyal kesehatan mental (anchor & evidence kosong)
2049142681402855903,baddasswoman,"@RioRichocho Kenapa jadi nyalahin agama? Padahal tweet yang lu reply ga ada bahas2 agama.

1. Bundir di kos/mall/hotel/tempat usaha, umum lainnya itu bikin si pemilik usaha RUGI. 
2. Bundir di sungai, nyusahin warga &amp; tim SAR

Kalo bener2 mau bundir: kubur diri sendiri atau ke pantai selatan",Curhat Ringan,0.05096568081812537,0.10757075195962733,[],Tidak ada kombinasi evidence pemicu urgensi
2051160011129368655,birurubyjeans,"@archangeIae Oh lol, soalnya kalau dia niatnya sarkas dan meledek kata-kata yang dia blg memang benar. Menikah dan punya anak dari laki2 kayak mereka2 ini kan sama ajankayak bundir soalnya you gotta do everything by yourself meanwhile lakinya laga ngapa2in",Curhat Ringan,0.05073931780485731,0.10710176568139683,[],Tidak ada kombinasi evidence pemicu urgensi
2060162131199410682,hy_netylla,@sosmedkeras Cewe juga kalo cowonya ketauan hs sama mantannya juga pasti bakal marah. Ya kan? Lagian jadi cewe murah amat mau diewe sebelum nikah. Giliran hamil aja depresi lo. Aneh.,Curhat Ringan,0.050656544697873986,0.10692977905273439,[],Tidak ada kombinasi evidence pemicu urgensi
2054787959736721676,zoelfick,"@soursallyye Ini dia, air putih dgn real food sangat impactful tuh. Mdh2an jg terus dibarengi banyak gerak, Kak Cindy. 

Akan luar biasa banget buat selalu semangat, jauh dr depresi dan sejenisnya,",Curhat Ringan,0.050639581035022925,0.10689449897318176,[],Tidak ada kombinasi evidence pemicu urgensi
2054040592334856329,tb_siswadi,"Baby Blues Syndrome itu Nyata, Namun Diceramahi oleh Keluarga Sendiri.

Baby blues bukan “ngada-ngada” atau “manja setelah lahiran.”
Ini reaksi emosional yang nyata dan dialami 50–80% ibu baru.

Tiba-tiba gampang nangis, ngerasa nggak cukup baik, cepat marah, bahkan ngerasa",Curhat Ringan,0.050635179603449064,0.10688534329334895,['Tekanan Emosional'],Tidak ada kombinasi evidence pemicu urgensi
2048788729167507962,ilhampurnama887,"@risalahkalbu Emang ribuan pesantren,  rumah sakit dan universitas itu gratis? Enggak kan. mereka menarik uang dan mahal. Ini bukan jasa, tapi bisnis. 

Sementara toa brutalnya itu diblasting tanpa kompensasi, anak kecil susah istirahat, harga rumah jatuh, orang tua mengeluh, pekerja depresi.",Curhat Ringan,0.050626438660345524,0.10686715850324342,[],Tidak ada kombinasi evidence pemicu urgensi
2053836157444915201,HumorJonTampan,"BUKAN BUNDIR KAN?
""Ketika banyak cabang olahraga diciptakan di dunia ini, kenapa mereka memilih olahraga-olahraga ekstrim penuh resiko kehilangan nyawa, salah satunya sepeda gunung ini??""

#Ngik🤔🤔🤔 https://t.co/I3lYhz9BXG",Curhat Ringan,0.050583502009158156,0.10677778926311117,[],Tidak ada kombinasi evidence pemicu urgensi
2047574431720251406,illhumpyou,"@rajapeanutbuter @ipoksamidub Justru, karena ada tukang parkir, daripada bayar 2000 mending bundir",Curhat Ringan,0.05047929025422397,0.10656058169675596,[],Tidak ada kombinasi evidence pemicu urgensi
2051535057156972648,mjbrigaseli,"Fenomena ""laki-laki tidak bercerita"" adalah tren hegemonic masculinity di mana pria menahan emosi/masalah, sering dianggap keren, namun berisiko menjadi bom waktu kesehatan mental. 

Hal ini berakar dari tekanan harus ""kuat"" dan jarang bercerita, yang berdampak pada tingginya https://t.co/cLJURcM3I8",Curhat Ringan,0.05044471105653341,0.10648841478607872,[],Tidak ada kombinasi evidence pemicu urgensi
2058896392136151296,kipyiksamgong,"@BangPino__ Bapak dan keluarga nya lagi kekurangan uang, beban hidup semakin berat jadi depresi. 

Tetangga tolong knalpot motornya juga yg normal",Curhat Ringan,0.0503910284018665,0.10637628603162187,[],Tidak ada kombinasi evidence pemicu urgensi
2048001300055675366,xzambnaxx,"@gueiava innalilahi wainnailaihi rojiun, kasian banget pasti berat tekanan dari majikannya sampe berani ambil keputusan buat bundir. harus dikawal ini kasusnya, soalnya korbannya udah lebih dari 1, harus di tuntut untas gimana perlakuan mereka sampe segininya",Curhat Ringan,0.050303627761237764,0.1061934871655522,[],Tidak ada kombinasi evidence pemicu urgensi
2049006761156513965,godblessfattah,"Ilmu dunia untuk cari uang.
Ilmu Psikologi islam (tasawuf)  untuk menguatkan jiwa dalam menjalani hidup di dunia dgn dinamika kehidupan yg naik turun.
Biar gak mudah depresi.

Kasian, semalam ada dosen cerita sampe minum obat psikiater terus, mleyot jiwane ngadepi hidup.",Curhat Ringan,0.050014503468059246,0.10558663150577835,[],Tidak ada kombinasi evidence pemicu urgensi
2049025808451481849,hyunsuuukkkk,@asroflan @tanyarlfes lagian emg klo ada yg kabur dari masalah dengan cara bundir mesti bgt gitu dihakimi? agama ngajarinnya dengan cara yg gk berempati gitu kah?,Curhat Ringan,0.04980638057814489,0.10514773261366468,[],Tidak ada kombinasi evidence pemicu urgensi
2052304963741581723,GroversAlex,"@CT24zive Ano, dystopickou Kanadu, kde vám na zlomenou nohu a nebo depresi nabídnou euthanázii. Protože je to levnější.",Curhat Ringan,0.04975074962123736,0.10503012122529927,[],Tidak ada kombinasi evidence pemicu urgensi
2050225962529574912,jennnepotism,"@sseraist Pas beneran ada artis yg bunuh diri karena depresi, tiba2 berubah jadi orang paling bijak sedunia",Curhat Ringan,0.04973830009108403,0.105003784165125,[],Tidak ada kombinasi evidence pemicu urgensi
2050211785563685242,yourfavemeat,"@yourholmesss IMS atau Irritable Male Syndrom, kondisi yang hampir sama kaya cewek PMS.
Cowok jadi gampang marah, mood swing, cemas, parahnya bisa juga depresi. Biasanya dipicu karna turunnya kadar testosteron.

Aku sering ngerasa gitu, seenggaknya sebulan sekali. Ku pikir aku IMS, ternyata",Curhat Ringan,0.049695074403689775,0.10491229142203476,[],Tidak ada kombinasi evidence pemicu urgensi
2048107884719055318,_mabskuy,"@alpenlible44 @0xkmzway87aa @arman_dhani Ngga, maksud gw nabi yg segitunya rajin ibadah aja bisa sperti itu. Apalgi manusia biasa. I mean, iya ibadah sbg jalan/solusi, tpi klo tetep bundir??",Curhat Ringan,0.049667925202380364,0.10485478806676288,[],Tidak ada kombinasi evidence pemicu urgensi
2052710376232636899,Opvheliana,@ariesgirrll @nohuruharaclub Gak ngerti lagi. Mana ada kita dm in cast dan maksa mereka klarifikasi soal lingkungan toxic? Ini yang ngaku-ngaku fans Trila dan suka ngompor-ngomporin mending ngaku deh. Gila kali ditabrakin mulu antara fans Trila sama tim BCW.,Tidak Relevan,0.04961434082492947,0.10474120622331447,[],R0: Tidak ada sinyal kesehatan mental (anchor & evidence kosong)
2053831509703041516,Dz_Po3nya,"@aleuvnu @CwrNew Top sih ini, dari segi visual sm vokal mereka oke banget. Plus chemistry nya itu, sampe bikin orang susah moveon.. Tapi ada juga depresi😌",Curhat Ringan,0.049377140131822934,0.10423701550021318,[],Tidak ada kombinasi evidence pemicu urgensi
2054910978689761346,Adinerosol,"Menit 50 arya blg “KALO LU BACA ONE PIECE, gaada alasan dia untuk mengkhianati luffy” wtf ini terlalu naif dan berasa dia authornya😂 Kalo pun nnti betul ya ini berarti pilihan dari sekian banyak kemungkinan, bukan berarti kemungkinan lain “gak mungkin”. Menurut gue opini ini sah",Tidak Relevan,0.04934062324003798,0.10415919179266149,[],R0: Tidak ada sinyal kesehatan mental (anchor & evidence kosong)
2056162514556338481,Sniffing_Lead,"@sultanfrozen bisa dimengerti, karena gw melihat banyak laki² kena tekanan mental di posisi spt itu. walau istrinya fine² aja, blm tentu mertua dan keluarga besarnya sama

banyak yg ga kuat kena sindiran dan omongan di belakang 😁",Curhat Ringan,0.04933520530185778,0.10414764059312416,[],Tidak ada kombinasi evidence pemicu urgensi
2052258811214479722,_riverheaven,"📌APAKAH INDONESIA MENGALAMI DARURAT MENTAL?

Maraknya aksi bundir kerap mewarnai berita di negara ini. Seorang ASN PUTR Metro mencoba mengakhiri hidupnya di toilet kantor pada Senin 4/5/2026

Apapun masalahnya JANGAN PERNAH BUNDIR!!

😱😱😱 https://t.co/gYbynWT4sd",Curhat Ringan,0.04931568922451945,0.10410602178537486,[],Tidak ada kombinasi evidence pemicu urgensi
2056797339080339620,SeteyoOo_,"@ronnnnieeeeeee @vanJacobs91 @inf1nity3nd @moshi2jkt48 @officialJKT48 Malah meragukan sih menurut gw banh, 20 April dia nanyain Erine(menurut gw dia Erine oshi awalnya) 7 Mei baru mulai. Katanya korban banyak tp kagak ada yg up. Gw kira temennya (mungkin)bundir karena hinaan dr Erine, tp gw baru liat ini dia ketik fitnah, —",Curhat Ringan,0.04921747327221757,0.10389633503827182,[],Tidak ada kombinasi evidence pemicu urgensi
2049123595071455239,montblaxnc,"@MKHY49794 @kirarance Tekanan ga selalu berupa fisik, tekanan mental dan emosional juga bisa (yg terjadi di kasusnya Agus buntung) https://t.co/mqT0bR4NZx",Curhat Ringan,0.04910819737386263,0.10366256896293524,[],Tidak ada kombinasi evidence pemicu urgensi
2050495230185730132,LuckeeTu,@shadowraze_ @idextratime @marcosmondria10 Higuain depresi berat saat ibunya meninggal melawan kanker bang,Curhat Ringan,0.04895498956145011,0.10333399045647997,[],Tidak ada kombinasi evidence pemicu urgensi
2052995363590848570,oreocheese99,"@lilyywzzz @LambeSahamjja iya woi, jgn aji mumpung juga liat kemampuan pasangan ada berita tadi pegawai Alfamart bundir krna lg pusing mikirin biaya nikah 🥹",Curhat Ringan,0.04880057913885689,0.10300184438625971,[],Tidak ada kombinasi evidence pemicu urgensi
2050133596267290697,tang__kira,"Choi Gogi diketahui telah tinggal bersama Lee Jueun selama 4 tahun. “Dia membantuku bangkit saat aku depresi.""

Melalui acara TV Chosun, ‘My Ex’s Private Life (Kor: X의 사생활)’ membagikan ceritanya bersama sang kekasih, Lee Jueun. 

“Dia sering membantuku syuting, bahkan juga https://t.co/1NkLvWp9Oj",Curhat Ringan,0.04860975041091943,0.10258998010646214,[],Tidak ada kombinasi evidence pemicu urgensi
2049135868439355563,fahkta,"Jangankan yg mati bunuh diri, orang² yg mutusin ga nikah &amp; ga beranak aja suka direcokin ""Lu mati nanti ngerepotin orang lain!""

Lah, dikira manusia yg berkeluarga terus matinya bukan karena bundir ga ngerepotin orang? Setiap kematian itu udah PASTI melibatkan manusia² lain.",Curhat Ringan,0.04854385880824086,0.10244741033424032,[],Tidak ada kombinasi evidence pemicu urgensi
2051210751092916404,pkuwirawr,"@llynaissance @iteramfs dia cuma fokus ke tolong ini kakak²nya tpi dia  ga ngeh dengan kalimat ""ntar mati bundir anak orang"" aneh(adminnya mksdnya)",Curhat Ringan,0.04851598173636486,0.10238703737656275,[],Tidak ada kombinasi evidence pemicu urgensi
2057153431002079604,kasecuy,"@ayachan__1004 cewe itu kelihatan terlalu kurus, terlihat seperti kekurangan nutrisi. sepertinya dia mengalami depresi",Curhat Ringan,0.04846947759787373,0.1022862507538362,[],Tidak ada kombinasi evidence pemicu urgensi
2048108258481852692,_mabskuy,"@0xkmzway87aa @arman_dhani Ngga, maksud gw nabi yg segitunya rajin ibadah aja bisa sperti itu. Apalgi manusia biasa. I mean, iya ibadah sbg jalan/solusi, tpi klo dah ibadah tetep bundir? Who knows le",Curhat Ringan,0.04833231552071181,0.10198844924117581,[],Tidak ada kombinasi evidence pemicu urgensi
2049430529590833357,egoistcaptain,"@cloriavey harusnya bisa dan make sense. depresi, trauma, itu mempengaruhi fungsi otak (dan bahkan fisik, kalau ada efek psikosomatik). selain itu, memang secara sosial, lingkungan belum bisa mengakomodasi depresi, terutama dalam tahap mengganggu kehidupan sehari-hari dan suicidal",Curhat Ringan,0.048246151538397265,0.10180096249237205,[],Tidak ada kombinasi evidence pemicu urgensi
2055638110198013971,cosmicsahi,yg bikin mobil huiju kecelakaan siapa? terlepas dari pelaku aslinya bundir pasti ada perintah dari orang istana,Curhat Ringan,0.04815156917826446,0.10159479162909768,[],Tidak ada kombinasi evidence pemicu urgensi
2051207407494422853,KIKIIILIM,"@iteramfs itu adminnya yakin bneran udah kuliah?😂 katanya bukan itu maksudnya, tp kok bawa2 'ntar bundir anak orang' jd yg dia maksud bundir nih siapa kalo bukan korban nya?? pembully nya kh🫪???  iya emg 'minta biar diusut' tp emang pantes ngomong gitu😂??",Curhat Ringan,0.04808307844506674,0.10144525520277746,[],Tidak ada kombinasi evidence pemicu urgensi
2049156645465514272,RifqiahStyles,"@infomitigasi @forgotten_face_ 1. Gak usah bawa-bawa agama, kalau orang decided buat bundir, mereka gak akan mikirin hal itu. They give up on it.
2. Mereka yang ngelakuin itu justru mau menghilang dari masalah atau rasa sakit yang mereka alami.
3. Jangan jadi relawan kalau gak ikhlas.",Curhat Ringan,0.04800233025448645,0.10126869696559329,[],Tidak ada kombinasi evidence pemicu urgensi
2047932365146869927,itsmevik777,"@19BROMAN jangan menghakimi orang sudah mati , mau urusan masuk neraka apa surga itu terserah tuhan.
jadi jangan belaga jadi tuhan yg nentuin kalo bundir masuk neraka ..kita gak pernah tau. 
semua agama memang di larang bundir.",Curhat Ringan,0.0479650383798632,0.10118706199255857,[],Tidak ada kombinasi evidence pemicu urgensi
2059530093454606645,Bejk_kolenatej,"@NerdiPrincezna Aneb v dotaznicich vyšlo 40%, ale Vy jste rozhodla, že to je blbost, protože dítě v depresi je povinno chodit do poradny. Rozumím.",Curhat Ringan,0.04778595816123244,0.10079419906392244,[],Tidak ada kombinasi evidence pemicu urgensi
2058014920302813675,historia_id,"Depresi Besar membuat banyak orang Amerika Serikat kehilangan pekerjaan dan kesulitan keuangan. Permainan monopoli diminati karena menawarkan sensasi menjadi orang kaya meski hanya imajinasi.
https://t.co/1qfyTUzTy5",Curhat Ringan,0.04773252837863071,0.10067671492244258,[],Tidak ada kombinasi evidence pemicu urgensi
2052182964226920531,LimaWaluSara,"Pagi ini kita simak kejadian Rambut wanita (siswi) berkerudung dipotong di Jawa Barat.

Dampak Psikis yang mereka hadapi Depresi ringan hingga berat.

Bagi wanita yang dipotong bukan sekadar rambut, tapi juga rasa percaya diri dan rasa aman.
😡

Kalau Aku, sangat kecewa 🥺🙅

[📽️ https://t.co/vGD9Zk1r6l",Curhat Ringan,0.047718258907278266,0.10064531734326122,[],Tidak ada kombinasi evidence pemicu urgensi
2047648406689185980,lobaKaheureui,"@creepyroom gimana klo disitu diadakan tukang parkir.
kendaraan yang parkir disana bayar 10K.
biar orang yang mau bundir mikir-mikir lagi.",Curhat Ringan,0.047701716677291076,0.10060890777544541,[],Tidak ada kombinasi evidence pemicu urgensi
2047726018455355396,SoundOfYogi,"@aera_ry Ya makanya baca buku, biar berguna dikit punya otak, sekrol timeline mulu seh

Dikit baca aja lo akan ngerti gimana mengenali orang2 depresi dan cara2 menolongnya",Curhat Ringan,0.047687957861810716,0.10057861538547458,[],Tidak ada kombinasi evidence pemicu urgensi
2060558390871593381,neVerAl0nely___,"Panik Takut Tangannya Dipotong, Maling Ini Terkencing-kencing hingga Berak di Celana

​PAPUA – Sebuah rekaman video amatir mendadak viral di media sosial setelah memperlihatkan aksi menggelikan sekaligus tragis dari seorang terduga pelaku pencurian (maling). Pria tersebut https://t.co/H7yMP7jG0z",Tidak Relevan,0.04759449038290366,0.10037261067014752,[],R0: Tidak ada sinyal kesehatan mental (anchor & evidence kosong)
2050871712984773059,Oktaviainiokta,"Menurut gua mah itu cewek gak niat bundir karna sempat geser pas dia kena panas matahari, but terlepas dari tindakan security ya seharusnya si cewek sadar kalau duduk di situ emang membahayakan",Curhat Ringan,0.047501871411006535,0.10016809661280027,[],Tidak ada kombinasi evidence pemicu urgensi
2050233717088747652,spazeself,@lunekind Pasti tante mikir kita ni buzzer ya krn komen nya kompak wkwk. Tanpa disuruh pun warga pada bubar sendiri😂 soal lingkungan toxic ya krn tante artis senior dan gak pernah complain alur atau jadwal mereun 🙏🏻 *izin https://t.co/2MhRLd2bSX,Curhat Ringan,0.0471394334733441,0.09936412965709514,[],Tidak ada kombinasi evidence pemicu urgensi
2056859730874925316,r_maulidin,"@MnNurmn13887 @karirfess Qanun di aceh itu dibuat utk menjaga rakyatnya dri hal yg batil bg..
Setidaknya pemerintah sudah memberi pagar supaya rakyatnya ga msk jurang
Buktinya juga bnyak, gara2 pinjol org jd bundir",Curhat Ringan,0.04703007382312919,0.09912039195046281,[],Tidak ada kombinasi evidence pemicu urgensi
2056570539406458966,SINDOnews,"Perang bukan hanya meninggalkan kehancuran fisik, tapi juga luka mental yang mendalam.
Laporan terbaru menyebut sekitar 80% tentara Israel yang keluar dari dinas militer mengalami gangguan psikologis akibat tekanan dan trauma perang berkepanjangan.

Depresi, kecemasan, hingga https://t.co/2bf8HBJ09W",Curhat Ringan,0.046842382091720904,0.09870081120876201,['Tekanan Emosional'],Tidak ada kombinasi evidence pemicu urgensi
2048422416414896220,troublerbl,"Abangnya udh sering coba bundir sepertinya, soalnya dia lgsg tau ada yg salah pas liat botol soju tapi abangnya ga ada disana 😔",Curhat Ringan,0.04671440479964581,0.09841380321392508,[],Tidak ada kombinasi evidence pemicu urgensi
2054846673290231911,interisti2001,@daruzarmedian @tempodotco Ranking dan UN dihapus itu kan permintaan netizen SJW karena dulu banyak yg bundir gara2 gak lulus,Curhat Ringan,0.046636978851484205,0.09823980083068212,[],Tidak ada kombinasi evidence pemicu urgensi
2047721274584309762,greymixyouu,"Aku awal tahun dpt tawaran dimutasi ke kantor lain, gajinya jauh lebih gede tp lingkungan toxic, staff serba bisa, gada jjg karir. Tp aku pilih kantor lama krna gaji sudah cukup dn yg terpenting lingkungan dunia akhiratnya balance 🤍
Aku bilang kl ttp dipindah mending resign wkwk",Tidak Relevan,0.04656687673402561,0.09808202042724148,[],R0: Tidak ada sinyal kesehatan mental (anchor & evidence kosong)
2048620372032159984,SinemaTengahMlm,"Spiritual Journey Robbie Williams

Better Man bukan biopik yang memuja-muja sang bintang. Ini adalah studi karakter tentang seorang pria yang mencoba mencari tahu siapa dirinya di balik kostum panggung. Kita diajak melihat bahwa di balik setiap lagu hits, ada perjuangan melawan https://t.co/e1UcL0zzgc",Tidak Relevan,0.04653342676205436,0.09800665419210088,[],R0: Tidak ada sinyal kesehatan mental (anchor & evidence kosong)
2051288024307429533,officialfgmedia,"Siswi SD berusia 12 tahun diduga menjadi korban penc*bulan oleh Anggota TNI Angkatan Darat berinisial Sersan Satu MB, di Kendari, Sulawesi Tenggara

Keluarga mengungkap kondisi korban semakin memprihatinkan karena mengalami depresi berat dan kerap menyakiti diri sendiri.

Namun, https://t.co/9vAPSnbEud",Curhat Ringan,0.04631174721102805,0.09750588093743182,[],Tidak ada kombinasi evidence pemicu urgensi
2052370105162715212,blueyy323,"udh rame2 fitnahnya, ngatain lingkungan toxic, castnya pada toxic, sutradaranya begini begitu, castnya ini itu... lalu setelah mereka speak up tiba2 narasinya berubah ""kami ga permasalahin itu, kami kritik alur kok"" wkwk yg paling kenceng bacot tetiba sok bijak 😭
#bericintawaktu",Tidak Relevan,0.04620875180581324,0.0972724383076032,[],R0: Tidak ada sinyal kesehatan mental (anchor & evidence kosong)
2054852549690417648,y91280,"@kompascom Ke Pengadilan ga pernah datang walau di Undang bbrp kali, eh mau keliling ke bbrp daerah di Indonesi, berarti orang ini @Jokowi otaknya udh STRESS BERAT , DEPRESI",Curhat Ringan,0.046119831649395454,0.0970704991257552,[],Tidak ada kombinasi evidence pemicu urgensi
2050862601257562280,unegrakyatindo,"5. Mr. Market Simulation
""Mainkan peran 'Mr. Market' versi Buffett. Saya akan menyebutkan sebuah saham, dan kamu kasih saya 'mood swing' Mr. Market — kadang panik, kadang euforia, kadang depresi. Lalu di akhir, sebagai Buffett, ajari saya cara memanfaatkan suasana hati Mr. Market",Curhat Ringan,0.04603529930525096,0.09687818090120952,[],Tidak ada kombinasi evidence pemicu urgensi
2057199109287616565,crvenobeli1,"@DCVTJ Doufám, že Cedidlův pes má depresi.",Curhat Ringan,0.04602670382907158,0.0968586066455552,[],Tidak ada kombinasi evidence pemicu urgensi
2047718543782010929,SoundOfYogi,"@aera_ry Salah masyarakat yang sok tahu tentang depresi kek elu2 itu, mampunya cuma judging",Curhat Ringan,0.04582671290336033,0.0964021874648152,[],Tidak ada kombinasi evidence pemicu urgensi
2057146834997617026,itskadekz,@KevinPin__ @haluandotco emng kita harus rangkul klo ada orng terdekat yg terindikasi depresi dll karena di dunia ini semua manusia tidak luput dari yg namanya masalah atau samsara they need talk and understanding :(,Curhat Ringan,0.04572572745121787,0.09617099758576264,[],Tidak ada kombinasi evidence pemicu urgensi
2048570219829072092,Penduduk_RI,"@somexrecom konten yang sebenarnya positif untuk mengalahkan pengaruh buruk berita bundir.
jadi bukan masalah empati, tapi agar tidak menjadi inspirasi buruk",Curhat Ringan,0.04565021604512714,0.09599780855756818,[],Tidak ada kombinasi evidence pemicu urgensi
2053770859043762507,rawrralways,"Hi guys! Mau cerita sedikit tentangku ya, aku adalah seorang dewasa yang memiliki 3 diagnosa + 1 dugaan gangguan psikologis, ada ADHD, Gangguan Kecemasan, Depresi, dan dugaan Bipolar",Curhat Ringan,0.04550742570871876,0.09566956515790838,[],Tidak ada kombinasi evidence pemicu urgensi
2052305584935072108,_d0ll_tear_,"Minimal potong kntl, masa cuma korban yg dirugikan disini.

Even itu pelaku disiksa sama napi napi di penjara krn dianggap hina jg ttp aja ga sebanding sama apa yg bakal korban alami, misal jd depresi/takut sama org/trauma berkepanjangan.

Ini menyangkut masa depan si korban loh?",Curhat Ringan,0.04549972564581143,0.09565183655782179,[],Tidak ada kombinasi evidence pemicu urgensi
2059529564037222603,alsocript,"83. cw ; mention of depresi, overdosis, mental health issues, implied self-destructive behavior. https://t.co/p6s79zUAGF",Curhat Ringan,0.045465729426734366,0.09557352960109712,[],Tidak ada kombinasi evidence pemicu urgensi
2051885803325042980,aniblogsan52394,@stafsusthe2 Sungguh enak bener..  Laki laki bener bener diuntungin sumpah.. Bayangin aja zinah modal konsen bisa tembus itu vagina perempuan.. Pas perempuan minta tanggung jawab cowok tinggal bilang konsen kan udah ada. Akhirnya cewek cuma nerima doang padahal udah berzinah atau gak depresi.,Curhat Ringan,0.04535749635364341,0.09532385342048877,[],Tidak ada kombinasi evidence pemicu urgensi
2053664268227396052,TorroSTY,"@MireinaRiviere Dia itu emang dari dulu problematik, inget betul pas kasus bullying PPDS ampe bundir di Semarang dia sebagai sesama dokter malah bungkam dan ngejoke",Curhat Ringan,0.045135787141332366,0.09481062934254156,[],Tidak ada kombinasi evidence pemicu urgensi
2059815307641037203,DS_yantie,"Korban bullying itu pilihannya cuma dua, melawan atau pelan2 hancur sendiri.

Kedengarannya kasar, tapi emang realitanya gitu. 
Aku punya tetangga, anaknya jadi korban bullying. 
Awalnya dia cuma kelihatan pendiam, sering melamun. Lama2 kondisinya makin gak stabil, sampai pernah",Curhat Ringan,0.04508297041872651,0.09468801224773582,['Tekanan Emosional'],Tidak ada kombinasi evidence pemicu urgensi
2047721476061892664,ruu_1010,"@proteintumbuhan @Seecar0 @Jeruksunkist304 @tanyakanrl untuk ukuran orang nya melabelin orang lain ""bodoh"" dan menyuruh orang lain ""bundir"", ngebicarain hak nya yang di ""renggut"" tuh sangat tidak masuk akal. Akan sangat masuk akal ""orang bodoh kayak kau itu udah jadi warning sendiri"" itu dirimu sendiri",Curhat Ringan,0.04487648370938522,0.09420732408761978,[],Tidak ada kombinasi evidence pemicu urgensi
2049024996656431588,hyunsuuukkkk,"@asroflan @tanyarlfes ya nyambung njing, karna org² gabakalan sebegitunya ngehakimi org bundir klo bundir itu GK dosa, makanya mereka ngatain korban sbg pengecut dll karna bundir itu dosa dan mereka memanfaatkan itu sebagai ajang buat ngolok² dgn dalih agama biar keliatan bener! gitu aja gapaham😏",Curhat Ringan,0.04486757098836678,0.09418652841087544,[],Tidak ada kombinasi evidence pemicu urgensi
2048623233893802219,ferryas84,"@Heraloebss Ujung2nya hanya klarifikasi minta maaf, serang terus beri hukuman sanksi sosial agar Depresi akut, coba ybs kl dinaikin orang² yg obesitas kira² mau kagak, kadang gak pernah berfikir efek panjangnya, bercadar tp adabnya rusak terhadap sesama makhluk Penciptanya sendiri.",Curhat Ringan,0.04472137243831736,0.09384484634254918,[],Tidak ada kombinasi evidence pemicu urgensi
2052230581463990550,demiapawoi,"ktanya jgn diplintir tp klrifikasi dan pmbahsan kalian tntng ajakan orng” untuk brhnti nnton krna lingkungan toxic dan asumsi z kluar itu salah besar bgt, pdhl jelas bgt sejelas”nya orng komplain di setiap poster dan trailer yg kluar akhir” ini karna alur dan caption yg ga sesuai",Tidak Relevan,0.04456536362549274,0.09347906034214028,[],R0: Tidak ada sinyal kesehatan mental (anchor & evidence kosong)
2047597640368746785,sylzy92,"@MooMoRuu @iniudahcukup @Idnextgen Dia kritik yg bundir nyusahin org, tapi memiskinkan keluarganya juga kategori ""nyusahin org"" 
Keluarga mendiang juga mana mau anak/sodara meninggal dalam keadaan begitu, heran bgt deh. mending dia bentuk gerakan memiskinkan koruptor noh lebih berguna 🥲",Curhat Ringan,0.04418421606644368,0.09258024228849646,[],Tidak ada kombinasi evidence pemicu urgensi
2047676937875906615,jerusalembells_,Damn terakhir gua baca emang 7/10. Tapi penelitian lbh terbarunya ini malah nemu hampir 8/10 kasus bundir itu cowo... Sehat2 para pria diluar sana...,Curhat Ringan,0.04417561787684356,0.09255988096648997,[],Tidak ada kombinasi evidence pemicu urgensi
2057784229413658748,prwettysmilee,"@physixal @kdrama_menfess dihh apaann dah lo.. serah dialah mau pensiun kapan, emg situ yg biayain hidupnya? kalo dengan pensiun dia bisa lebih menikmati hidup ya gosah ngaturrr! emg kalo dia stress, depresi karna tekanan dr media, situ mau biayain buat berobatnya? tcihhh",Curhat Ringan,0.0441333885937757,0.0924598231460109,[],Tidak ada kombinasi evidence pemicu urgensi
2058431108862394515,goodpeeps234,"@sorceressmyr sorry ralat bapaknya kakashi bundir bukan gugur ketika bertugas, bundir karena disalahin satu desa karena ngebantu temen nya dalam misi",Curhat Ringan,0.04404476802044844,0.09224954881902897,[],Tidak ada kombinasi evidence pemicu urgensi
2048795079855554843,irwnfzii,"@MasMasBiassaa terlepas itu mogok atau nerobos, harusnya diberi hukuman berat ke yg suka nerobos, di jepang klo ga salah org yg meninggal krn bunuh diri d rel aja keluarga yg bundir dituntut karena bikin jadwal kereta keganggu*cmiiw",Curhat Ringan,0.044026407927953266,0.0922059344748656,[],Tidak ada kombinasi evidence pemicu urgensi
2060320391323672934,sibambaang,"Dulu jaman SD, kelas 2 ada 1 anak yang tinggal kelas di kelas saya. 

Pas kelas 6, ada 1 anak yang tidak lulus UN. Bahkan saat pengumuman dia tidak disuruh berangkat melainkan kertas pengumumannya diantarkan ke rumahnya.

Jadi saat anak lain histeris bahagia di sekolah setelah https://t.co/VaxTY7OPVd",Tidak Relevan,0.04398465540253631,0.09210668684858264,[],R0: Tidak ada sinyal kesehatan mental (anchor & evidence kosong)
2056922799273587018,polres_madiun,"Judi online bukan jalan keluar, justru bisa membawa pada kecanduan, tekanan mental, hingga merusak masa depan diri sendiri dan keluarga.

#StopJudiOnline #PolresMadiun #SayNoToJudiOnline #JudiBukanSolusi #LindungiKeluarga #PolriUntukMasyarakat https://t.co/brfEpE5rd8",Curhat Ringan,0.04390988218320618,0.09192872273199487,[],Tidak ada kombinasi evidence pemicu urgensi
2051869978950021365,textsurouu,"@synaniist mana rumah dijual setanah-tanahnya, beneran gak ada harta warisan euueue pantes anak-anaknya pada depresi dan suka marah2

#WUTheSeriesEP1 https://t.co/4Rnrpye0My",Curhat Ringan,0.04387203734323497,0.09183853983201765,[],Tidak ada kombinasi evidence pemicu urgensi
2048120223438676048,ArtTupai,"@xerindipity @garismerah_id Ini copycat suicide peran media sangat penting kalau beritain bundir tuh harus banyak Redaksi nya, banyak sensornya jangan terlalu gamblang, fenomena ini tinggi loh di indonesia.",Curhat Ringan,0.04363440907695355,0.0912705780881824,[],Tidak ada kombinasi evidence pemicu urgensi
2053115664630735299,GunawanPam45076,"@regar_op0sisi @pararealmen 1
2 kemungkinan ;
1. Cari lahan yang murah , pinggir jurang
2. Mempercepat kemaatian untuk Bundir Petugas KDMP jika Koperasi Bangkrut…..!!",Curhat Ringan,0.04305663210085101,0.08987720617742251,[],Tidak ada kombinasi evidence pemicu urgensi
2056423666997768601,orangterbejo,"@vibedeployer @KarinaShen54587 @anggapph2 pengangguran tinggi di atas 10% di turki loh. childfree naik, bundir naik. yg kurdi2 banyak yg nikah sama cewe indo buka street food turki disini.",Curhat Ringan,0.042918683003254195,0.08954188737905386,[],Tidak ada kombinasi evidence pemicu urgensi
2056001623474999521,letchugowon,"Lah ngapain ibunya ikut teriak2 ? Itu anaknya lagi trauma lagi depresi bukannya di bawa ke psikolog malah balik di bentak2 , gila kali",Curhat Ringan,0.04287983638886433,0.0894472754814408,[],Tidak ada kombinasi evidence pemicu urgensi
2048772432283193716,galantrangxxxx,"@Homo_sapiens21 Contoh akibat bundir = judol, hamil gapunya bapak, broken home, ayah gay, ibu selingkuh, mabok2 an tiap hari, hutang akibat riba, dan semua itu diharamkan dalam agama 🤣🤣🙈🙈 justru agama mencegah terjadinya hal seperti itu 💦💦",Curhat Ringan,0.04283408418926481,0.08933573980448825,[],Tidak ada kombinasi evidence pemicu urgensi
2048426020085346771,Nomnou1,It baffles me on how majority of ppl thinks org yg mau bundir mikirin dosa 💀,Curhat Ringan,0.04276922365309606,0.08917742624145114,[],Tidak ada kombinasi evidence pemicu urgensi
2047886053311381541,kicauw_,@19BROMAN Yeah setuju... semua agama mengharamkan bundir  apapun alasannya,Curhat Ringan,0.04260963112502133,0.08878690932284701,[],Tidak ada kombinasi evidence pemicu urgensi
2051532945434046802,liaasister,"@is_pelssy Astaghfirullah, ada juga yg seperti ini ternyata. Kesehatan mental itu sangat perlu , mental juga harus di rawat supaya gak depresi . Untuk menghindari hal yg seperti itu",Curhat Ringan,0.042564001863595824,0.08867499932195201,[],Tidak ada kombinasi evidence pemicu urgensi
2050946675859136747,capitalislam,"@theycallmee_G @myshawti Harusnya ada team atau petugas khusus kalo orang mau bundir gt, mana bandara.",Curhat Ringan,0.042469432056186744,0.08844269261215673,[],Tidak ada kombinasi evidence pemicu urgensi
2051225418745922045,everyseazonn,"“Tolong hormati team” yep yep. Tapi pas fans ngasih feedback, atau ketika kerjaannya not turn out good, atau fans nyuruh staff ngeliat “gini loh yg artist terima grgr begini” ga ada yang berani keluar malah kabur, kalau ga kabur mereka bakal defensive dan galak. Sembunyi dibalik",Tidak Relevan,0.04237794733059789,0.0882174933724331,[],R0: Tidak ada sinyal kesehatan mental (anchor & evidence kosong)
2057381129125347568,Rizlamichi,Pffftt padahal kuman2 lgbt kek elu kebanyakan mati karena kena HIV atau enggak gantung diri karena depresi dan ribut sama pacar homonya  🤣,Curhat Ringan,0.04235033856103771,0.08814944022081114,[],Tidak ada kombinasi evidence pemicu urgensi
2057807838899269793,wolipop,"Bukan Sekadar Hiburan, Anime Kini Dicoba Jadi Terapi Atasi Depresi https://t.co/YOwA9JrG6z",Curhat Ringan,0.04230268276311394,0.08803187310695648,[],Tidak ada kombinasi evidence pemicu urgensi
2054566937351643560,yozariam_,"@SitiRochampton @afathngantuk The feminists are alright. Bagus dong langganan anti depresan, berarti mau mengakui dirinya bermasalah dan mencari bantuan supaya gak ngerepotin orang lain. Lagian jadi WNI siapa yg gak depresi, kecuali kamu bagian dari oligarki 😂",Curhat Ringan,0.04229922021490993,0.08802332604924838,[],Tidak ada kombinasi evidence pemicu urgensi
2050783956057182299,lustdemonx,"@myshawti itu yg approach bolot malah pake 1 tangan dan ragu2 gt ya jelas dia bakal berontak, harusnya langsung jambak rambutnya terus tarik baju dan tangan nya kek petugas korea/jepang yg selametin org bundir waktu itu. tp ya yg bundir nya ttep paling salah, nyusahin org aje.",Curhat Ringan,0.042297929446553445,0.08802013970685728,[],Tidak ada kombinasi evidence pemicu urgensi
2055645060944069065,fillainart,"Yang paling menyebalkan dari resolusi konflik ini adalah bagaimana perselingkuuhan Rudeus dijustifikasi dan dinormalisasi habis-habisan menggunakan kartu “trauma”.

Pengkhianatannya dimaafkan begitu saja karena ia dianggap sedang mengalami depresi berat pasca kematian ayahnya, https://t.co/cm9qTmI8CY",Curhat Ringan,0.04208131056879804,0.08748408136042682,[],Tidak ada kombinasi evidence pemicu urgensi
2052314020968112495,atoenloops,"@ratu356511 Padahal yg di kritik karakter sama alurnya malah di pelintir ke lingkungan toxic, kocak",Tidak Relevan,0.04207558334361841,0.08746987265167815,[],R0: Tidak ada sinyal kesehatan mental (anchor & evidence kosong)
2047644933918798294,SetiakuDandi,"@kumifigo menurut gw si, harus ada yang patroli di jembatan itu, 
biar gak ada kejadian bundir lagi..",Curhat Ringan,0.04188080443989879,0.08698554025454955,[],Tidak ada kombinasi evidence pemicu urgensi
2051174512176279600,fluoxetan,"im pretty much invested in the “disabilitas tak nampak” movement. jd ini tuh kondisi keterbatasan fisik, mental, atau kognitif yang gak keliatan sama orang lain, tapi tetap ngaruh ke aktivitas harian. contohnya depresi, anxiety, dementia, adhd, autisme, diabetes, lupus, sampai",Curhat Ringan,0.04165013241944597,0.08640916304041941,[],Tidak ada kombinasi evidence pemicu urgensi
2058794445114614133,CabeSeger,Cuman 10 menitan dan dapet diagnosa bipolar wkwkw. Minggu depan aku disaranin bawa mamah buat ditanyain lebih detail soal ADHD nya.,Tidak Relevan,0.041629563390941864,0.08635761930296819,[],R0: Tidak ada sinyal kesehatan mental (anchor & evidence kosong)
2052157903126270126,Dospemz,"Dulu, dari 80-an sampai 90-an, perjalanan hidup cenderung linear:
Sekolah, lulus, kerja tetap di swasta, PNS, atau meneruskan usaha keluarga.
Setelah itu menikah, punya anak, lalu pensiun.

Itu semua karena saat itu pilihan karier belum terlalu bercabang, ekonomi relatif stabil",Tidak Relevan,0.04149489714617806,0.08601955730806699,[],R0: Tidak ada sinyal kesehatan mental (anchor & evidence kosong)
2053353553134334236,lustdemonx,"@Mangga1111 ini kasian yg punya alfamart dan yg kerja disitu, kl udah begini pasti setidaknya org2 bakal milih belanja di alfa lain apalagi masyarakat kita masih kental dengan kepercayaan tempat angker bekas bundir",Curhat Ringan,0.04139913561867557,0.08577852134000172,[],Tidak ada kombinasi evidence pemicu urgensi
2056280004624052258,Talyorsiwft13,"Tak lama kemudian keluarga itu pindah dan nggak pernah kembali lagi.

Namun kisah mereka menyebar ke seluruh Amerika. Sebagian orang percaya rumah itu benar-benar berhantu.

Sebagian lain yakin semuanya hanyalah kombinasi trauma, tekanan mental, penyakit, dan sugesti.",Curhat Ringan,0.04127066981649637,0.08545432804208813,[],Tidak ada kombinasi evidence pemicu urgensi
2057341837795561479,berjuanglunas,"Datang Sebagai Pengantar, Pulang Sebagai Taruhan
#CatatanPPDS

Saya duduk di ruang tunggu rumah sakit pendidikan itu, gunakan kemeja hitam yang dipaksakan rapi, menutupi degup dada yang tak beraturan. Istri saya tengah berada di balik pintu itu, menempuh wawancara Program https://t.co/W6RzZu8ydN",Tidak Relevan,0.04125703501926875,0.08541986292058772,[],R0: Tidak ada sinyal kesehatan mental (anchor & evidence kosong)
2049440708843765919,U_dangkeju,"Trus klo emg dari awal masuk neraka kno disuruh beribadah. Itu poin pertama, kedua berarti org ato apapun penyebab kita ngelakuin bundir lebih bersalah dan lebih layak masuk neraka karena bikin org pen bundir??",Curhat Ringan,0.041221694283551866,0.08533048022425536,[],Tidak ada kombinasi evidence pemicu urgensi
2058048819485610106,samc17895,"@neVerAl0nely___ Dari sini bisa dinilai cewek tidak butuh wajah tampan, bnyk harta, yg dibutuhkan kenyamanan, buktinya dia rela kabur dr semua itu demi laki yg buat dia nyaman, sudahlah nikahkan saja mrk drpd berbuat lebih jauh atau bhkn sampai nekat bundir nantinya.",Curhat Ringan,0.041100137392550994,0.08502248135028463,[],Tidak ada kombinasi evidence pemicu urgensi
2056264740419301574,sandfiere70,"@Sasmi86983078 Pernah baca tweet orang, sebenarnya kemauan orang indo bundir itu tinggi boleh dikatakan setara jepun, tapi kehalang masuk neraka aja karna menganut agama",Curhat Ringan,0.041034581252377494,0.0848560141851053,[],Tidak ada kombinasi evidence pemicu urgensi
2060607916693180633,berhomonim,"Sering kagum dengan sekolah tempatku sekarang. Sekolah swasta yang sangat memperhatikan guru-gurunya. Ngawas ujian aja dikasi kue. Dulu, awal-awal karier, aku mengajar di sekolah negeri yang setiap hari bikin depresi. Jadi, dapat perlakuan kayak gini tuh bikin takjub. 🥹😭 https://t.co/TMoHZ1QsqZ",Curhat Ringan,0.040799451020728975,0.08425684499018121,[],Tidak ada kombinasi evidence pemicu urgensi
2052043057713881104,snbtfess,Stud! Menurut kalian dengan rata rata 86 plus satu sertif olimpiade dari ugm (belum terkurasi) nekat daftar mandiri its jalur prestasi dengan jurusan teksip dan arsi bundir ga ya? Atau ada saran lain? Jujur binggung baget dan butuh pencerahan,Curhat Ringan,0.04060752337377276,0.08376531069251625,[],Tidak ada kombinasi evidence pemicu urgensi
2052786724124672362,frvavra,"Státní televize ČT24 dnes vysílala reportáž o tom, že Davidu Attenboroughovi bylo 100 let. Ve studiu to komentovala paní Jeníková s kroužkem v nose, která při překladu Attenboroughových dokumentů měla ""strašlivou environmentální depresi"" a měla pocit, ""že se opravdu řítíme po https://t.co/d1ZXA0SQY2",Curhat Ringan,0.040598012349627,0.08374089476737111,[],Tidak ada kombinasi evidence pemicu urgensi
2047573687382270224,tb_siswadi,"Nah, yang menarik…

1. Depresi Beberapa area otak jadi “lebih dingin” (biru) → aktivitas turun
Makanya muncul gejala:
hilang energi
susah fokus
kehilangan minat

2. Bipolar Aktivitasnya bisa campur aduk
Kadang overaktif (fase mania), kadang turun drastis (fase depresi)
Ini yang",Curhat Ringan,0.040570522079747116,0.08367029317852222,[],Tidak ada kombinasi evidence pemicu urgensi
2054962249140191619,DiraOspala,"@MSlimakova Psychiatři nejsou idioti. Samozřejmě pohyb doporučují. Problém je, že v středně težké až těžké depresi je člověk (nezvyklý na pohyb) neschopen začít sám, bez podpory. A často i ten, kdo sportuje pravidelně, omezí právě tyto aktivity, aby zvládnul jiné povinnosti (děti, práci).",Curhat Ringan,0.0405359213083955,0.08358136496760629,[],Tidak ada kombinasi evidence pemicu urgensi
2054036652579025147,Love_my_lov3,"@ch_sj2013 Makanya dikasih pin senyum kan ""artinya perlakuan dia dengan baik dan ekstra sabar karna dia sedang depresi berat"" 😭",Curhat Ringan,0.040418985059613485,0.083280285538146,[],Tidak ada kombinasi evidence pemicu urgensi
2056569454738419755,biduanssa,"ada pembahasannya ternyata guys. ini bisa jadi gangguan psikis

• Pica: Sebuah gangguan makan di mana seseorang memiliki dorongan kuat untuk mengonsumsi benda-benda yang bukan makanan (seperti batu, rambut, besi, atau baterai). Gangguan ini bisa berkaitan dengan autisme,",Tidak Relevan,0.04033323549552412,0.08305897273010378,[],R0: Tidak ada sinyal kesehatan mental (anchor & evidence kosong)
2054938305691898199,niki_tipaah,"@sarurnut @tanyarlfes aku ngga tau kerjaannya apaan
cuma baca dikit pov dari kakaknya gt, katanya adeknya tingkahnya aneh, terus pas disamperin ternyata udah babak belur, pandangan matanya kosong, kaya orang depresi berat gt, terus akhirnya dibawa sama kakaknya itu, trnyt dia di kdrt sama istrinya.",Curhat Ringan,0.040314722718053295,0.08301113356807918,[],Tidak ada kombinasi evidence pemicu urgensi
2060266786550145197,ch_sj2013,"Review The Legend of Kitchen Soldier dari Weverse Magazine.

Drama TVING ini disebut ngasih lihat gimana kerasnya hierarki dan disiplin militer bisa runtuh cuma gara2 makanan enak.

Fokusnya ada di Tamtama Kang Seongjae (Park Jihoon), yang awalnya dicap sebagai paket lengkap",Tidak Relevan,0.04029139523396129,0.08295082267035138,[],R0: Tidak ada sinyal kesehatan mental (anchor & evidence kosong)
2051182672140222571,MindaXtv,"@zoelfick pernah dines di RSJ Cimahi, skrg RSJ Cisarua (sepertinya). Banyak pasien yang histeris, depresi, percobaan bundir (diisolasi), dan yang paling ringan schizofrenia ...",Curhat Ringan,0.040174503186180585,0.08264810515172555,[],Tidak ada kombinasi evidence pemicu urgensi
2048343494142603485,Marchfoward,"TERKINI 

8 ekor IDF disahkan membunuh diri kerana tekanan mental akibat Perang dengan Iran pada bulan April ini",Curhat Ringan,0.04009997922084004,0.08245466821121447,[],Tidak ada kombinasi evidence pemicu urgensi
2049429628729880761,Rafaellzcf,"Emang harusnya gini. Gw gak ngerti entah kenapa orang indo sok ngehakimin orang yg bundir. Seakan-akan mereka kayak cari validasi buat diri sendiri atas kesengsaraan hidup mereka dengan jadiin org yg menurut mereka ""lebih lemah"" sebagai samsak.",Curhat Ringan,0.039834554872818964,0.0817629140209068,[],Tidak ada kombinasi evidence pemicu urgensi
2048067362583409039,ridhataq,"@arman_dhani Dia bilang ""a better conversation"" terus ngalihin ke orang yg masih hidup, bukan berarti dia menyangkal statement yg bilang orang bundir pasti masuk neraka.

Coba tanya ke dia, yg bundir pasti masuk neraka gak?",Curhat Ringan,0.039725973449397455,0.081478652877338,[],Tidak ada kombinasi evidence pemicu urgensi
2048007972098568377,oul_arc,@namazu_sensei Biasanya karena mereka gak tau diri mereka privileged. Orang-orang yang merasa dirinya baik-baik saja antara menyombongkan diri karena sudah pernah melewati masa-masa sulit dan/atau punya cara untuk mengatasi isunya atau karena mereka belum pernah berada di posisi seperti itu.,Tidak Relevan,0.03971470762431185,0.08144911683418535,[],R0: Tidak ada sinyal kesehatan mental (anchor & evidence kosong)
2047646496938684582,ourangkaya,"@sydneyzw Cowok beda sama cewek, bisa banget kalau nekat nikah sendiri tanpa ada ortu atau keluarga karena bukan syarat sah nikah. Setelah bundir gini janda anak 1 itu cepat atau lambat akan terus melanjutkan hidup dengan pria lain mau gak mau pasti move on",Curhat Ringan,0.03969442641567831,0.08139592456546699,[],Tidak ada kombinasi evidence pemicu urgensi
2054791425888264461,tegalfess,"[TF] guys saranin salon rambut wanita yg pegawainya gak judgemental dong, aku mau botakin rambut soalnya ini udah gak keramas 3 bulan pasca depresi 🙏🏻🥲 di area galkot ya kalau bisa, kosanku di Randugunting soalnya",Curhat Ringan,0.03964519983710596,0.08126670776894598,[],Tidak ada kombinasi evidence pemicu urgensi
2052686177065644350,dekisugi_12,"@nohuruharaclub Dibilang lingkungan toxic marah tp crewnya sendiri ga ditegur komen mancing huru hara kya gini.. crew punya waktu luang buat komen giring opini,giliran protes alur dll. Pada tutup mata suka bingung sama ini sinetron",Curhat Ringan,0.039642629012951146,0.08125995528517349,[],Tidak ada kombinasi evidence pemicu urgensi
2048336982255059331,RaintRico,@KonspirasiID_ @prabowo @gibran_tweet @setkabgoid @KemensetnegRI @Gerindra @psi_id @garudatvnews @Golkar5 Lah sblm2nya banyak tuh kasus2 orang bundir gara2 teror dr pinjol... Tp mana tuh OJK...?? Ga ada tuh memberikan sanksi pd aplikatornya... OJK ga ada taringnya... Jgn2 krn OJK takut sama owner pinjol... 🤮🤮,Curhat Ringan,0.039573913124864205,0.08107931152211897,[],Tidak ada kombinasi evidence pemicu urgensi
2057296028026786038,KKMPutrajaya,"😇Stres adalah keadaan resah, cemas, tegang dan sebagainya akibat tekanan mental atau fizikal.

Stres adalah normal pada situasi tertentu. Namun cara anda mengurus stres mampu memberikan impak positif atau sebaliknya kepada diri.

Amalkan tip seperti di atas bagi menangani stres https://t.co/jqCOg2OB1c",Curhat Ringan,0.03955677890141938,0.08103422137598197,[],Tidak ada kombinasi evidence pemicu urgensi
2051248754934862060,NikolaTieko,"Lingkungan toxic itu seringnya bukan soal marah-marah melulu. 
Justru ada yang lebih bahaya yaitu bahasa yang kelihatannya biasa aja… tapi bisa jadi bom waktu dan ngerusak mental kita. 

Dalam linguistik, ada yang disebut linguistic framing.
Cara sesuatu diucapkan bisa mengatur",Curhat Ringan,0.039555054763594166,0.08102968312574156,[],Tidak ada kombinasi evidence pemicu urgensi
2058051947035595115,hi_itsmolita,"3.) * Raihaanun: Best casting!!! Standing ovation buat Raihaanun. Akting sabarnya bikin gue pengen ikutan belain.🥲💕
* Meriam Bellina: Gak usah ditanya, aktingnya sbg mertua, asli deh ""ngemertua banget"". Aura intimidasi sama ego khas ibu yang belum mau lepas dari anaknya dapet",Tidak Relevan,0.03951326152093187,0.08091961750478455,[],R0: Tidak ada sinyal kesehatan mental (anchor & evidence kosong)
2049121491732902194,bennysiauw89,"Apakah mereka mikirin orang lain akan terbebani dgn jenazah dsbnya saat mencoba bundir?

Bisa jadi, tapi bagi mereka yg akhirnya mati bunuh diri, mereka yakin lebih baik org sekitarnya melihat kematian dia sbg jenazah drpd kehidupan sbg manusia yg ga berguna &amp; ga nerima cinta.",Curhat Ringan,0.03939810633088341,0.08061576919122175,[],Tidak ada kombinasi evidence pemicu urgensi
2057997808997982710,narukeane,"@R0NN_06 @luvVlyStarr @mmweqqi Ya terserah mereka lah, mereka mau mengekspresikan nya gimana. Femboy dan Tomboy itu bukan ganti gender atau semacamnya, mereka hanya menjadi jati diri mereka masing-masing, kalau di paksa bukan menjadi diri mereka sendiri, yang ada depresi, dan social issue.",Curhat Ringan,0.03921883228884559,0.08014103770256042,[],Tidak ada kombinasi evidence pemicu urgensi
2058159054502187401,TipeDarah,"melihat mereka yang lebih sakses takut jadi depresi, merasa diri seolah jadi si paling gagal

tapi melihat ada mereka yang lebih males takut terlena situasi, merasa diri seolah jadi si paling freedom finansial",Curhat Ringan,0.0390776092396338,0.07976560023697941,[],Tidak ada kombinasi evidence pemicu urgensi
2056362101200085395,egaalice,"Njirlah pembunuhnya malah bundir biar ga diadilin dan gamasuk penjara

Overall 8,5/10 https://t.co/2JuQ2biXWI",Curhat Ringan,0.039042499897580504,0.07967206104235217,[],Tidak ada kombinasi evidence pemicu urgensi
2058766930366873662,anifurready,"Menarik. Keberhasilan dan Kegagalan Kebijakan. 

Kalian pasti pernah dengar…
ada satu fans Arsenal yang toxic lalu dibilang semua fans Arsenal begitu lalu ada satu fans AC Milan yang depresi gara-gara hasil tim  dan dianggap semua Milanisti hidupnya menderita.

Satu cerita https://t.co/2759RLVrHI",Curhat Ringan,0.03902250223890069,0.07961874669699957,[],Tidak ada kombinasi evidence pemicu urgensi
2052665000108724482,kamegakii,post review glow up is real krn sbnrnya yg bikin depresi adalah REVIEW,Curhat Ringan,0.038844997562467884,0.07914436168291353,[],Tidak ada kombinasi evidence pemicu urgensi
2051154439675707828,LexMarteg,"AKS.....
Siswi Sekolah Dasar Negeri (12th) yg diduga menjadi korban Pen C4bul An oleh oknum TNI di wilayah Kodim 1417/Kendari, Sertu Majid Bone dilaporkan mengalami depresi 

Adek ini sering mengurung diri dikamar dan melukai dirinya sendiri dgn cara mencakar dan menangis https://t.co/NabCjtXMps",Curhat Ringan,0.03872917686584203,0.07883370570161126,['Tekanan Emosional'],Tidak ada kombinasi evidence pemicu urgensi
2054047426886156428,plumpiestbear,@txtdaritaxpayer Mungkin klo ini bener bener trend dan secara massive dilakukan nanti kita beli sembako bakal pake dollar kaya di venezuela karena mata uang lokal ya gaklaku. Sama aja bundir nih masyarakat indo☺️,Curhat Ringan,0.03865860512146856,0.07864397969661338,[],Tidak ada kombinasi evidence pemicu urgensi
2059585771963830494,emyr_za1,"@yappingfess Pelajaran bagi kita sebelum nikah cek kesehatan dulu dari alat kelamin dan psikis

Aseli men punya pasangan yang psikisnya kena itu makan hati lama²

(Pengalaman pribadi pernah punya yang bipolar + depresi. Malah gw yang normal hampir gila kalok dipikir²)",Curhat Ringan,0.03838204222665962,0.07789724613680984,[],Tidak ada kombinasi evidence pemicu urgensi
2060285049698685083,sbmptnfess,"ptn! sender mau daftar ssu jalur nilai utbk, wdyt kalau urutan pilihannya ftmd, fitb, ftsl ? bundir ga ya? https://t.co/X16LEd13rn",Curhat Ringan,0.038305958947145106,0.07769091147364994,[],Tidak ada kombinasi evidence pemicu urgensi
2049457317377405320,iyntwitt,"@Kkuuroo___ Sungguh berita yang sangat penting yang ditunggu wni, sangat berdampak jelas terhadap turunnya angka keracunan, pengangguran dan juga depresi. Mantapp 😍👍",Curhat Ringan,0.0382774912315603,0.07761360704898836,[],Tidak ada kombinasi evidence pemicu urgensi
2050929219883110565,haloirfandisini,"@kiyowoy @gonukipb @mhuseinali Iyaa kak kek sengaja buat uji nyali, trus dia suka ada rt in akun “jiko bukken” gitu di jepang yang notabene rumah berhantu kek habis ada pembunuhan/bundir. Kalo kk nya tinggal di indo mending lanjut aja kan beda server gaakan sampe sana kok aman 🗿",Curhat Ringan,0.03817458542148677,0.07733370386289827,[],Tidak ada kombinasi evidence pemicu urgensi
2050990728877346893,sorryworld_u,"@yappingfess Padahal, menurut statistik cowok lebih banyak yg bundir. Bego!!
Lo gak lihat tuh, yg jembatan viral kemarin??
Ke sesama cowok aja lo pada gak empati, sok-sok an malah insult cewek tentang bundir. 
Cowok banyak yg jadi korban begal, kecelakaan, bundir, dan men loneliness epidemic",Curhat Ringan,0.038012458018253995,0.0768912448124452,[],Tidak ada kombinasi evidence pemicu urgensi
2053591843137605774,hutanbernapas_,"@destipra22 Seremnya judol itu karena dia manipulasi psikologis, pas menang dikasih high luar biasa, pas kalah bikin stress sampai bisa depresi. Apalagi udah punya rencana nikah seperti ini, tekanan bisa jadi berkali-kali lipat. Turut prihatin untuk pihak perempuan, semoga tidak ada lagi",Curhat Ringan,0.037976283484458154,0.07679227423487286,[],Tidak ada kombinasi evidence pemicu urgensi
2052695232664494333,ayundasal,"Dibilang lingkungan toxic gaterima, terus maunya disebut apa? lingkungan se...? (isi sendiri)

gini kan cara mainnya?",Curhat Ringan,0.037905919501234064,0.07659950445998799,[],Tidak ada kombinasi evidence pemicu urgensi
2059608540533469360,harvno0,@AngeloCalissto Terus wajar queer muslim didsikriminasi??? Wajar di suruh bundir??? Wajar di suruh keluar dari agama??? Wajar hijab dana cara berpakaiaannya di telanjang dan di lecehkan??? Mikir kok cuman 1 POV. Baca tweet gw kebawah dah sebelum bales tweet gw lagi 🙂,Curhat Ringan,0.03789098990431825,0.07655855900763224,[],Tidak ada kombinasi evidence pemicu urgensi
2054342434898034825,Xunloaders,"@yappingfess Gambaran Negara yg bikin rakyatnya depresi. Adek baru satu diantara jutaan warga yg jadi murung karna kebijakan, kelakuan, dan ketidaktahumaluan pejabat dan jajarannya.",Curhat Ringan,0.03768413456404903,0.07598964328115637,[],Tidak ada kombinasi evidence pemicu urgensi
2059525188535111839,Cookycheerful,@yappingfess Emang paling gampang nuduh orang. At least cari tahu dulu background dari masing2 pasien. Sulli bundir karena dibully. Saeron bundir karena kelilit hutang. Dari situ saja sudah paham betapa berat nya jadi artis di Korea. Harusnya mereka membentuk badan perlindungan artis,Curhat Ringan,0.03763929977430168,0.07586593826611837,[],Tidak ada kombinasi evidence pemicu urgensi
2049171995196006607,ambitiousneithh,"@infomitigasi @RifqiahStyles Kalau org mau bundir sambil bawa bom terus bawa2 identitas agama, kayak kejadian di Sarinah sama di Surabaya, itu masih ingat Tuhan atau ga ya ka namanya? 🤭",Curhat Ringan,0.03752604936192766,0.07555283399468118,[],Tidak ada kombinasi evidence pemicu urgensi
2057613881170952246,anaanne6,"@Tita83079013 Mrk jebak Wowo spy keluar dr BoP. Gaya bikin video SOS lg. 
Kirain vid bersiap bundir, kasih warisan, ihh!!",Curhat Ringan,0.03740794641379762,0.0752253451130607,[],Tidak ada kombinasi evidence pemicu urgensi
2059559708332282359,zxbingvh,"@TaterTots1014 susah si kl emg ga nerima fakta. DAN FYI KSR BUNDIR BUKN KRN KSH. Melainkan dia ditipu keluarganya yg bikin dia bangkrut, di kdrt sm suaminyaa.. masih denial juga? kl cm ikutan fomo ya emg gt sih. denial terus gaikutin kasus🙂‍↔️. semangat y 🤍🫰🏻",Curhat Ringan,0.03713686468221541,0.0744698855009946,[],Tidak ada kombinasi evidence pemicu urgensi
2047599429486841935,Jhon92850351,@Tony_Crosz Dari data angka orang depresi dan kegilaan di indonesia naik pesat sejak 2014 smpe 2026 ..28jt orang ..dalam semingu ini aja orang bundir 10 orang di jawa saja,Curhat Ringan,0.03707415390520589,0.07429436607794329,[],Tidak ada kombinasi evidence pemicu urgensi
2051301067187683661,CakD3pp,"Depresi 😢
Seorang siswi sekolah dasar (SDN) berinisial AKS (12), yang diduga menjadi korban pencabulan oleh oknum TNI di wilayah Kodim 1417/Kendari, Sertu Majid Bone, dilaporkan mengalami depresi. 
Korban cenderung mengurung diri di dalam kamar, kerap melukai tubuhnya dengan https://t.co/Jrzhu1uckB",Curhat Ringan,0.03702531504327437,0.07415747452865948,[],Tidak ada kombinasi evidence pemicu urgensi
2057992877897310545,Malesinah_,"𝘿𝙖𝙢𝙥𝙖𝙠 𝘽3𝙍𝙟𝙐𝘿1

1. Kecanduan
2. Stress dan kecemasan
3. Depresi, gangguan mental
4. Masalah finansial, hutang menumpuk
5. Kehilangan aset
6. Kerusakan hubungan dan tindakan kriminal

𝙅𝙖𝙪𝙝𝙞𝙡𝙖𝙝 𝙥𝙞𝙣𝙟𝙤𝙡 𝙙𝙖𝙣 𝙟𝙪𝙙!, 𝙖𝙜𝙖𝙧 𝙩𝙞𝙙𝙖𝙠 𝙢𝙚𝙧𝙪𝙜𝙞 𝙙𝙞 https://t.co/ixkdcabwKX",Curhat Ringan,0.03700386745675856,0.07409730373006879,[],Tidak ada kombinasi evidence pemicu urgensi
2051894104066609212,bliDanuMusuhGov,"@agannyi @falcon_fox2 Reminder aja, sistem 996 di China udah bikin banyak kasus bundir dan pemerintahan sana udah mau ada niatan ngilangin itu sistem.",Curhat Ringan,0.03681431493525962,0.07356405497500391,[],Tidak ada kombinasi evidence pemicu urgensi
2059229890055221572,xvqthlynezx,"@violetblums Emang sinting mereka sama kartun aja sampe mau bundir. 
mereka mah aslinya iri dan insecure sama Hinata, tau Hinata banyak yg suka dan populer cuma denial.",Curhat Ringan,0.036798454827676276,0.073519317715457,[],Tidak ada kombinasi evidence pemicu urgensi
2050833387993412009,AvelinoGuido28,"Bayangin. Seorang idol kpop minum air biasa tanpa sedotan, lalu jutaan fans langsung heboh seolah itu momen bersejarah yang mengubah dunia. Video itu viral, komentar membanjiri, dan tiba tiba jadi bukti betapa sempurnanya dia.
Keliatan kocak? Itu adalah realita sehari hari di",Tidak Relevan,0.03668069526182495,0.0731865672225302,[],R0: Tidak ada sinyal kesehatan mental (anchor & evidence kosong)
2056226633703731472,moonlunair1,@tarothindia Udah pasti keluarga Jw. Terus keluarga C ngelarang J yang mau ketemu C. Karena semenjak ditinggal J. C depresi berat.,Curhat Ringan,0.03664519534924378,0.07308605434655241,[],Tidak ada kombinasi evidence pemicu urgensi
2050483195431256088,mhuseinali,"Fun fact:

Ketiga anggota Red Lotus di sini matinya senjata makan tuan semua.

- P'li palanya meleduk karena combustionbending 

-Minghua disetrum Mako lewat tangan airnya (konyol), 

- Ghazan bundir. Niat bunuh Mako - Bolin. Plot armornya Bolin selamat karena bisa Lavabending. https://t.co/vLWWKgiQTO",Curhat Ringan,0.03660009609437701,0.0729582271482231,[],Tidak ada kombinasi evidence pemicu urgensi
2054340200143483114,punishe98373138,"@taufik_q siapa yg bilang jepang negara beradab, lihat ortu nya di telantarkan sampai melakukan hal ini,ingat jepang negara tertinggi bundir nya dan pelaku bundir orang2 muda umum nya. Jadi ajaran Islam 👍👍,,di Timur Tengah ortu di rawat no bundir,,cuma di Konoha byk bundir Korban judol",Curhat Ringan,0.0364566363156803,0.07255060148961616,[],Tidak ada kombinasi evidence pemicu urgensi
2054907017362555231,Anothermie5173,"@Jefferyyyyy @morv3x Pedofilia dibilang normal tapi gak dengan orientasi seksual, pls mending bundir sana kontol https://t.co/ttdEBU9nNN",Curhat Ringan,0.036389634789238366,0.07235969481143086,[],Tidak ada kombinasi evidence pemicu urgensi
2048732477120995612,tuijuh,"@fulminaerae @nirfungsih Ngaruh kak, sinyal stres bisa lewat mana aja. Jadi wajar kalo mungkin ada yang kondisi rambut &amp; kulit yg berubah karena lagi fase depresi",Curhat Ringan,0.036254482124758375,0.07197357443245975,[],Tidak ada kombinasi evidence pemicu urgensi
2058078061590122601,maksadako,"sasuke itu emang orang yang sakura sayangi sekaligus rekan timya, wajar dia sesedih itu. Ga usah sakura deh, di real life aja liat bias lu keluar dari grup udh bikin fangirlnya ada yg depresi, apalagi sakura yg liat crushnya sekaligus temen timnya pilih jalan yg salah",Curhat Ringan,0.03622515919452019,0.07188961831006138,['Tekanan Emosional'],Tidak ada kombinasi evidence pemicu urgensi
2051162430080700694,18fesss,"18! Sorry mw promosi, jd sender butuh responden buat jd pengguna, barangkali kalian butuh tempat cerita anonim bisa cobain bot buatan sender. Tujuan bot ini untuk wadah berbagi cerita karena maraknya kasus bundir belakangan ini. Ada filter kata jorok ya guys, jd aman https://t.co/KL6qmMJzQV",Curhat Ringan,0.036074586468458736,0.07145747217265043,[],Tidak ada kombinasi evidence pemicu urgensi
2060422566540673303,HILARlO,"@txtdrkuliner 1. Kopi, kagak beda-beda amat padahal yg mahal ama yg sachetan.
2. Dimsum, kagak bikin kenyang tapi mau aje pada beli mahal-mahal, giliran duit segitu buat beli nasi pade mikir-mikir.
3. Mie Ayam, kagak ada ngaruh-ngaruhnya sih buat orang yang mau bundir.",Curhat Ringan,0.035973941269145195,0.07116764965890483,[],Tidak ada kombinasi evidence pemicu urgensi
2050848635106275345,vaga123459,@AnakLolina2 Bukan bundir Tapi dibunuh polisi Malaysia sana,Curhat Ringan,0.03581107880180155,0.07069700575137342,[],Tidak ada kombinasi evidence pemicu urgensi
2059595327293030475,Asura0599,"Emang ini jadi pill pahit bahwa teknokrat selalu jadi tameng saat roda ekonomi lagi oleng.

Soalnya gini, IHSG dan nilai tukar (Rupiah) itu sangat sensitif sama sentimen. 

Pas investor melihat para elit atau pejabat asik memprioritaskan perjalanan dinas ke luar negeri atau https://t.co/tmISP1khRK",Tidak Relevan,0.03573031285938203,0.07046284142768744,[],R0: Tidak ada sinyal kesehatan mental (anchor & evidence kosong)
2052285893638262823,HandokoRio44681,"@ogiehart Yield nya 3-5 % aja setahun. 20thn baru bep. Belum kalo ada kebakaran, bundir.",Curhat Ringan,0.035647996079401036,0.07022365570689242,[],Tidak ada kombinasi evidence pemicu urgensi
2057039034359459938,Indouncensored,"@okiksadboi di tahun 2023 saja kasus bunuh diri karna faktor ekonomi atau pinjol jumlahnya ratusan, tertinggi di Jawa Tengah 356 kasus bundir disusul Jawa Timur 184 kasus dan Bali 94 kasus

sementara industri pinjol meraih laba hingga Rp.2 triliun

Wajarlah Aceh dipuji",Curhat Ringan,0.03562107552020317,0.07014531791210175,[],Tidak ada kombinasi evidence pemicu urgensi
2059265387288780848,Membirusenja,"@karirfess Kondisi low intelligence ini faktornya banyak. Bisa karena ada kondisi neurodivergent, masalah belajar, trauma,  stres, depresi,  atau lingkungan yg kurang mendukung untuk berkembang.",Curhat Ringan,0.035452149447420894,0.06965244414679932,[],Tidak ada kombinasi evidence pemicu urgensi
2047713140511838234,olinpsych,"Lalu aku akan bahas juga teori dari Edwin Shneidman bapak suididologi modern. Intinya dia mencetuskan teori Psychache (sakit mental yang luar biasa). Menurut dia, penyebabnya bukan hanya sekadar depresi yaa, tapi juga rasa sakit psikologis yang sudah tidak tertahankan.",Curhat Ringan,0.03525357819556135,0.06907017417252065,[],Tidak ada kombinasi evidence pemicu urgensi
2057610059165966821,yiianoceann,"@cureshanti0118 padahal pembully bisa bikin korban trauma bahkan bisa sampai bundir, gila serem banget mindset para homophobe ini",Curhat Ringan,0.03523964979806185,0.06902921346552444,[],Tidak ada kombinasi evidence pemicu urgensi
2059655004253016082,ammeldaini,"@abaraikyori @Aozorahika8049 Risiko, soalnya dia generalisir semua yg resign karena ""lemah mental"" (pdhl dari reply ternyata banyak case yg emang lingkungan kerjanya toxic parah bikin mau bundir), kalo uneg2nya lebih personal tentang adeknya, mungkin ga bakal dirujak separah itu.",Curhat Ringan,0.03519574042044532,0.06889998235485771,[],Tidak ada kombinasi evidence pemicu urgensi
2049160713449754749,subfans,"tanpa penonton? ngga, Persebaya lewat Persebaya Store ikut memberi tekanan mental ke pemain lawan lewat outfit yang digunakan coach, staff &amp; kitman lewat tulisan simple tapi on point

Bonek. https://t.co/hoU1k3Ccnx",Curhat Ringan,0.03478836075251149,0.06769354771258253,[],Tidak ada kombinasi evidence pemicu urgensi
2053048336056480174,tb_siswadi,@nanadehoney memilih pergi dari lingkungan toxic seringkali jauh lebih sulit daripada yang dibayangkan orang mungkin banyak hal dipikirkan pak yanto ninggalin istrinya yg toxic itu .,Tidak Relevan,0.03474794995274985,0.06757313171119401,[],R0: Tidak ada sinyal kesehatan mental (anchor & evidence kosong)
2059907592651223170,hoteliercrypto,"Nanti malam ada PCE. Saya ulangin: 

CPI adalah inflasi ke Konsumen, ke kita sebagai pembeli secara keluarga besar satu negara

PPI adalah inflasi ke Pabrik, ke Penjual, ke Produsen.

PCE adalah pengaruh inflasi ke dompet pribadi kita. Semakin tinggi artinya penghasilan kita https://t.co/fp957YZz7x",Tidak Relevan,0.03464245351405177,0.06725813629049243,[],R0: Tidak ada sinyal kesehatan mental (anchor & evidence kosong)
2057137033999704304,muuuamenaa,"@Kunge12345678 @infodrakor_id Fyi KSR sdh melakukan bbrp kali percobaan bundir, Nov 2024 dia operasi ligamen pasca percobaan bundir dan saat itu yg merawat dia mantan pacarnya yg non seleb, smntra ibunya asik makan makan dgn pacarnya saat saeron dibawa mantannya pulang kerumah pasca operasi itu.",Curhat Ringan,0.03451061069534185,0.06686317211750782,[],Tidak ada kombinasi evidence pemicu urgensi
2059189578469400828,way_amm,"Kalau kamu sering merasa ""serba salah"", selalu disalahkan, atau mulai ragu dengan ingatan dan perasaan sendiri🙃

Itu bisa jadi tanda manipulasi emosional.

Manipulasi emosional membuat kamu seperti boneka perasaan sendiri, padahal yang mengendalikan adalah orang lain.

Efeknya?",Curhat Ringan,0.03411704048685272,0.06567543135447935,[],Tidak ada kombinasi evidence pemicu urgensi
2060288435374682298,lerngdy,"@ssbmasmas Sama. Dulu daftar CPNS dosen dapat nilai CAT tertinggi. Pengujinya mantan dosenku, yang dulu pas kuliah aku bantu urus akreditasi sampai begadang, stres, dan sempat didiagnosa depresi karena kelelahan fisik dan mental di-push bikin dokumen &amp; sistem IT-nya. (1/2)",Curhat Ringan,0.034025481481079804,0.06539722437208349,['Tekanan Emosional'],Tidak ada kombinasi evidence pemicu urgensi
2060282561876861113,RosesGan,"@ledekrepp Itu trigger awalnya, mungkin klo ga pernah ada yg upload foto itu, kejadian setelahnya kemungkinan ga bakal terjadi. Soal dua kali, menurut pandangan gua, dia g pacaran sama si cowok itu, cuman ikut pesta Halloween yg kebetulan ada yg memviralkan, dan jadilah kegaduhan fandom,",Tidak Relevan,0.033957312359825395,0.06518961936235428,[],R0: Tidak ada sinyal kesehatan mental (anchor & evidence kosong)
2048193906450583828,souprates_,"@ElMevlana94612 @_mabskuy @arman_dhani Nabi Yaqub, Nabi Yunus, Nabi Ayyub, bahkan Nabi Muhammad. depresi ngga serta merta vonis penyakit mental tapi juga bisa maksud lain dari tekanan. Mereka secara fisik manusia biasa",Curhat Ringan,0.033909761444940935,0.06504456766627052,[],Tidak ada kombinasi evidence pemicu urgensi
2059405751223992738,KoleksiKoreksi,"@315page Tulisan Dazai pasti difilter mati-matian biar lebih family friendly. 😂 Kalau menilik serius, sebaca saya di artikel WHO (September 2025) dan Kemenkes (Maret 2026), depresi anak dan remaja dini naik signifikan. Adanya buku versi ini sebetulnya kasih tunjuk kepekaan soal isu itu. https://t.co/MX7fGjCOKu",Curhat Ringan,0.033898214488117334,0.06500931463458322,[],Tidak ada kombinasi evidence pemicu urgensi
2051164331606180120,_sixbalax_,"@Jelli_cent lingkungan toxic di pemerintahan, lebih baik mundur, ibarat pacaran - ngapain mempertahankan pasangan toxic? putusin, gugat cerai

sebelum mundur, bikin rekam jejak duluk selama menjabat (istilah IT nya cek and print history log), siapa tauk dikambinghitamkan para pejabat toxic",Tidak Relevan,0.03368511628475064,0.06435663388534026,[],R0: Tidak ada sinyal kesehatan mental (anchor & evidence kosong)
2053831391738229229,HIBIKUN_,"Bursa kode vote $RH26 hari ini alami depresi hingga 42,86% di angka 10.000/vote. Tingginya offer dari para pemegang kode vote dan pasca rilisnya instrumen baru, membuat para broker dalam fanbase memutar otak untuk menjaga pendistribusian. Selengkapnya di https://t.co/FZ991i0Dax https://t.co/xv2mTUE1eZ",Curhat Ringan,0.03366389103267998,0.06429140676151622,[],Tidak ada kombinasi evidence pemicu urgensi
2058245965577154656,jejakrasa27,"Aku pernah baca kalau dalam psikologi ada istilah Behavioral Activation.

Yaitu cara membantu diri sendiri keluar dari tekanan mental dengan kembali melakukan aktivitas yang memberi rasa nyaman, makna, atau kepuasan kecil dalam hidup. https://t.co/s8JXEuUq2Q",Curhat Ringan,0.0336022610210615,0.06410178694535386,[],Tidak ada kombinasi evidence pemicu urgensi
2047692377389977819,dayatpiliang,"Bayangkan saja, kalau aku fokusnya hanya pada angka?

Sebagai pengguna dengan langganan Premium+, melihat analitik seperti ini, apa tidak depresi?

Ingat lagi tujuan awalnya.

Tujuan utama bukan mengejar payout, tapi membangun personal branding dengan konsisten ngonten; konten https://t.co/pLUyR5kvkM",Curhat Ringan,0.033584478386733924,0.06404701191367525,[],Tidak ada kombinasi evidence pemicu urgensi
2047709262550585707,bryskyyy21,"PARA PERASUK (Levitating) 2026

Finally!! ada film Indonesia yg buat gw amaze, amaze, amaze! 🤩

SINOPSIS
Desa Latas, sebuah desa kecil di pinggiran kota, dikenal dengan pesta kerasukan, sebuah tradisi turun-temurun yang sudah lama jadi bagian dari kehidupan dan hiburan warganya. https://t.co/T4EZAbXaZa",Tidak Relevan,0.03358415641924966,0.0640460199140238,[],R0: Tidak ada sinyal kesehatan mental (anchor & evidence kosong)
2052408945273434343,officialfgmedia,"Sudah 22 hari berlalu, ​Sertu MB, oknum TNI di Kendari, hingga kini masih menjadi buron setelah diduga mencabuli siswi SD yang merupakan kerabatnya sendiri. 

Terduga pelaku kabur saat menjalani pemeriksaan di Kodim 1417/Kendari pada 15 April 2026 dengan dalih mencari makan. https://t.co/6A3OYE4IgW",Curhat Ringan,0.03356873710709496,0.06399850140918385,[],Tidak ada kombinasi evidence pemicu urgensi
2050258789610447063,thebadkop,"@LambeSahamjja Senioritas dlm dunia kedokteran itu nyata. Ini satu bukti, dan ada byk bukti lagi kasus spt itu. Kasus bullying mhsw ppds Undip yg berujung bundir juga bukti lain ttg ruwetnya dunia itu",Curhat Ringan,0.03354765837458343,0.0639335078723503,[],Tidak ada kombinasi evidence pemicu urgensi
2059946629311185168,BelialSyntax,"🧵
Salah satu sudut tergelap dan terlupakan dari dampak pasca-tragedi 7 Oktober: Krisis Kesehatan Mental (Mental Health Crisis) di kalangan First Responders (petugas penyelamat gelombang pertama) dan para penyintas (survivors).
​Ketika perang atau teror pecah, perhatian dunia",Curhat Ringan,0.03349990546570059,0.06378612204483063,[],Tidak ada kombinasi evidence pemicu urgensi
2056913118182482225,seramagazine,@worksfess Anxiety parah sebulan pertama kerja wkwkw,Tidak Relevan,0.0334315052968798,0.06357465627970119,[],R0: Tidak ada sinyal kesehatan mental (anchor & evidence kosong)
2060581066977800567,dittolongdit,"nahas bgt gen z angkatan w.

jaman sma-kuliah awal covid, pas lulus abis stres skripsian malah disuguhin market kerjaan makin ANCUR sengawur-ngawurnya.

udah si ini mah kl ada gen z ga depresi, antara emg golongan punya privilese atau blom didiagnosa profesional aja…",Curhat Ringan,0.03281036845959966,0.061634999784556305,[],Tidak ada kombinasi evidence pemicu urgensi
2048012562147791322,hoppityvooshh,"@hklrst22 @Hayat_aL_Fatih @ardisatriawan Depresi itu masuk gangguan jiwa di ilmu psikiatri. Sama dengan ODGJ (orang dengan gangguan jiwa). Ada senyawa yg tidak seimbang di otak penderita depresi. Makanya mereka dikasih obat. Depresi tuh penyakit, sama kayak kanker. Apa iya org meninggal bisa masuk neraka krn kanker?",Curhat Ringan,0.03277099606100486,0.06151085713821831,[],Tidak ada kombinasi evidence pemicu urgensi
2058467854186348838,Harian_Jogja,Studi Temukan Hubungan Serangan Jantung dan Risiko Depresi https://t.co/CgvLlqCNMu,Curhat Ringan,0.03271628588709493,0.06133811446753415,[],Tidak ada kombinasi evidence pemicu urgensi
2051489658924884045,bagindo_kopi,"Murid SD Korban Dugaan Asusila Oknum TNI di Kendari Depresi, Cakar Tubuh hingga Menangis Histeris

Luka seorang murid Sekolah Dasar (SD) di Konawe Selatan (Konsel), inisial A (12), diduga menjadi korban pencabulan oleh oknum TNI, Sertu MB. Korban dilaporkan mengalami depresi https://t.co/vjmCHdelH0",Curhat Ringan,0.03255674934325309,0.06083279327235439,[],Tidak ada kombinasi evidence pemicu urgensi
2053775699165765905,mhuseinali,"Fun fact:

Apa yang terjadi dengan bison semisal companionnya mati duluan?

1. Starve to death (bundir) karena depresi.
2. Kabur dan ngilang.
3. Balik ke air temple.

Bison terbang ini konsepnya camaraderie. Bahkan Bisonnya Avatar Yangchen aja rela mati demi melindungi Yangchen. https://t.co/YK6d1z166i",Curhat Ringan,0.03248400504009699,0.06060158585508665,[],Tidak ada kombinasi evidence pemicu urgensi
2059905320131145934,yusufgunawan,"Judol bukan sekadar masalah kehilangan uang, melainkan sebuah lingkaran setan yang merusak otak, mental, sosial, dan masa depan

Menurut para psikiater, kecanduan judol menyebabkan kerusakan pada sistem pembuat keputusan di otak yang gejalanya mirip dengan ketergantungan narkoba.",Curhat Ringan,0.03246736211919177,0.060548618368127125,[],Tidak ada kombinasi evidence pemicu urgensi
2048595802743071039,nisanazliaan,"@kdrama_menfess Aku ngiranya dia sengaja ga bangun karena supaya kakaknya bisa bangkit dari depan TV, soalnya kan lagi depresi juga kakaknya dan dia sengaja begitu biar kakaknya mau ngomong lagi 😭",Curhat Ringan,0.03216409191160389,0.059578811580484566,[],Tidak ada kombinasi evidence pemicu urgensi
2057830485502632016,ariyanto49884,"@Idnextgen Sprtinya dia lgi depresi berat.
Butuh di bawa ke dokter kejiwaan atau spikolog.",Curhat Ringan,0.03206972316421583,0.05927523248123401,[],Tidak ada kombinasi evidence pemicu urgensi
2051208468493951196,Algie_Agestian,"@Rama_Ios9 @misogenie_ Gak usah yang kerjaan fisik begitu, ada cewek bule di luar negeri yang nyamar jadi cowok pekerja kantoran buat penelitian, malah depresi sendiri dan stop penyamarannya karena gak sanggup dengan kehidupan cowok. Intinya setiap gender punya permasalahannya sendiri.",Curhat Ringan,0.031993987912125134,0.05903097093105316,[],Tidak ada kombinasi evidence pemicu urgensi
2056363262703521938,bibimguksue,"https://t.co/ylypY2VXjj

— chapt. 21
(1/3)

hwan gagal melakukan perlawanan. dari banyaknya alasan kegagalannya, kesalahan fatal terbesar adalah dia mempercayai yoon seongwon, ayah yirang. berdasarkan hukum kerajaan khusus yang melarang publikasi catatan medis putra mahkota tanpa",Tidak Relevan,0.0319262311600176,0.05881196734580127,[],R0: Tidak ada sinyal kesehatan mental (anchor & evidence kosong)
2047830936478433672,agooesh,@iPoopBased @DiscussingFish Kalao Gen H ngikut plot Gen V uda pada mati semua itu karakternya satu2 gara2 depresi,Curhat Ringan,0.03183184237549549,0.0585061332606005,[],Tidak ada kombinasi evidence pemicu urgensi
2048128289924161754,ahylfras,"Tuhan itu Hakim yg Mahatahu (Omniscient), jauh melebihi penghakiman manusia yg dangkal, yg g tau apa yg ada di hati &amp; pikiran seseorang.

Org depresi jgnkan sbjective reality ky dosa, basic instinct aja udh g jalan. 

Divine truth isn't a tool to condemn those in despair.",Curhat Ringan,0.03182227389906716,0.05847508099043008,[],Tidak ada kombinasi evidence pemicu urgensi
2050797084513882195,SilvaraniR20209,"@kenytimes Kalo kata ustadz Felix kekurangan orang jepang itu kurang agama jadi dikit² bundir.. orang Indonesia punya agama jadi lebih wise aja.. apalagi orang Indonesia sering di sakitin pemerintah, makanya ketika ketemu masalah rasanya gak seberapa,, termasuk di hina Knetz gada apa²nya",Curhat Ringan,0.03180867304903208,0.05843092704361135,[],Tidak ada kombinasi evidence pemicu urgensi
2047729930864345219,egha53631319,"@sydneyzw Wat ortu:
- biarin ajah ngpah klo anak nya pen kawiin,,kan anak nya yg ngrasain bahagia / gak,,
Wat LAKI2/CEWE2
-CEMEN idup lo klo msalah cinta mpe BUNDIR,,di luaran sana masih BANYAAAKKKK...
(Tapi yg Orian agak susah🤪)
-Banyakin Temen wat bercerita,
-Banyakin DUIIITTTT..",Curhat Ringan,0.03177664684072288,0.058326884652629044,[],Tidak ada kombinasi evidence pemicu urgensi
2053622858677686550,bergajulanbets,"@treeuncompleted @Mangga1111 Cowoknya tolol tukang judol tapi playing victim ke pihak perempuan, asli deh kalo dirunut pasti sebenarnya pihak perempuan juga banyak disalahkan sepihak sama cowok cemen satu ini, dia bundir pasti bukan karena tekanan dari pihak wanita, tapi karena dikejar2 hutang, tolol https://t.co/2Rwwbhb8hh",Curhat Ringan,0.03146124584513912,0.057296800111053564,[],Tidak ada kombinasi evidence pemicu urgensi
2056317420785090747,riojohan,"3/5     The Beloved (Rodrigo Sorogoyen, Spanyol, 2026)

""Sentimental Value"" Spanish Style. Kalau Sentimental Value cengeng dan depresi kek orang-orang Skandinavia, yang ini beringas. Okelah. Lebih suka ""Sentimental Value"". https://t.co/6Elrx4EMlo",Curhat Ringan,0.031432984108539064,0.05720401148904454,[],Tidak ada kombinasi evidence pemicu urgensi
2052196137487179822,Yugisupra1,"Di tahun 1518, seorang wanita bernama Frau Troffea tiba-tiba menari sendiri di jalanan Strasbourg. Tidak ada musik. Tidak ada alasan. Ia hanya… menari. Terus. Selama beberapa hari tanpa berhenti.

Dalam hitungan minggu, lebih dari 400 orang ikut menari bersamanya. Banyak yang https://t.co/HAslzD3GiM",Curhat Ringan,0.031355455023033614,0.056949053792226506,[],Tidak ada kombinasi evidence pemicu urgensi
2057627346447012065,13_iwaN,"Anak jaman sekarang terpapar screen time tinggi banget. Iya gak?

Advisory dari Surgeon General Amerika: anak usia 6–18 tahun maksimal 2 jam/hari screen time.

Actual-nya Rata² remaja sekarang sudah 4+ jam — dua kali lipat dari batasnya.
Dampaknya negative banget:
↳ Kualitas https://t.co/aGv2szaPay",Tidak Relevan,0.03128076266977335,0.05670284722564799,[],R0: Tidak ada sinyal kesehatan mental (anchor & evidence kosong)
2050500051898929634,thranduilion,"Kalo ada yg masih ingat Itaewon stampede 2022, dr situ ada jg beberapa penyintas yg akhirnya pilih bundir. Dr situ jg banyak studi yg bahas PTSD penyintasnya dan gak memadainya pendampingan buat mereka. Dan ya kebanyakan yg terdampak orang muda angkatan kerja.",Curhat Ringan,0.031249130892850648,0.05659840865568681,[],Tidak ada kombinasi evidence pemicu urgensi
2058868949228613939,alineadotid,Hewan ini terbukti dapat mengalami stres emosional yang berat dan menunjukkan perubahan perilaku agresif atau depresi saat menyadari akan kehilangan atau berpisah dengan pemilik lamanya.,Curhat Ringan,0.031197156882102024,0.056426583817510895,[],Tidak ada kombinasi evidence pemicu urgensi
2059876605645001193,0xhanyfa,"6. Sering nyalahin diri sendiri

inner child yang lukanya udah dalem banget kalau nggak di-heal bisa jadi pemicu masalah mental yang lebih serius kayak depresi, bipolar, dan lain-lain.

kadang juga bisa bikin seseorang develop stockholm syndrome. nggak semua sih, tapi",Curhat Ringan,0.03118178776015801,0.056375720792196014,[],Tidak ada kombinasi evidence pemicu urgensi
2053147638879699035,christianvctrs,"Kisah nyata di Kalimantan Barat

Dulu hampir 20 dekade yang lalu, orang yang punya kebun karet orang di kampung bahagia banget
Harga karet sekitar 8-12k/kg
Petani semangat nderes/motong nya

Tapi semenjak Jokowow menjabat, harga karet drop gila gilaan
Yang tadinya 8-12k drop",Tidak Relevan,0.031179303316663166,0.05636749642364907,[],R0: Tidak ada sinyal kesehatan mental (anchor & evidence kosong)
2054819224997310606,altramilk,"Gue tetep bakal ngatain sih. Prank kaya gini tuh nggak lucu, kasihan anaknya.

Menurut Gracia Ivonika, M.Psi., Psikolog dampak negarif prank terhadap anak :

1. Hilangnya Rasa Aman
Anak jadi merasa tidak aman di rumah sendiri dan cemas karena lingkungan terdekat dianggap tidak",Curhat Ringan,0.03105411618448717,0.05595226030458103,[],Tidak ada kombinasi evidence pemicu urgensi
2056918862894117352,egoistcaptain,"kalo kalian liat orang indo males-malesan dan gak disiplin, pikir lagi: itu malas, stres/burnout/trauma/depresi, efek dari tempat kerja yang tidak menyejahterakan dan mengakomodasi (atau bahkan abusive + mendiskriminasi), atau standar produktivitas kita hustle culture palugada?",Curhat Ringan,0.03100452460039679,0.05578732061566729,[],Tidak ada kombinasi evidence pemicu urgensi
2053792457020833983,LimaWaluSara,"Kondisi ibu yang ada dalam video ini bukan BABY BLUES !

Kondisi seperti ini lebih berat, sudah ada di tahap Depresi Postpartum.

Seorang ibu merasa tidak mampu mengurus bayi atau kehilangan minat pada bayinya.

Ditahap ini si ibu butuh bantuan dan pengobatan. https://t.co/OLSZuMCpSI",Curhat Ringan,0.030889297786089308,0.055403092480970154,[],Tidak ada kombinasi evidence pemicu urgensi
2052293681982603758,Frisllyherlind,"Gak ada menyalahkan fb manapun, yang kita sayangkan adl ini banyak banget dm yang masuk membahas dan menyalahkan tentang “lingkungan toxic” dan suruh kita speak up soal lokasi dsb jd kita bingung kaya lohkok ini kenapa suruh kita klarif soal lokasi yg toxic dll -next",Tidak Relevan,0.03075936769128101,0.054968167660814346,[],R0: Tidak ada sinyal kesehatan mental (anchor & evidence kosong)
2050809506125562150,circa_tipeng,"@BangPino__ Dari outfitnya kemungkinan beliau terseret ps berenang di daerah atas? Soalny klo bundir biasanya pakai baju lengkap, smntr itu spt outfit renang. Tp klo ada luka trauma bs jd pmbnhn.",Curhat Ringan,0.030707903457788403,0.054795405539599336,[],Tidak ada kombinasi evidence pemicu urgensi
2048004873380409383,RestuAwalliddin,"Other than talking to your therapist, I guess olahraga jadi salah satu jawabannya.

Ada paper yang bilang kalo jalan kaki/jogging, yoga, atau angkat beban bisa kurangi gejala depresi. Bahkan secara hasil bisa efektif kalau dilakukan rutin dengan intensitas sedang.

Tapi tentu https://t.co/B9yjjzIxaK",Curhat Ringan,0.030446885093732022,0.053914843409350426,[],Tidak ada kombinasi evidence pemicu urgensi
2057532545475268687,aramualam,@sloppypoppy Fans nya KSH bela dia karena dia gk terlibat secara fisik dalam kasus bunuh diri KSR. Tapi kasus bunuh diri sama kasus pencabulan anak dibawah umur itu 2 kasus yang berbeda. Hanya karena dia gak terlibat scr langsung dalam bundir nya KSR bukan berarti dia bebas dating dngan minor,Curhat Ringan,0.03039007586191006,0.053722225265069444,[],Tidak ada kombinasi evidence pemicu urgensi
2055659430201696372,Brutus_Istn2045,"@asvillainn @penduduk_lokal_ Harvard &amp; Ivy League 
DEATH BY MERITOCRACY 

Generasi yg semakin banyak kuliah 
Ternyata lebih miskin daripada generasi orang tuanya

Untung sarjana2 RI kaga rajin bundir kayak di Korsel/Jepang

https://t.co/93a7Gmfn9G",Curhat Ringan,0.03033972982822051,0.0535512295862039,[],Tidak ada kombinasi evidence pemicu urgensi
2055982439416361217,Red_Vallvet,"Dampak bagi kesehatan mental dan sosial.

Tekanan hutang dan rasa cemas yang terus-menerus bisa memicu stres berat, depresi, hingga gangguan kesehatan jiwa lainnya.",Curhat Ringan,0.03031464722546404,0.05346593622005347,[],Tidak ada kombinasi evidence pemicu urgensi
2050987318157455869,AedPangolin,"Idk ya soalnya mungkin dia bisa bundir atau berhenti gambar sama sekali.
Dia homophobicnya cuma ga gambar queer ship, tapi diancam hijabnya mau disobek2lah, dihina tiap post art, gambarnya dikasih makan ke ai.",Curhat Ringan,0.03026867278509015,0.053309422531024074,[],Tidak ada kombinasi evidence pemicu urgensi
2054799147660886213,SetiakuDandi,"sangat setujuh sama Ibu guru nya.. 

Dampak Negatif yang Umum Terjadi
Gangguan Fokus Belajar
Energi emosional terkuras untuk hubungan, pikiran terbagi antara pelajaran dan pasangan. Prestasi akademik sering menurun tanpa disadari.

Ketergantungan Emosional
Di usia ini identitas https://t.co/VNUgr6kkNt",Tidak Relevan,0.03024937268382228,0.05324364933326389,[],R0: Tidak ada sinyal kesehatan mental (anchor & evidence kosong)
2056936486252183584,kejumesir,"@StatsRawon Ayo @persebayaupdate tiru arsenal.! Ugly win, is a win.. Mbuh Gol set piece, gol bundir, gol kontroversi.. Pokoke menang disik.. Mental iku sing harus mbok tiru.. Main cantik iku bonus..",Curhat Ringan,0.03014287447750576,0.05287997921307882,[],Tidak ada kombinasi evidence pemicu urgensi
2047995538591912071,KalanaraDika,"Gangguan Jiwa dan Risiko Bunuh Diri, Apa Kata Riset?

Gangguan jiwa secara konsisten terbukti meningkatkan risiko bunuh diri secara signifikan. 

Menurut riset yang diterbitkan di PMC/NIH, setidaknya 90% orang yang meninggal akibat bunuh diri diketahui pernah mengalami gangguan",Curhat Ringan,0.030006865597162303,0.05241372151808305,[],Tidak ada kombinasi evidence pemicu urgensi
2059988828279189916,belajararif,"Yuk parents, belajar deep talk ala Nabi Ibrahim Alaihissalam bagian ke-2

Setelah kemarin kita  bahas soal bagaimana Nabi Ibrahim AS berkomunikasi dengan indah dengan anaknya Nabi Ismail AS (deep talk), sekarang kita membahas sebenarnya kapan deep talk ini bisa kita lakukan pada",Tidak Relevan,0.029929227082142924,0.05214664667393222,[],R0: Tidak ada sinyal kesehatan mental (anchor & evidence kosong)
2050977862468223145,_bleu_violet_,"@momwholifts Yaelah mba security nya tuh baik mau nolongin, dari sekian bnyk orng disitu knp yg disalahin cuma security aj, knp gak pacarnya yg disalahin? Kan awal mula dia mau bundir karna pacarnya. Cuma modal liat video berasa paling bener",Curhat Ringan,0.029926632702036805,0.05213771047296398,[],Tidak ada kombinasi evidence pemicu urgensi
2058846687356203373,jungwhee_in,@Meiluv17 Berarti emang pada dasarnya gak boleh ada lingkungan toxic apapun pekerjaan nya,Tidak Relevan,0.029818568533891268,0.05176482078703967,[],R0: Tidak ada sinyal kesehatan mental (anchor & evidence kosong)
2048581544642843053,NakesPuskesmas,"Jangan Dianggap Sepele: Ini Dampak Screen Time Berlebihan pada Anak!

Sebuah studi yang dilakukan pada 355 siswa SMP di Surabaya berusia antara 12-15 tahun 2024 lalu, ditemukan rata-rata waktu yang dihabiskan anak di depan layar mencapai 5,9 jam per hari. Dengan kata lain dalam https://t.co/ND8lnVMVvj",Tidak Relevan,0.02970849692897857,0.05138365517963063,[],R0: Tidak ada sinyal kesehatan mental (anchor & evidence kosong)
2056887879587320181,kebajikanatas,"6 ALARM BAHAYA KESEHATAN WANITA ""jangan remehkan"" 
 
1. Menstruasi tidak teratur: biasanya karna hormon terganggu, stres, atau kondisi seperti PCOS
☑️ Perbaiki tidur, makan lemak sehat, kelola stress
2. Susah BAB/ BAB tidak teratur : bisa kurang serat, cairan, atau gangguan",Curhat Ringan,0.02942783199640261,0.05040551315654409,[],Tidak ada kombinasi evidence pemicu urgensi
2059994319906611495,WagimanDeep212_,"Pusat Pelaporan dan Analisis Transaksi Keuangan (@PPATK) melakukan wawancara dengan pelaku dan korban (keluarga pelaku) dari Judi online..
Ngeri ada yg kalah hilang uang dari puluhan, ratusan juta hingga Milyaran rupiah..belum lagi sdh banyak yg Bundir krn judol

Cekidot 👇 https://t.co/WWMpPxE9tF",Curhat Ringan,0.029419788982532717,0.0503773494200273,[],Tidak ada kombinasi evidence pemicu urgensi
2051295071337955572,masjiji68,"@theultramilkkk utk periode terbatas; gaji gede tapi lingkungan toxic dgn prinsip datang-absen-kerja-pulang (meminimalisir keberadaan), 

setelah 1-2 tahun terkumpul tabungan buat muterin modal usaha kecil2n ganti ke kerjaan yg lingkungan ga toxic gaji pas2, lebihnya dari usaha tdi",Tidak Relevan,0.029373478801424074,0.050215042450211266,[],R0: Tidak ada sinyal kesehatan mental (anchor & evidence kosong)
2053706174038753379,reaisreader,"eh tp pas jg sih candle yg ngelakuin crimson ritual ngebuat rambut dia berubah jadi putih krna depresi berat bunuh twins sendiri, sesuai kek lore fatal frame aslinya akwakw di au ini candle aslinya black hair tp krna trauma itu dia jd white hair",Curhat Ringan,0.029309496845713573,0.049990391076514214,[],Tidak ada kombinasi evidence pemicu urgensi
2056246669419900932,BhrePajang77547,"@dewa77996 Gunung kidul emang anomali, banyak kasus bundir, dan wilayah nya juga gersang, pantes banyak yang makan walang goreng",Curhat Ringan,0.02914960251613732,0.049426889103470435,[],Tidak ada kombinasi evidence pemicu urgensi
2058429132565090774,AkuntanYeah,"gue percaya rezeki dari Tuhan itu besar dan Tuhan pasti akan mencukupi kebutuhan kita di dunia, kalau pun rezeki dari Tuhan dianggap gak cukup kalau dilihat dari kaca mata kita sebagai manusia, mungkin sebaiknya kita berprasangka baik pada Tuhan, mungkin sebaiknya kita",Tidak Relevan,0.029144167212535915,0.04940768128091639,[],R0: Tidak ada sinyal kesehatan mental (anchor & evidence kosong)
2059857976803143710,utdreign,"Premier League pernah dimenangkan klub yang sekarang bahkan jarang dibahas orang. Bahkan sekaligus menghancurkan MU–nya Sir Alex Ferguson.

Musim 1994/95 harusnya jadi era dominasi Manchester United. Mereka punya skuad penuh bintang, punya Sir Alex Ferguson, dan orang-orang saat https://t.co/muXSnQgxje",Curhat Ringan,0.02888418518157077,0.0484848484848485,['Tekanan Emosional'],Tidak ada kombinasi evidence pemicu urgensi
2054918613002592385,niki_tipaah,"@tanyarlfes ada, cuma mereka ngga mau cerita aja
pernah loh ada video viral, laki-laki yang babak belur karena istrinya dan pandangannya kosong, pas ditemui sama saudaranya, dia udh depresi berat karena sering banget disiksa sama istrinya.
tahun kemarin kayanya, seliweran di tlku videonya",Curhat Ringan,0.02884339167903316,0.04833931679075415,[],Tidak ada kombinasi evidence pemicu urgensi
2059511858357223879,Adam_Blazej_,"4⃣ U spokojenosti ještě zůstaneme. Rovněž se zjistilo, že šestiminutový poslech ptáků snižuje úzkosti a paranoiu. V případě rozmanitosti druhů může mírnit také depresi. Opačný efekt má poslech hluku dopravy. https://t.co/EQTDyb8ll7",Curhat Ringan,0.02883852578916403,0.048321944294553824,[],Tidak ada kombinasi evidence pemicu urgensi
2051234526651912374,Heraloebss,"Seorang siswi sekolah dasar (SDN) berinisial AKS (12), yang diduga menjadi korban pencabulan oleh oknum TNI di wilayah Kodim 1417/Kendari, Sertu Majid Bone, dilaporkan mengalami depresi. 

Korban cenderung mengurung diri di dalam kamar, kerap melukai tubuhnya dengan cara https://t.co/hHi9YXN4ZT",Curhat Ringan,0.02878379359282162,0.04812633991241456,[],Tidak ada kombinasi evidence pemicu urgensi
2060559752254627872,offlyseste,"Lagi-lagi south korea yapping ngatain latin America punya kulit kotor, sawo matang, lipatan matanya tebel mirip asia tenggara (kenapa bawa² asean)
Padahal cewek itu cuma bilang dia punya natural aegyo sal tanpa make-up

Korea isinya kalo nggak rasis, pelecehan, ya bundir kayaknya",Curhat Ringan,0.028579437665513602,0.0473927999084646,[],Tidak ada kombinasi evidence pemicu urgensi
2059936521445077391,tanyarlfes,"Yg tau, ini diagnosa yg bener tu yg mana ya? Sender ga dikasih tau sm dr. jantung krn sender ada depresi &amp; gangguan cemas jd gmau kasih tau diagnosa sakit jantung apa 😭 Ini cari tau krn kdg ditanya dokter jaga igd riwayat sakit jantunya  apa 🥲 makasii 💚 https://t.co/dyP31xG6Lv",Curhat Ringan,0.028543614296897328,0.04726368696852164,[],Tidak ada kombinasi evidence pemicu urgensi
2051162969715974260,neVerAl0nely___,"Seorang siswi sekolah dasar (SDN) berinisial AKS (12), yang diduga menjadi korban pencabulan oleh oknum TNI di wilayah Kodim 1417/Kendari, Sertu Majid Bone, dilaporkan mengalami depresi. Korban cenderung mengurung diri di dalam kamar, kerap melukai tubuhnya dengan cara mencakar, https://t.co/g0CTv2w5Xg",Curhat Ringan,0.02845142062010644,0.04693068211728876,[],Tidak ada kombinasi evidence pemicu urgensi
2054774899835797757,fluoxetan,"@tanyarlfes keren, masya Allah, aku pribadi blm sampe situ, tp dr yg aku baca alasannya tuh Rasulullah aja gk merayakan, meniru tradisi non muslim, pemborosan, dan mengagungkan hari raya selain yg dirayakan karena hari rayanya muslim cuman 2 idul fitri dan idul adha.
terus ada dampak",Tidak Relevan,0.028436973688011236,0.04687840468955763,[],R0: Tidak ada sinyal kesehatan mental (anchor & evidence kosong)
2049431391767769417,egoistcaptain,"@cloriavey tapi aku suspect lebih jarang orang mengaitkan depresi-disability, karena yg punya mental illness tanpa komorbid lain cenderung nggak associate their struggles with disability? fokus yang terlihat pun seringkali managing/treatment, terutama untuk yg masih fungsional",Curhat Ringan,0.028298312446908894,0.046375332047429045,[],Tidak ada kombinasi evidence pemicu urgensi
2047679928838263271,muhammadsyakur2,"@PapaEK0 @sydneyzw kmrn baca masyarakat umum boleh nyolatin,kl  utk tokoh agama dilarang, pas zaman Nabi Muhammad SAW ada yg bundir, beliau tidak ikut mensholatkan tp membiarkan sahabat2 beliau mensholatkan jenazah",Curhat Ringan,0.028181034986662863,0.04594796963713386,[],Tidak ada kombinasi evidence pemicu urgensi
2048808633304268826,miadmeliora,aneh bgt jadi dia baru depresi pas tau anakny ga hamil? jadi pas anakny masih dikira hamil dia biasa aja mukul2 gitu?,Curhat Ringan,0.02806503837490846,0.0455235725438053,[],Tidak ada kombinasi evidence pemicu urgensi
2048628535758373232,PoopalineWorm,@garismerah_id @Adinugrohokw3 Memangnya norma agama bisa menyembuhkan depresi?,Curhat Ringan,0.028006010198493147,0.045306951597784514,[],Tidak ada kombinasi evidence pemicu urgensi
2048002602273784275,ameydeen_,"Oleh itu, Menteri Kesihatan sangat digesa untuk melakukan lawatan mengejut secara menyamar supaya dapat merasai sendiri penderitaan rakyat serta tekanan mental sebenar yang dihadapi oleh para doktor dan jururawat kita setiap hari.

Kredit : Mohd Faisal",Curhat Ringan,0.027983612862537862,0.045224642042409294,[],Tidak ada kombinasi evidence pemicu urgensi
2052301182409093217,oktavianidyvia7,yang bilang lingkungan toxic siapa sihhh astagfirullah PH YG TOXIC BUKAN LINGKUNGAN TOXIC NGERTI GAJ 😭🫵,Tidak Relevan,0.027868121230728397,0.044799195433204826,[],R0: Tidak ada sinyal kesehatan mental (anchor & evidence kosong)
2060291348222058843,sbmptnfess,"ptn! Skor segini rata"" rapot 89.89 ambil mandiri tekpang sama agro upn jatim kira"" aman ga yaa? Atau malah bundir? https://t.co/MptSAXdExc",Curhat Ringan,0.02779328767711,0.04452260922301899,[],Tidak ada kombinasi evidence pemicu urgensi
2047892424534745159,AkunMboizSam,persiapan perencanaan jembatan cangar akan dipasang pagar kawat + berduri membatasi pemotor berhenti dan membatasi gerak calon bundir https://t.co/1xfa4MQafC,Curhat Ringan,0.027708375150601726,0.04420789344744249,[],Tidak ada kombinasi evidence pemicu urgensi
2060243396355330443,mrsdil99,"@achsetiadi Bojan Krkić berperan penting bgt terkait perkembangan pemain2 Barca yg dari La Masia, dia punya pengalaman dalam menghadapi tekanan mental yg membuat karirnya ga bertahan lama selain karena cederanya ya..

Pengalaman dia bisa dibagiin ke bocil2 La Masia yg skrng ada di tim utama,",Curhat Ringan,0.027616598574108985,0.043866681697016414,[],Tidak ada kombinasi evidence pemicu urgensi
2058458023631454466,Mrs_Wife92,"“GPP”

Dalam psikologi hubungan, perilaku ini sering disebut sebagai tanda ""emotional suppression"" (penekanan emosi), komunikasi pasif-agresif, atau bentuk conflict avoidance (penghindaran konflik).

Meski terlihat ""damai"" di permukaan, perilaku ini berbahaya karena:
1.Emosi yang",Tidak Relevan,0.027576571110786943,0.0437175203396967,[],R0: Tidak ada sinyal kesehatan mental (anchor & evidence kosong)
2058848157984051512,TradingDiary2,"Tahap 1 Five Stages of Grief

1. denial 😁😁 

kira kira tahap2 anger 
 komen apa nih? 

1.​Denial (Penangkalan)

2.​Anger (Kemarahan)

3.​Bargaining (Tawar-menawar)

4.​Depression (Depresi)

5.​Acceptance (Penerimaan)",Curhat Ringan,0.027554557975577782,0.04363539925014431,[],Tidak ada kombinasi evidence pemicu urgensi
2047928656002244790,AndhiWidyatmoko,"@ardisatriawan Orang2 sibuk menyalahkan orang bundir. Tapi membiarkan tetangga parkir mobil seenaknya, membiarkan tetangga piara kucing mengotori lingkungan, membiarkan anak orang membuly teman anaknya.. Pembiaran2 itu bisa jadi memicu korban jadi stress.. Lingkungan yg tidak saling jaga.",Curhat Ringan,0.02739912874775641,0.04305374215949666,[],Tidak ada kombinasi evidence pemicu urgensi
2047790622128640374,diitipuu,"@aera_ry @MiskinTV_ 'mawar hitam' sebelum bundir, sebats dulu, makanya pada banyak yg romantisasi naroh rokok disana, padahal si 'mawar hitam' itu jga ninggalin sepeda motor, knp ga ada jga romantisasi ninggalin motor",Curhat Ringan,0.027218811898731075,0.04237491750355923,[],Tidak ada kombinasi evidence pemicu urgensi
2053684520608747692,gepiigepeng,@serandani wtf anak umur 17 tahun ampe di diagnosis kena depresi sama bipolar?? gila tu orang jing,Curhat Ringan,0.027128624554636,0.04203375474070058,[],Tidak ada kombinasi evidence pemicu urgensi
2058410315348582450,anamsaputraaa,"@tirta_cipeng Dok, kalau orang biasa kena kritik atau bully seperti Maguire/Karius (meski skalanya beda), apa langkah konkret yang bisa dilakukan supaya nggak jatuh secara mental?

Apakah faktor genetik berpengaruh kpd seseorang dalam menghadapi tekanan mental?",Curhat Ringan,0.027050381195444857,0.04173687958356106,[],Tidak ada kombinasi evidence pemicu urgensi
2050818828939186414,massivebjir,"Menkes kan bilang, sekitar 28 juta penduduk Indonesia diperkirakan mengalami masalah kesehatan mental. Tinggal bayangin aja, orang lagi stres, depresi, apatis, trus disuruh kabur ke Yaman. Gimana coba, beneran ini mah serius nanya.",Curhat Ringan,0.026901257318575022,0.041168746623125946,[],Tidak ada kombinasi evidence pemicu urgensi
2051670938740236797,ardypribadi__,"Bapak Pigai, kamu tidak mau mengurusi kasus ini kah ketimbang perasaan satu oknum.??. Razia rambut di SMKN 2 Garut diduga dilakukan oleh sejumlah guru. Kemudian 7 siswi yang menjadi korban awalnya ngadu ke mahasiswa lalu didampingi untuk dibawa kasus ke kepolisian, 7 siswi ini https://t.co/4cta5nHgW0",Tidak Relevan,0.02679236059352015,0.040751933374188164,[],R0: Tidak ada sinyal kesehatan mental (anchor & evidence kosong)
2050417489767780501,fakhrulroziii,"""Solusinya itu deketin diri ke Tuhan, jangan malah bacot di X jadi psikolog dadakan.""??

Astaghfirullah, orang depresi kok dikatain gini? 
Memegang teguh Al-Qur'an dan Sunnah itu memang kewajiban sebagai muslim, tapi menggunakan akal untuk mencari pengobatan itu juga Sunnah!",Curhat Ringan,0.026682875714675678,0.04033120473225911,[],Tidak ada kombinasi evidence pemicu urgensi
2058134340811571298,kiokio878,"@infodrakor_id MBC tuh Dajjal nya media Korea, mulai dari menormalisasikan perundungan di dunia kerja sampe ada penyiar mereka yg bundir karena di bully sama senior dan petingginya tutup mata. Belum lagi kasus Kim pedo mereka paling depan ngebela Pedophile.",Curhat Ringan,0.026628147295408716,0.04012026448141445,[],Tidak ada kombinasi evidence pemicu urgensi
2050409218180853901,4thmonths,@basebuku ayo nder kenalan sama detektif depresi kiyoshi mitarai dari the tokyo zodiac murders. orgnya rada unik.,Curhat Ringan,0.026521204437190107,0.039706853754592666,[],Tidak ada kombinasi evidence pemicu urgensi
2060301826541715611,arvkevin,"Ya kadang harus terima diri aja jadi muslim memang 'aneh.' Melakukan sesuatu untuk Tuhan yang tidak bisa dilihat &amp; balasan yang dijanjikan. Syariatnya banyak menahan nafsu manusia. Di masa ketika satu tombol dislike bisa bikin depresi, manusia berprinsip akan dianggap 'cuek'.",Curhat Ringan,0.02641790545536679,0.039305986667221245,[],Tidak ada kombinasi evidence pemicu urgensi
2051874812646080826,kalendarbeda,"Dne 6.května 1856 se v rakousko-uherském Freibergu (dnes náš Příbor)  narodil Sigmund Freud, rakouský lékař a psychiatr, zakladatel  psychoanalýzy.
Před tím, než si diagnostikujete depresi a nízké sebevědomí, ujistěte se prosím, že nejste obklopení blbci. https://t.co/ixZJLWOH4S",Curhat Ringan,0.02641275609761542,0.03928596393741442,[],Tidak ada kombinasi evidence pemicu urgensi
2054549472315932987,bimosaurus,@sukadi_ahmad @Metro_TV Diulang itu sudah tidak akan adil juga. Karena korban sudah mengalami tekanan mental yang lebih dibanding peserta lainnya.,Curhat Ringan,0.026064139206989998,0.03792149426810669,[],Tidak ada kombinasi evidence pemicu urgensi
2059421287718830538,Kannnichthier,"@315page Bisa berakibat 2:

1. anak-anak menjadi lebih aware dengan diri mereka sendiri dan tentang depresi

2. Anak-anak menjadi filsuf gadungan",Curhat Ringan,0.025994766577483425,0.03764785555276004,[],Tidak ada kombinasi evidence pemicu urgensi
2051663205689405469,Insertlivettv,Vicky Shu berbagi pengalaman tentang tekanan mental akibat komentar negatif tentang tubuhnya. Ia kini fokus pada kesehatan demi anak-anaknya. https://t.co/YCGC5Sbp4P,Curhat Ringan,0.02579747838900028,0.036865754052996635,[],Tidak ada kombinasi evidence pemicu urgensi
2060532474783187442,GenkCilok,@stardustc40 @fistaloka Krg setuju perikarditis. Tidak ada tanda PR depresi di grafik ekgnya. Efusi perikard jg sprtnya bukan. Dia biasanya gambarannya low voltage. Kemungkinan infarc. Boleh cek troponin,Curhat Ringan,0.025772208267963018,0.036765156370220764,[],Tidak ada kombinasi evidence pemicu urgensi
2052379899030372705,yantiBundaFI,"@FatmahBung65912 Sena &amp; ibunya yg lebih sakit. Davina cuma pacar. La sena ka2knya. Veronica ibu yg melahirkan. Bhkn gara2 ryan ilang, sena memutuskan msk kepolisian utk menyelidiki adiknya sebenarnya kenapa kok ilang, apa sebabnya. Veronica, sampai depresi &amp; di rawat psikiater. 
#TerikatJanjiEp33",Curhat Ringan,0.025766700546206726,0.036743217966321746,[],Tidak ada kombinasi evidence pemicu urgensi
2050176707114766362,99Choerony,"@JalanArsenal Bottle"" Arsenal (atau bottling it) adalah istilah slang sepak bola yang berarti Arsenal kehilangan keunggulan, peluang besar, atau gelar juara karena gagal di momen krusial akibat tekanan mental. Ini menyiratkan kegagalan mempertahankan posisi atas yang sudah dicapai.",Curhat Ringan,0.025448387952054112,0.03546749190850691,[],Tidak ada kombinasi evidence pemicu urgensi
2059382229877617069,harvno0,"Ngetik sambil coli ya kayak gini. Apa bedanya lu sama orang orang yang nyuruh queer muslim buat murtad, buat bundir, buat lepas hijab",Curhat Ringan,0.025390074232529678,0.03523210045938013,[],Tidak ada kombinasi evidence pemicu urgensi
2047927267356184784,dnzrx19x1,"BANYAK TUH KAUM HETERO JUGA MATI MUDA BAHKAN BUNDIR, APA LU SEBUT MEREKA JUGA BOTI? ATAU GIMANA MAEMUNAH?",Curhat Ringan,0.025329312205096436,0.0349862652435673,[],Tidak ada kombinasi evidence pemicu urgensi
2056629715046121855,munvess,"-rl if u can choose between (lingkungan kerja) tolerate the disrespect, masih berada di lingkungan toxic tapi ada teman, atau mending sendirian dan bahkan resign dari kerjaan itu dan cari kerja baru? dan kenapa?",Tidak Relevan,0.025203539744115672,0.03447557601964835,[],R0: Tidak ada sinyal kesehatan mental (anchor & evidence kosong)
2051625554177323302,poetra_deny,"@SistersInDanger Kalau dilihat lanjutannya: 
suami nganggur dan biasanya tidak pernah komentarin status, 

dengan tidak membenarkan ketikan suaminya: mungkin saja suaminya sudah ada di fase depresi.",Curhat Ringan,0.02515634969246482,0.034283323806117885,[],Tidak ada kombinasi evidence pemicu urgensi
2048017092608471212,onni_saputra994,"@NopalSiNopal @sugondese6666 Setidaknya ga pilih pembunuh manusia sama pembunuh konstitusi.. 
Ehh malah suara mayoritas pengen bundir.. 😂😂",Curhat Ringan,0.025078539465601637,0.03396555645899339,[],Tidak ada kombinasi evidence pemicu urgensi
2047600231823679790,SnaiperMask,"Yang harus disalahkan itu pemda setempat si karena gak aware kalau canggar akan dipake bundir, pembuangan mayat pembunuhan",Curhat Ringan,0.024751212417083248,0.03261818691636577,[],Tidak ada kombinasi evidence pemicu urgensi
2050936885858734276,Galangannnn,"@mhuseinali Azulon bijak juga pas ozai mau ngelangkahin kakaknya biar jadi raja doi langsung kasih paham klo iroh kehilangan anaknya sampai depresi itu wajar dan manusiawi, ozai harus menerima hukuman karna memandang rendah penderitaan abangnya",Curhat Ringan,0.024711349461738263,0.03245291514604381,[],Tidak ada kombinasi evidence pemicu urgensi
2051281511899619770,MIMIWEEKA21,"@Yoen__AR Mungkin 
Kondisi kesehatan mental kronis yg menggabungkan gejala psikosis (seperti skizofrenia: halusinasi/delusi) dg gangguan suasana hati (seperti bipolar/depresi) secara bersamaan",Curhat Ringan,0.024571645042616348,0.0318716424658443,[],Tidak ada kombinasi evidence pemicu urgensi
2048766616910114877,SeputarTetangga,"Kira-kira terjemahannya begini:

60 atau 70 tahun lalu, jaman bapak sendernya masih kecil, ada anak perempuan tetangga yg perutnya membesar kayak orang hamil.

Perempuan ini dipukul sampe meninggal sama ayahnya krn dianggap bikin malu keluarga (hamil di luar nikah). Pas",Tidak Relevan,0.024397107111985842,0.03114089327088247,[],R0: Tidak ada sinyal kesehatan mental (anchor & evidence kosong)
2057985612746289386,IndonesiaFedera,"11 Bahaya HP Di Kasur Yang Ngerusak Otak

1. Radiasi HP 2cm dari otak 8 jam. Tumor naik 40%. Kamu tidak sadar.
2. HP di kasur = 17.000 bakteri. Lebih kotor dari dudukan toilet.
3. Notifikasi tengah malam bikin stres kronis. Jantung berdebar tanpa sebab.
4. Scroll TikTok 1 jam =",Curhat Ringan,0.024383317593105212,0.03108294274319302,[],Tidak ada kombinasi evidence pemicu urgensi
2048406224753029551,ggakdikenal,"Menurut kalian wajar gak seorang suami menceraikan seoarang istri dalam kondisi depresi? 

Dengan dalih, susah dibilanginnya.",Curhat Ringan,0.024232322527823022,0.03044628609310497,[],Tidak ada kombinasi evidence pemicu urgensi
2056182941974421713,UTDFadil,"bisa jadi itu Psikosomatis
Psikosomatis sendiri itu gabungan dari dua kata, yaitu pikiran (psyche) dan tubuh (soma). Jika diartikan, gangguan psikosomatik adalah keluhan fisik yang timbul atau dipengaruhi oleh pikiran atau emosi, bukannya oleh alasan fisik yang jelas, seperti",Curhat Ringan,0.02418863645071976,0.030261366204781967,[],Tidak ada kombinasi evidence pemicu urgensi
2059510730597204381,KudouShinichi_,"@munlitmirage ga logis. hukum aborsi disini ga semudah itu. jadi pasti aborsinya di tempat ilegal. jadi sama aja lo nyuruh orang bundir. kalo dia lakuin itu trus dead, pas polisi lakuin digital forensik, lu at least bisa kena 4 pasal pidana UU ITE dan KUHP ama UU Kesehatan.",Curhat Ringan,0.02393524650278083,0.029182319162469918,[],Tidak ada kombinasi evidence pemicu urgensi
2051256526862787050,pendapatpribumi,"SISWI SD DIDUGA DI CABULI OLEH OKNUM TNI

Seorang siswi sekolah dasar (SDN) berinisial AKS (12), yang diduga menjadi korban pencabulan oleh oknum TNI di wilayah Kodim 1417/Kendari, Sertu Majid Bone, dilaporkan mengalami depresi. 

Korban cenderung mengurung diri di dalam kamar, https://t.co/qIFiGoHgku",Curhat Ringan,0.023879582476005877,0.028943784670396287,[],Tidak ada kombinasi evidence pemicu urgensi
2053629068336370168,Web3Adventure0x,"@unmagnetism Selain faktor psikologi yaitu anxiety/kecemasan dan depresi yang sering dialami wanita, ada faktor hormonal juga dimana estrogen ketika usia menopause berkurang,maka esophagus/kerongkongan akan lebih rentan/menipis kena asam lambung.Faktor resiko lainnya merokok,konsumsi alkohol https://t.co/OK6MNdMD8P",Curhat Ringan,0.02371254604268218,0.028224721141723974,[],Tidak ada kombinasi evidence pemicu urgensi
2052245457854964155,spazeself,"@manusiakuat00_ kesalahan internal mereka gak dibahas ttg kenapa bisa ada scene plenger kekunci. 

pdhl situasi makin chaos krn alasan itu, bukan krn asumsi lingkungan toxic yg sebenernya isu itu kan udh ada jauh sblm ada nya scene plenger.",Tidak Relevan,0.023500272252226083,0.027303753477154358,[],R0: Tidak ada sinyal kesehatan mental (anchor & evidence kosong)
2050917714794033617,SetiakuDandi,"der 2,5 JUTA REMAJA INDONESIA MASUK KATEGORI GANGGUAN JIWA (ODGJ) 
kok bisa🤔🤔

Angka ini bukan sekadar statistik, tapi alarm keras bagi kita semua. Apakah anak Anda salah satunya yang sedang ,berteriak, dalam diam?

Penelitian terbaru dari University of Queensland ,Australia, https://t.co/y86oxR6KkH",Tidak Relevan,0.023461939741465907,0.027136579697782347,[],R0: Tidak ada sinyal kesehatan mental (anchor & evidence kosong)
2060559518774497647,robysuhartono21,Series Spider-Noir ini secara gak langsung ngebuktiin kalau penonton tuh sebenernya udah jenuh sama formula Superhero MCU yg terlalu warna warni dan ketergantungan sama CGI multiverse. Pendekatan gritty street-level kriminal tahun 1930an ini JUSTRU penyegaran yg kita butuhin. https://t.co/zn7iyqRXyZ,Tidak Relevan,0.02341054177477111,0.026912006690646664,[],R0: Tidak ada sinyal kesehatan mental (anchor & evidence kosong)
2048533662321516959,nadaeladela,"3. Creatine — fungsi kognitif dan menjaga massa otot
Creatine bukan hanya untuk anak gym — tapi juga untuk menunjang umur panjang.

Suplemen ini membantu menjaga massa otot dan kekuatan yang biasanya menurun sekitar 3–8% setiap dekade setelah usia 30 tahun.

Selain itu, creatine https://t.co/JtqzAXxUDn",Tidak Relevan,0.02334026047130695,0.026604146597850504,[],R0: Tidak ada sinyal kesehatan mental (anchor & evidence kosong)
2050386124728885730,ingpoX,"Seorang WNA tewas setelah terjatuh dari lantai 3 bandara kuala lumpur, Malaysia. diduga wanita tersebut mengalami depresi akibat masalah asmara.

Sepertinya terjatuh karena kaget tiba-tiba petugas berusaha meraih korban. https://t.co/4SaDAIlgI2",Curhat Ringan,0.02326244436790506,0.02626222372055054,[],Tidak ada kombinasi evidence pemicu urgensi
2053466084817477861,bacilxslx,"@cael_only @Cipi57422Cipi @justuppx mungkin mereka dulu korban atau teman korban tapi ga berani speak up?? apalagi kalau si vtuber punya massa militan, bisa jadi senjata makan tuan 
korbannya bisa lebih stress, bisa lebih depresi kalau diserang sama ""fans"" 🥺🙏",Curhat Ringan,0.023249546863925753,0.026205444426247566,[],Tidak ada kombinasi evidence pemicu urgensi
2060566459827556673,listyantidewi,"Secara global, diperkirakan satu dari tujuh anak usia 10-19 tahun mengalami gangguan mental. Di Indonesia, meskipun data komprehensif masih terbatas, laporan dari berbagai lembaga kesehatan menunjukkan peningkatan kasus gangguan kecemasan dan depresi pada anak usia sekolah yang",Curhat Ringan,0.02312811888104099,0.025669363637765254,[],Tidak ada kombinasi evidence pemicu urgensi
2051624555874230541,direktoridosen,"Javier Zanetti : Adriano adalah Kombinasi Ronaldo Ori &amp; ibrahimovic

kalau bicara inter milan, selain tropi scudetto give away, saya selalu terkenang 1 pemain. tentu saja bukan Fredy Guarin, atau trio belanda seperti kata @erickthohir.

satu nama tersebut, adalah Adriano Liete. https://t.co/YAh00fyiLG",Tidak Relevan,0.022995802734824294,0.02508207613771612,[],R0: Tidak ada sinyal kesehatan mental (anchor & evidence kosong)
2049345636370395336,tb_siswadi,"@contentious98 Baby blues umumnya muncul di awal (hari ke-3 sampai minggu ke-2 setelah melahirkan).
Tapi kalau sampai bertahun-tahun masih sering muncul, itu biasanya sudah bukan baby blues lagi, melainkan mengarah ke depresi pascapersalinan. 
Sebaiknya jangan dipendam coba cerita dan",Curhat Ringan,0.02295501951119151,0.024900393729860137,[],Tidak ada kombinasi evidence pemicu urgensi
2048073638382129580,KalanaraDika,"Teman-temanku yang baik hatinya, kita gak bisa mengatakan ""Sudah pasti dia disiksa di dalam neraka selamanya.""

Islam itu menyeluruh, termasuk menjaga adab dan etika dalam menghadapi orang yang sudah meninggal.

Kenapa pernyataan semacam ini sangat bermasalah?

Rasulullah SAW",Tidak Relevan,0.022922972842869642,0.024757409919843532,[],R0: Tidak ada sinyal kesehatan mental (anchor & evidence kosong)
2048769614507872445,Homo_sapiens21,"@galantrangxxxx Kebanyakan argumen bro, bukti simple aja agama gak naikin empati malah menyerang korban depresi yang bisa akibatkan bundir. Ga usah mabok agama",Curhat Ringan,0.022893630029858877,0.02462631870399822,[],Tidak ada kombinasi evidence pemicu urgensi
2051268656974442760,Gyugyu_0,"@Tanlleyy @solsepatuo @kinaaw @ndnaom1 Gue tanya, sejak kapan ngasih terms nolak gambar selain bxg itu homopbc. Adalah lulu dead treat people? Adakah dia ngatain/nyuruh queer ppl bundir? Adakah dia ngajak followers dia buat rame2 ngehina, ngatain queer? Kalo perkara ini aja org d kata homopbc, sakit sih lu",Curhat Ringan,0.02285883183641294,0.024470642321940624,[],Tidak ada kombinasi evidence pemicu urgensi
2049346628247757191,bharianmy,"Agama bantu perbaiki diri, urus tekanan mental – Marhamah

#BHnasional Persepsi yang mengaitkan masalah kesihatan mental dengan kelemahan iman perlu dilihat dalam kerangka yang lebih membina, bukan bersifat menghukum

https://t.co/wDPiVWIAz1",Curhat Ringan,0.022820891654275248,0.024300645698200573,[],Tidak ada kombinasi evidence pemicu urgensi
2058810071824646258,Homo_sapiens21,Secara medis LGBT itu terpapar negatif dari tekanan sosial bukan sex orientasinya yang negatif tapi lingkungannya yang bikin depresi.,Curhat Ringan,0.02279745565726782,0.024195499266638904,[],Tidak ada kombinasi evidence pemicu urgensi
2054222692929474564,SINDOnews,"Marsma (Purn) TNI Agung Sasongkojati menilai langkah Amerika Serikat yang mulai membawa isu nuklir dalam konflik dengan Iran adalah tanda kebuntuan strategi. Bukannya menyelesaikan masalah, ancaman nuklir justru dianggap tidak rasional dan bisa memicu efek domino yang berbahaya. https://t.co/XRysrUUael",Tidak Relevan,0.0226947734029393,0.023733563608292377,[],R0: Tidak ada sinyal kesehatan mental (anchor & evidence kosong)
2059142872147087816,Baekbelac4,"Pentingnya punya idol yang rajin ngabarin dan interaksi ke fans tuh biar fansnya gak ada yang caper bilang depresi ke idol lain yang biasa interaksi sama fansnya. 

Alias mencegah fansnya BUSUK HATI cuma karena idolnya gak bisa ngelakuin hal yang sama ke mereka. Mencegah hate",Curhat Ringan,0.02267473465914022,0.023643177482440617,[],Tidak ada kombinasi evidence pemicu urgensi
2056263165286228207,Yap5gurl,"kalian tau ga sih? kenapa gen z rata-rata di Indonesia itu gampang marah, moodyan, eror, pelupa, ngantukan, depresi, stress tuntutan atasan, belum lagi macet serta semua permasalahan gen z lain pada umumnya, karena riset menunjukkan gen z di Indonesian itu sering terjangkit https://t.co/AucmOiUhW9",Curhat Ringan,0.02243450145283294,0.022553472153165124,[],Tidak ada kombinasi evidence pemicu urgensi
2053051297566470632,LFC_ID,"Tom Saunders - solusi lemahnya public speaking Bob Paisley

****

Tom Saunders, nama yang mungkin gak cukup terkenal dalam perjalanan sejarah Liverpool.

Saat Bob, melanjutkan tongkat kepemimpinan dari Bill, media sangat menyoroti bagaimana LFC pasca Shankly. Siap siap cari celah https://t.co/y8KFOiWWcA",Tidak Relevan,0.02242081692881943,0.022491056020512726,[],R0: Tidak ada sinyal kesehatan mental (anchor & evidence kosong)
2051234135424036906,Tony_Crosz,"Sebuah video viral di media sosial memperlihatkan aksi tak biasa seorang pria paruh baya di dalam gerai ATM. Pria berkemeja merah itu tampak berdiri cukup lama di depan mesin hingga menyebabkan antrean pengguna mengular ke luar area ATM.

Berdasarkan keterangan warga di lokasi, https://t.co/AZx0Y6bg9M",Tidak Relevan,0.022418293375160582,0.022479541839636637,[],R0: Tidak ada sinyal kesehatan mental (anchor & evidence kosong)
2048072296968122732,enasdhuhri,"@19BROMAN dalam Islam, dosa yg tidak akan diampuni dan kekal di neraka itu syrik yg pelakunya tidak tobat sebelum mati. selain itu juga ada pembatal2 keislaman yg lain. pelaku dosa besar, termasuk bundir, masih ada kesempatan diampuni. nas'alullaaha rahmah.",Curhat Ringan,0.022410429242282606,0.022443652153015137,[],Tidak ada kombinasi evidence pemicu urgensi
2051227199714546162,Inie_UtyCute,"Kasihan anaknya sampai depresi begitu 😭

Kasus dugaan pelecehan seksual terhadap anak di bawah umur yang menyeret oknum anggota TNI berinisial Sertu MB di Kecamatan Ranomeeto, Kabupaten Konawe Selatan, Sulawesi Tenggara.

Korban yang masih berstatus siswi sekolah dasar disebut https://t.co/ufDbn8kig5",Curhat Ringan,0.022395868834291545,0.022377170057910862,[],Tidak ada kombinasi evidence pemicu urgensi
2051170957272965250,landakmode,"kalian kalo disuruh pilih, mending gaji umr tapi lingkungan seru atau gaji gede tapi lingkungan toxic?",Tidak Relevan,0.02237265664644496,0.022271096988609344,[],R0: Tidak ada sinyal kesehatan mental (anchor & evidence kosong)
2057864880229585380,ksesfaot777,"@kompascom indo ??? halah muak saya lama2 sumpah tinggal di tanah kelahiran sendiri tpi di buat depresi sama bangsat2 penghianat bangsa !!! saya berdoa kalian semua Tuhan hajar abis2an, karena buat susah Rakyat !! 80 Tahun merdeka cuman jdi semboyan dan perayaan kosong !! tega kalian !",Curhat Ringan,0.022154424603642937,0.021268547371481407,[],Tidak ada kombinasi evidence pemicu urgensi
2059881398912368904,mediaindonesia,"Mayoritas obat antidepresan saat ini bekerja dengan menargetkan senyawa kimia otak seperti serotonin, dopamin, dan norepinefrin. Sayangnya, sekitar sepertiga pasien depresi tidak merespons obat-obatan tersebut dengan baik.

https://t.co/jF8vL1y2dM",Curhat Ringan,0.021971931853494758,0.020422744480046356,[],Tidak ada kombinasi evidence pemicu urgensi
2058405126713340212,Insertlivettv,Aktor Jang Dong Ju mengejutkan publik dengan video self-harm setelah pengunduran diri dari dunia hiburan. Ia mengungkapkan tekanan mental dan meminta maaf. https://t.co/zfTXo4Kqq3,Curhat Ringan,0.0215296906405389,0.01834424991499294,[],Tidak ada kombinasi evidence pemicu urgensi
2057866075056853068,kapytalismus,Tohle video okamžitě vyléčilo mojí depresi a nahradilo jí rakovinou a HIV. https://t.co/0AwZa3ZvnU,Curhat Ringan,0.02139418363468449,0.01769901699188984,[],Tidak ada kombinasi evidence pemicu urgensi
2059264962103791879,oonsunishimura,"@bluetousca Analisa 6 member enhypen juga dong psikolog bibi 🤭 itu kayanya 6 member depresi mampus di tinggal doi. Member yang rambutnya hitam bisa jadi hatinya suram, yang rambut coklat bisa jadi brownies. Ayo doong analisa juga ihh masa pilih kasih? Katanya penis7? ☹️",Curhat Ringan,0.021291370348907983,0.01720678648262313,[],Tidak ada kombinasi evidence pemicu urgensi
2059360573121532286,Astro_Boy020,"AKIBAT BULLYING !!! 

tadi siang jam 11 anak ini nusuk temennya pakai pisau karena katanya si korban itu mulutnya lemes suka bully gitu tukang ngadu kompor, akhirnya si pelaku mungkin dendam dia bawa pisau dari rumah, pas pulang sekolah di tusuk perutnya sampai ususnya keluar, https://t.co/Ds8LDJpGdq",Tidak Relevan,0.021190386972379183,0.016721048138358376,[],R0: Tidak ada sinyal kesehatan mental (anchor & evidence kosong)
2051257683370762456,kakakamri,"@BaseAnakFK Keren kakkk.. Semangat belajar yaaa.. Fokus aja aim high ke 3 FK tertua di Indonesia dgn RS2 pendidikannya sendiri. Hiraukan noise yg ada di medsos, hindari lingkungan toxic sejak awal",Curhat Ringan,0.021133755377939645,0.01644765344363722,[],Tidak ada kombinasi evidence pemicu urgensi
2047643448153718912,jaemzgirl,@yunesafess rumah bumn surabaya!! seru pwoll apa itu lingkungan toxic,Tidak Relevan,0.021052383092552973,0.0160535630403143,[],R0: Tidak ada sinyal kesehatan mental (anchor & evidence kosong)
2051189357839851741,is_pelssy,"RIP🥹...
Karena Depresi, Kopilot Sengaja Menabrakan Pesawat Ke Pegunungan Alpen Perancis Hingga Menewaskan 150 Penumpangnya...

Pada 24 Maret 2015, GermanWings Penerbangan 9525, lepas landas dari Barcelona menuju Dusseldorf dengan 150 orang penumpang di dalamnya. Kapten Patrick https://t.co/g8i6J8c29w",Curhat Ringan,0.020857615905544476,0.01510420825445291,[],Tidak ada kombinasi evidence pemicu urgensi
2050249581104107947,myshawti,"KUALA LUMPUR — Suasana di Bandara Internasional Kuala Lumpur (KLIA), Malaysia, mendadak tegang menyusul sebuah insiden tragis. Seorang perempuan dilaporkan tewas setelah terjatuh dari area ketinggian di dalam kawasan bandara tersebut.

Berdasarkan sejumlah informasi dan saksi https://t.co/rwCXxKKRYB",Tidak Relevan,0.02083677408152086,0.015002105452797631,[],R0: Tidak ada sinyal kesehatan mental (anchor & evidence kosong)
2047997800512901562,mediaindonesia,Wakil Menteri Kesehatan Dante Saksono Harbuwono mengungkapkan gejala depresi dan kecemasan pada remaja 5 kali lebih tinggi dibandingkan dengan orang dewasa. Temuan tersebut berasal dari data program  Cek Kesehatan Gratis (CKG). https://t.co/epeU0UeJPE,Curhat Ringan,0.020758755802133558,0.014619009287068342,[],Tidak ada kombinasi evidence pemicu urgensi
2047906384206008622,WREFRND,"@crasher @19BROMAN Islam yang bener gak bakal sumpah sumpahin orang, karena agama itu urusan vertikal, ada baiknya dekati orang depresi dengan open minded yaitu sisi kemanusiaan horizontal",Curhat Ringan,0.020737255034989147,0.014513185529997856,[],Tidak ada kombinasi evidence pemicu urgensi
2057802666177446261,Opposite6888,"Kuba adalah salah satu negara termiskin di Amerika Latin dengan inflasi yang tinggi, kekurangan pangan dan hampir 90% penduduknya hidup dalam kemiskinan ekstrem tapi mampu memberikan pendidikan gratis sampai S3 untuk rakyatnya bahkan saat Covid lalu mampu memproduksi sendiri https://t.co/opqv1FPJqg",Curhat Ringan,0.020697317826568615,0.014316334868922378,[],Tidak ada kombinasi evidence pemicu urgensi
2056144485512556656,Mr_PrasT_Jr,"@AnakLolina2 @_Jalan_Pejuang_ Hukum kita memble thd predator sex anak...LSM pembela hak &amp; kaum-nya pun ""masuk angin""....meminta para pelaku dijaga martabatnya...di saat puluhan - ratusan anak bangsa...depresi...stress...merasa kotor &amp; tak berharga...direnggut masa depan &amp; cita2-nya...dgn cara biadabb.... 😡",Curhat Ringan,0.02068033179815456,0.014232497944524794,[],Tidak ada kombinasi evidence pemicu urgensi
2053033609418907749,yudithSatya,"@ikiy @DravenweX Bener mas. Secara gak langsung, cowo juga korban patriarki. 
Stigma masyarakat yg mengharuskan cowo jadi superior, pemegang kendali ekonomi, kewajiban provide, dll. 

Padahal mah sama aja kek manusia pada umumnya yg bisa stress, depresi. Dan ga semua cowo setuju patriarki 🤝",Curhat Ringan,0.02017937673429677,0.011729161170395939,[],Tidak ada kombinasi evidence pemicu urgensi
2048066750613455184,neVerAl0nely___,"Dandy Ditemukan Tak Bernyawa di Bawah Jembatan Cangar, Dugaan Asmara Tak Direstui Mengemuka

​BATU – Warga di sekitar kawasan Jembatan Cangar, Kota Batu, digemparkan dengan penemuan jenazah seorang pemuda bernama Dandy. Sosok yang dikenal pendiam ini ditemukan dalam kondisi sudah https://t.co/KI4ukecS37",Tidak Relevan,0.0201644326615496,0.011653552396279392,[],R0: Tidak ada sinyal kesehatan mental (anchor & evidence kosong)
2052738708294848775,dikhawirya,"Masih Ingat gol hantu paling kontroversial di Bundesliga di mana bola masuk lewat lubang di samping jaring? 

Nah, tepat tanggal 8 Mei 2014, Stefan Kießling (striker Bayer Leverkusen) secara resmi meminta maaf lagi secara terbuka setelah banding Hoffenheim ditolak mentah-mentah https://t.co/JAYVEAISMx",Tidak Relevan,0.020125901601448892,0.011458352998350607,[],R0: Tidak ada sinyal kesehatan mental (anchor & evidence kosong)
2058627730032488737,L0vehe4ls,This is kind of like what happened to America lol ppl were making memes about trump and joking about him only to make his pedo allegations and horrible records get swept under the rug. Sepele but mematikan sih kalo kegoblokan pemerintah dijadiin lelucon penawar depresi sementara,Curhat Ringan,0.020051325442233973,0.011079506101933393,[],Tidak ada kombinasi evidence pemicu urgensi
2059510193592115249,SiaranBolaLive,"Para Juara Back To Back Champions League: 🌟🌟🌟🌟🌟

Sejak era modern Champions League (1992/93), hanya Real Madrid (2016–2018) yang mampu mematahkan kutukan ini.

Mengapa juara back-to-back di UCL sangat sulit:
-Taktik Sudah Terbaca: Sebagai juara bertahan, gaya main tim https://t.co/g3LFlRMRtP",Tidak Relevan,0.01977433400128918,0.009660201768080393,[],R0: Tidak ada sinyal kesehatan mental (anchor & evidence kosong)
2059657440933941331,Zaynash,"Banyak yang ngira Islam itu super kaku, apalagi urusan queer. 

Intinya Islam tuh tawhid. Ucap syahadat dengan hati yang bener, udah deh masuk Islam. 

Praktiknya? Pilihan dan nggak ada paksaan sama sekali. Boleh kok skip yang nggak cocok buat kamu kek nggak hijab, pacaran, dll.",Tidak Relevan,0.01976261735874045,0.009599737145683983,[],R0: Tidak ada sinyal kesehatan mental (anchor & evidence kosong)
2048006543019565370,KalanaraDika,"@Kirito13323 Banyak orang dengan kelainan jiwa (mental disorders) bisa meniru atau mengikuti perilaku orang lain,bahkan ini adalah bagian dari beberapa kondisi tertentu.

1. Skizofrenia
Penderita skizofrenia umumnya masih bisa meniru perilaku sederhana, terutama saat gejala sedang mereda",Curhat Ringan,0.019728674513850006,0.009424374043715723,[],Tidak ada kombinasi evidence pemicu urgensi
2053293945325830355,alfeeii,@prophetofzorck Penelitian beberapa taun terakir tentang gut microbiome banyak menjawab fenomena2 kaya gini. Tema yg menarik buat dipelajari. Sampe  memungkinkan ada jawaban kenapa org bisa depresi karna makanannya,Curhat Ringan,0.01952475703956221,0.0083645856177265,[],Tidak ada kombinasi evidence pemicu urgensi
2051672749807141182,mil11meter,"— sunric panit, pcrn toxic ditambah lingkungan toxic https://t.co/8B63fqTwWR",Tidak Relevan,0.019446312325898406,0.00795400549064983,[],R0: Tidak ada sinyal kesehatan mental (anchor & evidence kosong)
2052687920948195695,otherhalfdump,"@_nwwidia padahal gak ada kita protes soal lingkungan toxic, mereka sendiri akhirnya yg membenarkan hal tsb 🤣",Curhat Ringan,0.019356586042042337,0.007482382440657327,[],Tidak ada kombinasi evidence pemicu urgensi
2048013914231951424,KalanaraDika,"Dalam fikih Islam, konsep ""orang yang tidak berakal"" (ghairu mukallaf atau rafi' al-qalam) lebih luas dari sekadar anak yang belum baligh.

Siapa saja yang termasuk ""tidak berakal"" dalam Islam?
Para ulama umumnya menyebut tiga golongan yang diangkat pena (tidak dibebani taklif",Tidak Relevan,0.019160730561998428,0.006445429880510677,[],R0: Tidak ada sinyal kesehatan mental (anchor & evidence kosong)
2049365941348118597,hmetromy,"#kualalumpur  Pendekatan agama perlu dilihat sebagai kekuatan untuk memperbaiki diri termasuk membantu orang ramai, khususnya golongan pekerja dalam mengurus tekanan mental secara lebih seimbang dan positif.
 https://t.co/bE6ZRWv4zF https://t.co/KitZdenfxb",Curhat Ringan,0.01914841450253754,0.006379875947128643,[],Tidak ada kombinasi evidence pemicu urgensi
2056033530027884924,americhanou,who tf cares about ur parents salary bro either mereka juga lagi depresi mikirin masa depan lo ATAU they’re one of the culprit,Curhat Ringan,0.019046655498003575,0.005836662243713032,[],Tidak ada kombinasi evidence pemicu urgensi
2052188096007967221,hariankompas,"Karakter AI di https://t.co/tQWgl1xIKf ditemukan menyamar sebagai psikiater dan dokter, lalu memberi saran medis kepada penyelidik yang mengaku sebagai penderita depresi. #Internasional #AdadiKompas

https://t.co/rHq29dEqPb",Curhat Ringan,0.018672387964370447,0.00381394921604431,[],Tidak ada kombinasi evidence pemicu urgensi
2059873241867616299,SistersInDanger,"Kehamilan di usia &lt;19 tahun sangat berbahaya karena tubuh anak belum siap secara fisik &amp; mental. Ini termasuk kehamilan berisiko tinggi.

Risiko ibu (berusia anak 😭):

- Preeklamsia &amp; eklamsia (tekanan darah tinggi yang bisa menyebabkan kejang, stroke, hingga kematian)
-",Curhat Ringan,0.01866477245732125,0.003772379999810999,[],Tidak ada kombinasi evidence pemicu urgensi
2060316087082979780,kompascom,"Baca di sini: https://t.co/fKX7CIGms7

Penelitian alumni UMS di Boyolali mengungkap judi online sempat marak di kalangan pelajar sejak 2023, dipicu ajakan teman dan kemudahan akses lewat ponsel. Praktik ini berdampak pada tekanan mental, gangguan konsentrasi belajar, hingga https://t.co/VO1pXeLEBU",Curhat Ringan,0.018614575862597543,0.0034979650920087643,[],Tidak ada kombinasi evidence pemicu urgensi
2059314053797892140,Ackermann_cz,"Většina rodičů se strachem ze ""zneužití informací o depresi jejich dětí"" by se posrala z jediného dne v Izraeli lol

Tam si vědci prostě vyžádají anonymizovaná data na individuální úrovni u 100 % populace a stát jim je dá. https://t.co/YdzmpVxZbg",Curhat Ringan,0.018518325520905838,0.002969746788342794,[],Tidak ada kombinasi evidence pemicu urgensi
2058709633267839016,mediaindonesia,"Studi ini menjelaskan mengapa pasien serangan jantung memiliki risiko depresi, kecemasan, hingga penurunan kognitif yang jauh lebih tinggi. https://t.co/DNckmXgn0M",Curhat Ringan,0.0184136247344657,0.002392085212649721,[],Tidak ada kombinasi evidence pemicu urgensi
2052345745928601967,SistersInDanger,"5. Jenis Visum Psikologis / Psikiatrikum

Selain visum fisik, ada Visum et Repertum Psychiatricum (Visum Psikologis):
- Dilakukan oleh psikiater atau psikolog klinis forensik.
- Menilai dampak trauma, PTSD, depresi, gangguan kecemasan, dan kondisi kejiwaan korban.
- Sangat",Curhat Ringan,0.018280870048188222,0.0016549911462899413,[],Tidak ada kombinasi evidence pemicu urgensi
2048122078218403988,rudolf_cervenka,"V letech 1990–1992) užívala v USA antidepresiva v předchozích 12 měsících jen 2,2 % dospělých.

V letech 2001–2003 to už bylo 10,1 % → více než 4× nárůst.

V r. 2023 bralo léky na depresi 11,4 % dospělých. U žen často 15–18 %, u starších žen až ~24 % (https://t.co/AaeBVux11x).",Curhat Ringan,0.018244803404829472,0.0014538307900004315,[],Tidak ada kombinasi evidence pemicu urgensi
2054790000789839949,mediaindonesia,"SATU dari lima ibu yang baru melahirkan berisiko mengalami depresi pascamelahirkan. Namun sebagian besar kasus tidak terdeteksi, Badan Riset dan Inovasi Nasional (BRIN) mengembangkan aplikasi berbasis kecerdasan buatan bernama PostMood untuk deteksi dini.

https://t.co/C20W9czVfp",Curhat Ringan,0.01806106256688298,0.0004229257052594965,[],Tidak ada kombinasi evidence pemicu urgensi
2047631331753078940,_katakita08,"Fakta-fakta Jembatan Cangar

🌁Jembatan di atas lembah dengan kedalaman jurang sekitar 30 hingga 100 meter dari badan jalan. Jembatan ini berlokasi di area hutan di ketinggian 1200-1700 MDPL. 

🌁Lokasi Jalur penghubung antara Cangar (Kota Batu) dan Pacet (Kabupaten Mojokerto), https://t.co/Qk3gaqUm4g",Tidak Relevan,0.01798620996209156,0.0,[],R0: Tidak ada sinyal kesehatan mental (anchor & evidence kosong)
2054790185204982243,mediaindonesia,"Badan Riset dan Inovasi Nasional (BRIN) mengembangkan inovasi berbasis kecerdasan buatan (AI) bernama PostMood untuk mempercepat deteksi dini depresi pascasalin. 

https://t.co/ULobDv7ROX",Curhat Ringan,0.01798620996209156,0.0,[],Tidak ada kombinasi evidence pemicu urgensi
2053093120313807325,Cosmicdust700,@EnyababaP @KapudS640 Itu konteksnya dia chat sama pacarnya yg 1 daerah sama dia. Kemudian chatnya dibuka ke publik karena dia bundir.. jadi sebetulnya itu chat dia dan pacaranya bukan buat konsumsi 1 indonesia.,Curhat Ringan,0.01798620996209156,0.0,[],Tidak ada kombinasi evidence pemicu urgensi
2048386615140094382,zhil_arf,"Sekolah favorit dan RSBI itu bagus, karena secara biologis, anak pasti meniru anak di sekitarnya.

Jadi anak pintar itu kuncinya cuma satu, ""mau belajar.""

Gimana cara bikin anak mau belajar? Simpel. Bikin dia berteman dengan anak yang mau belajar.

Anak pintar adalah anak yang https://t.co/dHxi2l7fxz",Tidak Relevan,0.01798620996209156,0.0,[],R0: Tidak ada sinyal kesehatan mental (anchor & evidence kosong)
2057778543686455368,MongabayID,"Depresi genetik akibat perkawinan sekerabat mengancam kelestarian satwa liar Indonesia, mendesak mitigasi lewat analisis DNA molekuler, teknologi reproduksi bantu, serta pemulihan konektivitas habitat demi aliran gen alami. 
https://t.co/w98vRIbfMb",Curhat Ringan,0.01798620996209156,0.0,[],Tidak ada kombinasi evidence pemicu urgensi
2057325784143200542,bernamadotcom,"[TERKINI] 

📌 Aktivis GSF 2.0 termasuk rakyat Malaysia yang ditahan di Pelabuhan Ashdod stabil

📌 Sebahagian aktivis yang diculik dijangka dipindahkan ke Penjara Ketziot, Israel

📌 SNCC kecam tindakan Itamar Ben Gvir lakukan kekerasan fizikal, tekanan mental dan ugutan https://t.co/Z9fWg6la5p",Curhat Ringan,0.01798620996209156,0.0,[],Tidak ada kombinasi evidence pemicu urgensi
2053424412083589581,andrids,"@yappingfess Rekomendasi yang biasanya dokter sarankan:
Pemeriksaan ke obgyn Buat memastikan apakah benar vaginismus atau ada kondisi lain. Pemeriksaannya harus pelan dan nyaman, bukan dipaksa.
Terapi pelvic floor / fisioterapi dasar panggul Ini salah satu yang paling membantu. Pasien",Tidak Relevan,0.01798620996209156,0.0,[],R0: Tidak ada sinyal kesehatan mental (anchor & evidence kosong)
2057328636454412432,Bernama_Radio,"📌Sebahagian aktivis yang diculik dijangka dipindahkan ke Penjara Ketziot, Israel 

📌SNCC kecam tindakan Itamar Ben Gvir lakukan kekerasan fizikal, tekanan mental dan ugutan terhadap aktivis 

📌Aktivis GSF 2.0 termasuk rakyat Malaysia yang ditahan di Pelabuhan Ashdod stabil

- https://t.co/H9Ude2SSkB",Curhat Ringan,0.01798620996209156,0.0,[],Tidak ada kombinasi evidence pemicu urgensi
2053630355677327563,RizqonEGZ,Uninstalling R6S and installing CS2 instead (bro makin tambah depresi),Curhat Ringan,0.01798620996209156,0.0,[],Tidak ada kombinasi evidence pemicu urgensi
2056037091545633163,infomitigasi,"ANALISIS GEOLOGIS KOMPLEKS KALDERA IJEN: SISA RUNTUHAN GUNUNG API PURBA

Berdasarkan analisis topografi dari citra satelit, wilayah dengan bentuk depresi melingkar menyerupai mangkuk raksasa tersebut merupakan bukti nyata dari sisa letusan gunung api purba yang sangat masif. https://t.co/XfAe1lm9Lg",Curhat Ringan,0.01798620996209156,0.0,[],Tidak ada kombinasi evidence pemicu urgensi
2055977243046990007,kemaluanlawan,"@LambeResing ferrari cabang lain oke ✅
ferrari f1 ❌

auto depresi kek jurdun² sebelumnya yg mengakhiri karir nya bersama ferrari 🤣",Curhat Ringan,0.01798620996209156,0.0,[],Tidak ada kombinasi evidence pemicu urgensi
