id_str,topic,topic_name,score,text_lexical
2060635989002064100,-1,Tidak Spesifik,0,dunia sekarang makin tua makin sadar kalau perlu membuktikan apa kerjakan orang hidup tenang validasi orang rasanya luar biasa banget jadi fokus memperbaiki dirimu sendiri jaga kesehatan sayangi orang orang terdekat the
2060631056676474937,-1,Tidak Spesifik,0,dal st m minulosti se uzdravuje nen snadn p e t den kdy je lov k v depresi ale jde to a to p edev m d ky skv l m lidem tady na twitteru to va e modlitby a podpora mi pomohly j t na operaci s j cnem a zvl dnout i dal dny na ulici bez chlastu znovu d kuju a
2060629568197644389,0,Tekanan Akademik,2,dear mahasiswa baru semua organisasi layak diikuti banyak akhirnya cuma bikin kalian depresi terminalmojok
2060619682751861080,-1,Tidak Spesifik,0,umur tahun keatas kepikiran buat bunuh diri keren
2060617413885088014,-1,Tidak Spesifik,0,pernah waktu ngajak ngedate tempat angker orang bunuh diri anjeng makan batagor nonton nadia omara bukan masalah makan batagor sama nonton nadia omara nya masalah nya aku takut berakhir minum bandrek seru sih deh galagi
2060616084630196591,-1,Tidak Spesifik,0,nojo ale zase na druhou stranu hodni levicaci nabidnou zene eutanazii aby se chudinka nemusela tr pit depresi a jeste jeji organy zachrani zivot nekomu dalsimu ne asi
2060609352998990007,-1,Tidak Spesifik,0,mauu bunuh diri pls jasa curhat zonauang
2060607916693180633,0,Tekanan Akademik,2,sering kagum sekolah tempatku sekarang sekolah swasta sangat memperhatikan guru gurunya ngawas ujian dikasi kue dulu awal awal karier aku mengajar sekolah negeri hari bikin depresi jadi perlakuan begini bikin takjub
2060606094528111078,5,Lingkungan/Sosial,1,barusan denger berita temen mau bunuh diri gagal skrang rs dada rasanya ditusuk nyangka ngerti bagaimana inget semuanya hidup km berharga sekarang rasany gelap banget ngobrol jangan dipendem sendiri nangis apa apa lemah apa apa penting jangan sendirian
2060591768878641372,-1,Tidak Spesifik,0,potret orang depresi
2060591234234933379,-1,Tidak Spesifik,0,sumpah aku bunuh diri baca tweetnya
2060584873811976287,3,Percintaan,1,orang cinta seni mati matian buat ngelawan ai karya peranan mulai tergantikan malah bunuh diri pakai ai terus buat apa kamu ngehasilin karya kalau hasil generate bakalan bunuh kamu dimasa depan v
2060581066977800567,0,Tekanan Akademik,1,nahas banget gen z angkatan w jaman sma kuliah awal covid pas lulus abis stres skripsian malah disuguhin market kerjaan makin ancur sengawur ngawurnya si mah kalau gen z depresi emg golongan punya privilese didiagnosa profesional aja
2060568350477160626,-1,Tidak Spesifik,0,aku muncul begini kalau stres berat ato fase depresi sekujur tubuh malah gatel sama sekali kata psikiaterku normal mengingat aku illness kalau fasenya lewat hilang sendiri coba sender inget dulu kemarin
2060566780469453088,-1,Tidak Spesifik,0,i know sometimes i act rude to everyone but please don t take it to heart idk why aku gampang banget marah kalau tekanan mental so i prefer to isolate myself from everyone i know it s not an excuse so i want to apologize to everyone thank you love yall
2060566459827556673,0,Tekanan Akademik,1,global diperkirakan satu tujuh anak usia tahun mengalami gangguan mental indonesia meskipun data komprehensif terbatas laporan berbagai lembaga kesehatan menunjukkan peningkatan kasus gangguan kecemasan depresi anak usia sekolah
2060566184811258163,-1,Tidak Spesifik,0,setuju masbro bunuh diri nyelesaian mslh malah jadi mslh lbh besar dlm konteks islam
2060559967053320530,-1,Tidak Spesifik,0,buletinbernama mengabdikan diri alam semula jadi kini dilihat pendekatan berkesan menangani tekanan mental emosi digitalbernamatv laporankhas alamsemulajadi terapi tekanan glamping
2060559752254627872,-1,Tidak Spesifik,0,south korea yapping ngatain latin america punya kulit kotor sawo matang lipatan matanya tebel mirip asia tenggara bawa asean padahal cewek cuma bilang punya natural aegyo sal make up korea isinya kalau rasis pelecehan bunuh diri kayaknya
2060559518774497647,-1,Tidak Spesifik,0,series spider noir langsung ngebuktiin kalau penonton sebenernya jenuh sama formula superhero mcu terlalu warna warni ketergantungan sama cgi multiverse pendekatan gritty street level kriminal tahun an justru penyegaran butuhin
2060559333079785591,-1,Tidak Spesifik,0,no salty pls self diagnose kalau depresi aku ngerasa tenaga buat gerak rasanya cuma mau tidur terus tenaga buat mandi makan berhari hari bagaimana baik baik difase lelah banget sama hidup
2060558390871593381,-1,Tidak Spesifik,0,panik takut tangannya dipotong maling terkencing kencing hingga berak celana papua sebuah rekaman video amatir mendadak viral media sosial memperlihatkan aksi menggelikan sekaligus tragis seorang terduga pelaku pencurian maling pria tersebut
2060550482888896782,1,Masalah Keluarga,1,setuju sama mamanya sih kalau aku krn generasi muda kini lbh ngutamain seneng beli mikirin masa depan anak cucu pnyaa anak banyak da tabungan gaya hidup tinggi sekalinya miskin dikit langsung bingung depresi imbasnya anak nya
2060532474783187442,-1,Tidak Spesifik,0,krg setuju perikarditis tanda pr depresi grafik ekgnya efusi perikard sprtnya bukan biasanya gambarannya low voltage kemungkinan infarc cek troponin
2060528024404348988,0,Tekanan Akademik,1,orang olahraga pagi ui ujian depresi banget
2060523961306505677,-1,Tidak Spesifik,0,motor parkir bukan mau bunuh diri yaa orangnya mancing d bawahh
2060500751160578162,-1,Tidak Spesifik,0,hahahaha fuck you anjing kalau aku bunuh diri lempar lauut
2060496643557134642,2,Finansial,1,biasanya tekanan ekonomi bikin orang depresi bunuh diri dlm konteks agama dilarang
2060481461791449430,-1,Tidak Spesifik,0,orang gila mana jam segini kepikiran buat bundir aku
2060461398929666250,-1,Tidak Spesifik,0,aku susah banget buat curhat sama orang sejelas jelasnya ditutupin kalau aku cerita ditanggepin aku rasanya mau bunuh diri
2060458667338842311,-1,Tidak Spesifik,0,melankolia efek rumah kaca salah satu lagu banyak orang rasain beda beda maknanya liriknya pernah ngomong gamblang soal kehilangan apa justru bikin lagu terasa dekat buat banyak orang kalau didengar baik baik lagu sebenarnya
2060457227061006559,-1,Tidak Spesifik,0,banyak orang bunuh diri ngiranya uda kelar masalahnya padahal malah nmbh mslh baru
2060448311304495460,-1,Tidak Spesifik,0,salah dik itb isinya kelelahan gifted children depresi mikirin lulus syukur
2060442391191183440,-1,Tidak Spesifik,0,bunuh diri
2060427032086163766,-1,Tidak Spesifik,0,padahal jarang belanja gede an sekali belanja klub auto depresi
2060422566540673303,2,Finansial,2,kopi kagak beda beda sangat padahal mahal sama sachetan dimsum kagak bikin kenyang mau aje beli mahal mahal giliran duit segitu buat beli nasi pade mikir mikir mie ayam kagak ngaruh ngaruhnya sih buat orang mau bundir
2060416099284660681,0,Tekanan Akademik,1,orang depresi ternyata sedeket sama jauh jauh temenku ternyata bolak balik psikiater waktu skripsi se stres sampe dikasi obat jalan temenku stres sama orang tua nya sering konsultasi
2060411907983733240,-1,Tidak Spesifik,0,ciri orang depresi malas mandi jadi sebisa mungkin mandi pokonya tandanya depresi benar ajaa jadi lebih fresh hidup jalan seenggaknya
2060406638109159926,-1,Tidak Spesifik,0,tetangga bunuh diri lalu hari pemakaman benar benar mencekam suasananya benar benar gelap warna tv jadul paham sih lalu seminggu kemudian jendela diketuk bahkan ketemu dijalan abang aku korban diketuk rumahnya benar benar disamping rumah aku
2060320391323672934,0,Tekanan Akademik,1,dulu jaman sd kelas anak tinggal kelas kelas pas kelas anak lulus un bahkan pengumuman disuruh berangkat kertas pengumumannya diantarkan rumahnya jadi anak histeris bahagia sekolah
2060316087082979780,0,Tekanan Akademik,1,baca sini penelitian alumni ums boyolali mengungkap judi online sempat marak kalangan pelajar sejak dipicu ajakan teman kemudahan akses lewat ponsel praktik berdampak tekanan mental gangguan konsentrasi belajar hingga
2060315495841271876,1,Masalah Keluarga,3,keluar rumah pas orang tua mau cerai aku mutusin keluar rumah nge kos bareng ortu aku skripsi kerja persiapan koas jadi aku tambah stres depresi lainnya aku cabut rumah meskipun aku anak tunggal baru banget kerja beberapa bulan
2060303655593812125,-1,Tidak Spesifik,0,kalau aku ternyata punya target baru depresi ternyata waktu aku tau mau apa hidup pikiran aku kosong bingung kalau aku punya tujuan aku pikirin ngalihin pikiran aku
2060301826541715611,-1,Tidak Spesifik,0,kadang terima diri jadi muslim memang aneh melakukan tuhan dilihat balasan dijanjikan syariatnya banyak menahan nafsu manusia masa satu tombol dislike bikin depresi manusia berprinsip dianggap cuek
2060298918748107159,-1,Tidak Spesifik,0,cawang macet banget bunuh diri jembatan fly over tol nya
2060291348222058843,-1,Tidak Spesifik,0,ptn skor segini rata rapot ambil mandiri tekpang sama agro upn jatim kira aman yaa malah bundir
2060288435374682298,0,Tekanan Akademik,2,sama dulu daftar cpns dosen nilai cat tertinggi pengujinya mantan dosenku dulu pas kuliah aku bantu urus akreditasi begadang stres sempat didiagnosa depresi kelelahan fisik mental push bikin dokumen sistem it nya
2060286228822659500,-1,Tidak Spesifik,0,mau couple happy happy disaat won depresi kehilangan phi fahnya
2060285049698685083,-1,Tidak Spesifik,0,ptn sender mau daftar ssu jalur nilai utbk wdyt kalau urutan pilihannya ftmd fitb ftsl bunuh diri
2060282561876861113,-1,Tidak Spesifik,0,trigger awalnya mungkin kalau pernah upload foto kejadian setelahnya kemungkinan bakal terjadi soal kali pandangan gua g pacaran sama si cowok cuman ikut pesta halloween kebetulan memviralkan jadilah kegaduhan fandom
2060279448621232538,-1,Tidak Spesifik,0,baru mau komentar ih enak mah depresi keluar negeri pas fotonya tap bagusnyaa padahal sawah langitnya bersih semoga hari harimu berikutnya makin menyenangkan yaa kaa
2060271473974255985,0,Tekanan Akademik,1,kalau belajar mungkin gaakan he he he tau tentqng ttp tabrakin si bunuh diri kak namanyaa
2060270774783758476,-1,Tidak Spesifik,0,kelelahan parah beli bakso ah
2060266786550145197,-1,Tidak Spesifik,0,review the legend of kitchen soldier weverse magazine drama tving disebut ngasih lihat bagaimana kerasnya hierarki disiplin militer runtuh cuma gara makanan enak fokusnya tamtama kang seongjae park jihoon awalnya dicap paket lengkap
2060248591818792985,-1,Tidak Spesifik,0,true nyampe setahun terus disband mana comeback whatta man komplit baru nyemplung terus bubar padahal tekanan mental pas svs berat banget bnyk evil editting debut nyampe setahun nyeseknya lho
2060246089765159008,5,Lingkungan/Sosial,1,teman teman aku open sharing kalau kamu merasa butuh teman cerita dm aku menghakimi kamu jangan disimpan sendiri
2060243396355330443,-1,Tidak Spesifik,0,bojan krki berperan penting banget terkait perkembangan pemain barca la masia punya pengalaman menghadapi tekanan mental membuat karirnya bertahan lama cederanya pengalaman dibagiin bocil la masia sekarang tim utama
2060232970779382041,-1,Tidak Spesifik,0,benar aku kalau temen lamgsung depresi
2060232682945257584,-1,Tidak Spesifik,0,tips trick bangkit kasur gyus aku kalau bedrot janji rasanya dibatalin makin depresi benar susah banget bangkit nangis kagak towoong towoong
2060227207210176839,1,Masalah Keluarga,1,keinget temen seumuran pernah bilang anak zaman sekarang byk lemah muda depresi aku langsung ngamuk jadi kepikiran aku dulu pas muda depresi dibantai sama keadaan bedanya dulu aku takut nyari pertolongan anak sekarang berani baik ajalah sama semua
2060223070472896886,-1,Tidak Spesifik,0,this is why aku baca queer menafsir meskipun progresif aku merasa maksa diri aku buat percaya islam agama mengasihi queer padahal kalau baca al quran mah haduh serem euy sampe bikin aku pen bunuh diri
2060213671603876311,-1,Tidak Spesifik,0,takutnya depresi
2060210656079708391,-1,Tidak Spesifik,0,hoax video pelatih gym depresi akhirnya bunuh diri plis cenblu bijak ngeshare kena report akun kalian masalah
2060210389321912807,-1,Tidak Spesifik,0,hoax video pelatih gym depresi akhirnya bunuh diri plis cenblu bijak ngeshare direport lho kalian
2060208312474644820,4,Pekerjaan,1,sayangnya iya sampe depresi ku kira aku layak banget buat kerja
2060207575740924371,1,Masalah Keluarga,1,nenek pny cucu si g si g hamil d luar nikah lahir si a g depresi pny suami pacarnya tg jwb g hrs k psikiater minum obat depresan rutin pdh hari mgkn a lebih aktif diem si g jengkel lalu terjadi penganiayaan g sadar nyesel percobaan bundir
2060199494247924111,-1,Tidak Spesifik,0,sch kalau rata rata utbk rapor an mipa bunuh diri kalau ngambil hi smup
2060198158232363238,4,Pekerjaan,1,t kerja toxic buat depresi bahkan sampe mau kerja trauma
2060181611086569758,4,Pekerjaan,1,keputusan terbaik hidupku resign diagnosa depresi mayor tahun lalu aku menyadari banyak sekali berubah
2060173037924941912,1,Masalah Keluarga,1,doyoung tiap kali donasi kerasa hangatnya tujuan jelas siapa dituju apa dibantu sampe nemuin yayasan prnh dipakai artis kali yayasannya sampe nyesuaiin sama keinginan dy buat dukung anak remaja ditinggal bundir tentara beresiko bunuh diri
2060170105909313585,-1,Tidak Spesifik,0,nilai an nyoba fkg bunuh diri
2060169890980643135,-1,Tidak Spesifik,0,method aku stay sane being adult so far bobo ciuman ketawa tiap lihat dunia makin absurd alternatifnya depresi total nyari diskonan makanan sumber kebahagiaan temporer bikin to do list cuma merasakan ilusi kontrol atas hidup
2060162131199410682,3,Percintaan,1,cewe kalau cowonya ketauan hs sama mantannya bakal marah kan lagian jadi cewe murah sangat mau diewe nikah giliran hamil depresi lo aneh
2060156377662963826,-1,Tidak Spesifik,0,kalau depresi nyebut tuhan kok fitrahnya manusia percaya tuhan percaya cuma males ibadah
2060148289006399867,-1,Tidak Spesifik,0,sampe segitunya uler depresi akibat habitat nya habis
2060128888110690325,-1,Tidak Spesifik,0,jangan terobsesi elig depresi kamu
2059999566238540228,-1,Tidak Spesifik,0,selama kalian nonton bola pernah pemain kalau liat sosoknya bawaannya nangis aku namanya paul caddis tiap liat bawaannya nangis emang kali bikin aku nangis nonton bola x setahun bahkan
2059996748450546110,0,Tekanan Akademik,2,jujur terlalu stres sama tugas kuliah aku rasanya ngilang ukm kelelahan banget tanggung jawab pusing banget ampun
2059994319906611495,2,Finansial,2,pusat pelaporan analisis transaksi keuangan melakukan wawancara pelaku korban keluarga pelaku judi online ngeri kalah hilang uang puluhan ratusan juta hingga milyaran rupiah banyak bunuh diri judol cekidot
2059993916016066848,-1,Tidak Spesifik,0,bunuh diri kak
2059992495652745723,4,Pekerjaan,2,iya nyoba buat diwaras in ttp balik mau gila lingkungan toxic masuk akal ibadah tabu atasan dmen bkin mslah mau beresin akhirnya plih resign glama nyusul resign betah adlah mrka toxic gila
2059992124364648915,3,Percintaan,1,aku kalau jadi won bakal se depresi ditinggal fah
2059989744692687313,2,Finansial,1,gausa adu pencapaian umur segini ekonomi begini bunuh diri pencapaian
2059988955895136739,-1,Tidak Spesifik,0,pernah considered kemungkinan depresi punya self low esteem akhirnya menjadikan stop peduli penampilannya pov aku dulu insecurean parah depresi seseorang ngasih aku saran padahal niat orang mungkin baik aku merasa ketriggered
2059987815560266183,-1,Tidak Spesifik,0,moga kurt cobain tetap istirahat tenang bunuh diri alam sana dengar lagu
2059987136276046274,5,Lingkungan/Sosial,1,hellow sobat studytwt collegetwt let s be moots plijj aku butuh teman nginfo mandiri huhu depresi ringan banget habis ketolak snbt sdih anw lolos gap semigap hmu jugak haha
2059982169880371617,-1,Tidak Spesifik,0,depresi manic akal an siapa sih
2059976719529037851,2,Finansial,1,nggk banyak orang ngerti keadaan ekonomi sulit terus depresi malah disuruh liburan dulu beberapa hari sebulan gitu
2059955751821746470,-1,Tidak Spesifik,0,ngejar m impresi sampe depresi
2059955643998753040,4,Pekerjaan,1,sebenernya sih adeknya emang bangsat rekam jejaknya orang orang umum resign underpaid over work lingkungan toxic salahnya poin dipakai menggeneralisir menyalahkan orang orang poin wajar marah
2059951046391419033,3,Percintaan,1,mau share dikit pengalaman tmn aku sebar tukang selingkuh padahal mau lepas pacarnya toxic serem banget gasih sama pacaran normalisasi hubungan sampe nangis pas minta putus terus ngomong bundir jadi usah ikutan kalau kamu denger sisi sekian
2059948442420683194,-1,Tidak Spesifik,0,kangen banget sama sayang sayang ku semoga kalian jadi engineer baik yaa ignore my hair depresi laprak era sampe keurus gwah potram
2059946629311185168,-1,Tidak Spesifik,0,salah satu sudut tergelap terlupakan dampak pasca tragedi oktober krisis kesehatan mental mental health crisis kalangan first responders petugas penyelamat gelombang pertama penyintas survivors perang teror pecah perhatian dunia
2059943010649932160,5,Lingkungan/Sosial,1,cara keluar lingkungan toxic batasi waktu interaksi mulailah mengurangi durasi kumpul kumpul perlahan mencolok berani berkata tolak ajakan kumpul agendanya cuma buang waktu membicarakan negatif jangan bagikan
2059937718269063394,4,Pekerjaan,1,wkt abis layoff aku depresi berat salah satu bikin tambah stres job bener bener aku mau cocok aku aku ngerasa bersalah bgt psikiater aku bilang trs kalau km kerja km suka apa km jadi hepi apa depresi km bakal berkurang malah bs jadi nambah kan
2059936521445077391,-1,Tidak Spesifik,0,tau diagnosa benar mana sender dikasih tau sama dr jantung sender depresi gangguan cemas jadi mau kasih tau diagnosa sakit jantung apa cari tau kdg ditanya dokter jaga igd riwayat sakit jantunya apa makasii
2059932129019195473,-1,Tidak Spesifik,0,kabayang atuda depresi na jadi dejek mah nyakasian na persib hattrick laain x juara
2059921679300903053,1,Masalah Keluarga,1,sorry to hear that kak sama aku sempat self harm semuanya meledak kak kalau butuh teman cerita dm aku aku terbuka jadi teman cerita semoga kesehatan mental kakak semakin membaik
2059907592651223170,1,Masalah Keluarga,1,malam pce ulangin cpi inflasi konsumen pembeli keluarga besar satu negara ppi inflasi pabrik penjual produsen pce pengaruh inflasi dompet pribadi semakin tinggi artinya penghasilan
2059906585099378828,-1,Tidak Spesifik,0,stud kalau ambil mandiri utbk fh unnes bunuh diri adaa alternatif prodi
2059906542229725282,-1,Tidak Spesifik,0,ditambah kalau mampu ngapain maksain diri sampe ngutang segitu banyaknya bagaimana setan bermain sekitaran otaknya nyuruh bunuh diri coba
2059905320131145934,2,Finansial,1,judol bukan sekadar masalah kehilangan uang sebuah lingkaran setan merusak otak mental sosial masa depan psikiater kecanduan judol menyebabkan kerusakan sistem pembuat keputusan otak gejalanya mirip ketergantungan narkoba
2059894939572682849,-1,Tidak Spesifik,0,otw depresi berjamaah dc moga aku ketrigger soalnya topiknya wauhh wowkwkw
2059883153515544896,-1,Tidak Spesifik,0,bahkan kamu berada depresi berat selama bertahun tahun satu satunya disadari orang darimu betapa mudahnya kamu menjadi marah anonim
2059881398912368904,-1,Tidak Spesifik,0,mayoritas obat antidepresan bekerja menargetkan senyawa kimia otak serotonin dopamin norepinefrin sayangnya sepertiga pasien depresi merespons obat obatan tersebut baik
2059879272119238809,-1,Tidak Spesifik,0,bikin won depresi nyesek series moment kilas balik kebersamaan rafah won thegrimloverfitting
2059876605645001193,-1,Tidak Spesifik,0,sering nyalahin diri sendiri inner child lukanya dalem banget kalau heal jadi pemicu masalah mental lebih serius depresi bipolar kadang bikin seseorang develop stockholm syndrome semua sih
2059873241867616299,1,Masalah Keluarga,2,kehamilan usia lt tahun sangat berbahaya tubuh anak siap fisik mental termasuk kehamilan berisiko tinggi risiko ibu berusia anak preeklamsia eklamsia tekanan darah tinggi menyebabkan kejang stroke hingga kematian
2059870412687949976,-1,Tidak Spesifik,0,stan lont stripers flop saking depresi bikin akun baru
2059865803365957690,-1,Tidak Spesifik,0,marathon stories berjuang melunasi pinjaman online pinjol eps lalu apa membuat aku hidup memberanikan buka aib sendiri mosok sih sampek kepikiran bundir keluargaku kalau melukai tubuh sendiri mosok iya berujung bundir
2059857976803143710,-1,Tidak Spesifik,0,premier league pernah dimenangkan klub sekarang bahkan jarang dibahas orang bahkan sekaligus menghancurkan mu nya sir alex ferguson musim harusnya jadi era dominasi manchester united punya skuad penuh bintang punya sir alex ferguson orang orang
2059853985864184156,2,Finansial,1,halo butuh sugar daddy kalau buat temen depresi butuh duit buat bayar ukt ipi
2059839579654635678,1,Masalah Keluarga,4,kadang kasihan sama ibu ibu sedikit terlihat menikmati hidup langsung dianggap lupa sama anak suami keluarga rumah bahkan disebut terlalu bebas padahal cuma sedang mencoba jadi manusia biasa senang senang sebentar orang terlalu terbiasa melihat ibu
2059828174465413502,-1,Tidak Spesifik,0,umur keatas otak mulai menurun kualitasnya jantung mulai lemah solusinya moots telor moots telur curah vs telur omega mana lebih oke telur curah telur biasa ayamnya dikasih pakan standar jagung dedak nutrisinya bagus
2059819807541981568,-1,Tidak Spesifik,0,semua opini valid toleransi orang masalahnya beda kalian nyontohin lu mending lah gua serius deh mending urus diri masing aja orang kuat tahan cm opini twitter terus bunuh diri emg kamu mau tanggung jawab
2059815307641037203,-1,Tidak Spesifik,0,korban bullying pilihannya cuma melawan pelan hancur sendiri kedengarannya kasar emang realitanya gitu aku punya tetangga anaknya jadi korban bullying awalnya cuma kelihatan pendiam sering melamun lama kondisinya makin stabil pernah
2059777655986335788,-1,Tidak Spesifik,0,kamu kalau depresi dokter bukan x
2059713093874409557,-1,Tidak Spesifik,0,banyak depresi kak termasuk bentar bunuh diri
2059706540576387429,-1,Tidak Spesifik,0,nama akunnya depresi berat jadi sensitif segala disalahin dibacotin benar didunia
2059686334290436295,-1,Tidak Spesifik,0,maklumin kak depresi berat haha
2059677089700385240,4,Pekerjaan,2,uhmm maaf kalau begini jatuhnya ngeinvalidasi rasa depresi orang kerja orang berhak cari pekerjaan layak loh semisal emang pindah cabut cabut aja aku tau kok semuanya punya privilege tersebut at least jangan bersikap begini
2059671371207397591,-1,Tidak Spesifik,0,takut banget dikira alim padahal aku depresi bkn self diagnosed
2059670053252132948,-1,Tidak Spesifik,0,mendengar sosok acerbi pertama kali bergabung inter siapa merasa skeptis blunder transfer sebuah kebodohan inter acerbi bukti kalau hidup menghancurkan seseorang membentuk petarung lebih kuat
2059665886353731964,1,Masalah Keluarga,1,kalau bocah dibiayain ortu jangan ngerasa veteran lingkungan kerjaan orang dewasa byk orang stres sama kerjaan nya berhenti takut dapet kerjaan stres nya sampe mau bunuh diri bukan stres tidur sembuh
2059657440933941331,-1,Tidak Spesifik,0,banyak ngira islam super kaku urusan queer intinya islam tawhid ucap syahadat hati bener deh masuk islam praktiknya pilihan paksaan sama sekali kok skip cocok buat kamu hijab pacaran
2059656838212378772,-1,Tidak Spesifik,0,wkwkw ngacaa usah playvic kamu kira kaum kamu prnah maki baek sampe nyuruh bundir haha balikin kok tersakiti wk bias aku awal baek pernah si cy aku suka interaksinya aku suka orang nya kaum kamu sndiri bilang cu tersakiti bela esem wk jadi mnafik banget
2059655719805465036,-1,Tidak Spesifik,0,nyuruh orang bunuh diri dosa nyebar hoax dosa kamu ngalir terus semacam dosa jariyah udah dihapus nah justru kena tegur makanya dihapus tinggal berdoa ss konten hoax dosa jariyah
2059655089917432020,-1,Tidak Spesifik,0,hoax mana dihapus bahas loh twit daily aja emg nyuruh orang bunuh diri dosa
2059655004253016082,4,Pekerjaan,1,risiko soalnya generalisir semua resign lemah mental pdhl reply ternyata banyak case emang lingkungan kerjanya toxic parah bikin mau bundir kalau uneg nya lebih personal adeknya mungkin bakal dirujak separah
2059650686871273838,-1,Tidak Spesifik,0,nangis mekanisme alami manusia lepasin stres turunin tekanan emosional meregulasi perasaan stigma cowok blh menangis justru berbahaya memendam emosi dpt picu gangguan kecemasan depresi nangis nangis los udah cry for your health
2059647382028218504,-1,Tidak Spesifik,0,berharap diri sendiri teriakin diri sendiri kepala kalau orang gagal deserves anything pathetic weak suruh mati tiap menit bantu bikin plan bundir mau minta siapa musuh nya diri sendiri
2059638293617377470,-1,Tidak Spesifik,0,bro kamu ss bagian km dm pertama nyuruh orang bundir tbtb nge dm sengaja mancing emosi orang
2059637156566770055,-1,Tidak Spesifik,0,bunuh diri si soalnya prodi peminatnya banyak banget undipp
2059634982243758582,-1,Tidak Spesifik,0,halo kaa mau tanya skor utbk daftar mandiri unnes psikologi bunuh diri
2059631607083041158,-1,Tidak Spesifik,0,mungkin depresi bukan sekadar sedih lebih lelah berkepanjangan otak mulai percaya kalau apa dilakukan bikin keadaan membaik jadi bukan mau punya harapan terlalu sering kecewa harapan terasa melelahkan obat
2059630379162906726,-1,Tidak Spesifik,0,kalau punya harapan bakal depresi kak lagian mau harapin apa siapa diri sendiri bilang nyerah aja soalnya gelap rasanya depan
2059626590750093643,1,Masalah Keluarga,1,dulu sempet pacaran sama temen kantor sekarang jadi mantan lost contact pernah komunikasi sama sekali kata kata enaknya nempel kepala pernah diremehin langsung disuruh putus sama orang tua nyokapnya doi denger kalau history
2059623652187148294,4,Pekerjaan,1,gajian kecil bgt mending g ush kerja sekalian sih sayang diri sendiri dipaksain tar malah bunuh diri
2059617854090260495,4,Pekerjaan,1,kelelahan kerja nyata banget malam kerja kepikiran besok ngadepin apa
2059610446311899410,5,Lingkungan/Sosial,1,badan lemes gadoyan makan rasanya mau menghindar terus kebayang detik waktu circle nge reach out depresi bikin semua makin kacau ruang dengar semangat hidup nyakitin diri sendiri jadi terbiasa nyaman
2059608540533469360,-1,Tidak Spesifik,0,terus wajar queer muslim didsikriminasi wajar suruh bundir wajar suruh keluar agama wajar hijab dana cara berpakaiaannya telanjang lecehkan mikir kok cuman pov baca tweet aku kebawah bales tweet aku
2059608185384866136,-1,Tidak Spesifik,0,aku jangankan virtual berharap hubungan serius rl mustahil bcs gua semua nyakitin semua asing waktunya perlu berharap perlu berekspektasi bertahan hidup gila bundir ngebunuh orang luar biasa
2059595327293030475,2,Finansial,2,emang jadi pill pahit teknokrat selalu jadi tameng roda ekonomi oleng soalnya gini ihsg nilai tukar rupiah sangat sensitif sama sentimen pas investor melihat elit pejabat asik memprioritaskan perjalanan dinas luar negeri
2059593166999974198,-1,Tidak Spesifik,0,pbm nyangka sih to mentok paling gede an sampe sedih stres depresi plot twistnya kepala musuhmu temanmu
2059589357535699279,3,Percintaan,1,cewek jaman sekarang ko tolol mauan diajak tidur sama bukan pasangan sah nya urus sendiri urusan kamu dah mau depresi apa kan pilihan kamu sendiri
2059585771963830494,3,Percintaan,2,pelajaran nikah cek kesehatan dulu alat kelamin psikis aseli men punya pasangan psikisnya kena makan hati lama pengalaman pribadi pernah punya bipolar depresi malah aku normal hampir gila kalok dipikir
2059585058844160054,6,Pemerintah,1,kamu stres jir rakyat biasa mau bunuh diri rasanya
2059575015268655233,-1,Tidak Spesifik,0,orang kebelet diketahui s mah susah masa depan jelas depresi
2059574148859601288,-1,Tidak Spesifik,0,carrick untungnya sadar sama attributnya kalau amorim dipaksa terus sampe depresi
2059574042466865238,6,Pemerintah,1,bilang temen lo ngapain depresi kamu kan manusia dewasa kesadaran penuh pacaran sama cowo kamu mau hs konsekuensi kamu hs resikonya hamil sejak kapan kamu hs hasil nya rezim baru
2059569099320213634,-1,Tidak Spesifik,0,aku kelelahan parah jadi enaknya coba buat short comic notesun dulu beerlens dulu
2059565984625934691,-1,Tidak Spesifik,0,depresi my ass baekhyun depresi mimpi basah exol padahal hidup damai damai naikin hastag sana ribut disini treatbetter cheatyeol
2059565092526846048,4,Pekerjaan,1,mental state orang beda beda kamu samain porsi kamu menerima ketoxican orang memang punya kapasitas lagian berhentilah berasumsi orang resign merasa lingkungan toxic lemah emang banyak kan realitanya tempat kerjanya toxic
2059559708332282359,2,Finansial,1,susah si kalau emg nerima fakta fyi ksr bunuh diri bukn ksh ditipu keluarganya bikin bangkrut kdrt sama suaminyaa denial kalau cm ikutan fomo emg gt sih denial terus gaikutin kasus semangat y
2059556488914612721,-1,Tidak Spesifik,0,fans kpop sampe kriminal nipu emang bukan kriminal sampe bikin orang bunuh diri emang bukan kriminal
2059556153634459973,1,Masalah Keluarga,2,mendiang bunuh diri keluarga nya ditipu punya suami kdrt kalau gatau kasusnya mending diem tolol
2059554298284085324,-1,Tidak Spesifik,0,hahahaha kayaknya orang depresi putus asa sama dirinya sendiri sekitarnya sih pola pikirnya seluruh dunianya useless jadi buat apa harapan kejadian
2059549689842983152,-1,Tidak Spesifik,0,orang depresi punya harapan jelasin gak plis jgn googling tau isi otak orang depresi aja orang konsumsi obat
2059540743560249530,-1,Tidak Spesifik,0,boong deng sebenernya aslinya mau bundir
2059536520944701453,-1,Tidak Spesifik,0,bunuh diri dilarang agama kali taude
2059530283691704329,-1,Tidak Spesifik,0,lawan depresi keduanya pilihan sulit kalau mau lawan ternyata fisik sekuat si pembully pilihannya depresi depresi apalah daya melawan diri sendiri bagaimana mau melawan orang
2059529564037222603,-1,Tidak Spesifik,0,cw mention of depresi overdosis mental health issues implied self destructive behavior
2059529065107952084,-1,Tidak Spesifik,0,sadis banget memang malah distigma seringkali jadi depresi ketakutan
2059525188535111839,2,Finansial,1,emang paling gampang nuduh orang at least cari tahu dulu background masing pasien sulli bunuh diri dibully saeron bunuh diri kelilit hutang situ paham betapa berat nya jadi artis korea harusnya membentuk badan perlindungan artis
2059520016392085837,-1,Tidak Spesifik,0,iya aku self harm soalnya aku tahan sakit pernah jadi infeksi sakit bgt sekarang kalau depresi keliatan sama sekali in real life aku bercanda cuma rambut rontok dikira ketombean brain fog sering sakit kepala bb cuma
2059519119259795779,0,Tekanan Akademik,1,nonton podcast densu erika carlina curhat perjalanan hidupnya hadirnya enduw titik terendah hujatan satu indonesia tekanan mental perjuangan belajar jadi ibu baik perlahan menemukan alasan bangkit kehadiran enduw jadi titik balik
2059516172417306919,5,Lingkungan/Sosial,1,hari tau lingkungan toxic apa ngga kamu ngerasain makanya sotoy banget kalau amit amit ade kamu bunuh diri kamu maksa bertahan tempat lingkungan toxic kata kamu usah sedih
2059515997657415702,3,Percintaan,1,i was at a very tender age when i heard hingga nyaris bundir and i wondered emang jatuh cinta sampe segitunya kok nakutin but of course i kept to myself and found the answer as i got older
2059511858357223879,-1,Tidak Spesifik,0,u spokojenosti je t z staneme rovn se zjistilo e estiminutov poslech pt k sni uje zkosti a paranoiu v p pad rozmanitosti druh m e m rnit tak depresi opa n efekt m poslech hluku dopravy
2059510730597204381,6,Pemerintah,1,logis hukum aborsi disini semudah jadi aborsinya tempat ilegal jadi sama kamu nyuruh orang bundir kalau lakuin terus dead pas polisi lakuin digital forensik kamu at least kena pasal pidana uu ite kuhp sama uu kesehatan
2059510193592115249,-1,Tidak Spesifik,0,juara back to back champions league sejak era modern champions league real madrid mampu mematahkan kutukan juara back to back ucl sangat sulit taktik terbaca juara bertahan gaya main tim
2059509986351571249,4,Pekerjaan,1,ketahanan mental tiap orang beda dipukul rata kemarin aku kerja bareng sodara eh besoknya keluar workplace nya sesuai kemampuan nya kerja dipaksakan kalau emang nya kuat kalau tbtb bunuh diri emg company mau tanggung
2059499397294313949,4,Pekerjaan,1,kamu jangan didoakan kena depresi sadar ditekan mulu dunia kerja orang kamu merasakan sendiri bagaimana kelelahan berkepanjangan kerja tempat toxic akhirnya mental kamu rusak
2059425800961831131,-1,Tidak Spesifik,0,depresi sejak dini
2059425604915876063,1,Masalah Keluarga,2,setuju sih banyak banget berita anak kecil melakukan s word salah satu video tonton bahkan masalah depresi anggap tabu sebagian keluarga besar sering kali tutup i
2059421287718830538,1,Masalah Keluarga,1,berakibat anak anak menjadi lebih aware diri sendiri depresi anak anak menjadi filsuf gadungan
2059420075191599199,-1,Tidak Spesifik,0,kapan kamu bundir nyet
2059417986776309789,-1,Tidak Spesifik,0,tolol depresi kalau bantu diem aja kalau bunuh diri gmn kamu mau tanggung jawab
2059414579097268426,-1,Tidak Spesifik,0,ajarkan depresi sedari dini dewasa kaget
2059411918868344946,-1,Tidak Spesifik,0,kalau tuhan kayaknya bunuh diri inimah sentuhan iman jadi kuat banget bertahan hidup spritualitas benar menjaga keinginan depresi balik semua orang bersabar mencapai level sanggup gapapa
2059405751223992738,1,Masalah Keluarga,1,tulisan dazai difilter mati matian lebih family friendly kalau menilik serius sebaca artikel who september kemenkes maret depresi anak remaja dini naik signifikan adanya buku versi kasih tunjuk kepekaan soal isu
2059388096660283750,-1,Tidak Spesifik,0,gokil simulasi mengenal depresi
2059382229877617069,-1,Tidak Spesifik,0,ngetik coli gini apa bedanya kamu sama orang orang nyuruh queer muslim buat murtad buat bundir buat lepas hijab
2059363819735101722,-1,Tidak Spesifik,0,mengenal depresi sejak dini pas gedenya kaget banget
2059360573121532286,0,Tekanan Akademik,1,akibat bullying tadi siang jam anak nusuk temennya pakai pisau katanya si korban mulutnya lemes suka bully tukang ngadu kompor akhirnya si pelaku mungkin dendam bawa pisau rumah pas pulang sekolah tusuk perutnya ususnya keluar
2059354056087539922,-1,Tidak Spesifik,0,biasanya kalau dirumah dikamarku gampang banget tidur sampe jam segini tetep tidur kirain dikos tidurnya trnyata sama aja takut depresi banget yatuhan
2059345510864203992,-1,Tidak Spesifik,0,umur segitu bunuh diri syukur
2059334505392214054,-1,Tidak Spesifik,0,wondering bagaimana caranya ngedesain rencana promosi karya depresi awur awuran begini
2059315153049690327,-1,Tidak Spesifik,0,kalau w kebalikannya irl w depresi jadi omgg a representation in a media i consumed
2059302652530548822,0,Tekanan Akademik,1,woii malem dikirimin ginian sama temen kampus takut ngasi saran salah guys serem kalau depresi cowonya baru kemarin selingkuh masalahnya
2059296270410244606,-1,Tidak Spesifik,0,bagaimana perasaan kalian abis vc sama temen dkt kalian smp smk ternyata murtad jujur sebenernya terpukul agama kan masing cuma kecewa aja ternyata milih agama posisi depresi suasan rmh nya chaos aku sedih bgt yap
2059294298982723648,-1,Tidak Spesifik,0,salahnya mana begini begini perlu orang lebih kritis ngadepin kehidupan sesuai ekspektasi merenung kecewa sedih depresi taek
2059293284493861003,1,Masalah Keluarga,1,aku tembak keluarga bakal ngancem bunuh diri mengingat riwayat keluarga kasus bermasalah terutama ibunya
2059287948580065629,-1,Tidak Spesifik,0,terus bunuh diri dianggep lebih serius no one would expect you d actually do it
2059284894820557133,-1,Tidak Spesifik,0,day menjadi vtuber gebrakan baru yap tampaknya benar benar sampe buldep suruh latihan vokalnya kalau tetep lagu pengajarnya nyerah akhirnya ganti lagu temanya depresi donk muka cain se depresi p maksud
2059278405581815903,5,Lingkungan/Sosial,1,hi sf aku mau makin banyakin moots dong disini feel free kalau butuh teman cerita butuh saran kalau minat open sharing ttg makeup aku like n follow
2059276438289998108,2,Finansial,1,kamu bayar tukang mahal kerjanya cuma joget joget bikin konten tiktok bunuh diri dijepang termasuk hak asasi manusia disini dibunuh aparat mati kelaparan
2059272121893982366,-1,Tidak Spesifik,0,mandiri unnes sama skor utbk rata rata an mau masuk teknik bunuh diri guys
2059267613591756980,3,Percintaan,2,kan aku ditahap takud bias aku announce lgbt kriminal bunuh diri pda pnya pacar normal nikah wkwkwkw
2059265387288780848,0,Tekanan Akademik,1,kondisi low intelligence faktornya banyak kondisi neurodivergent masalah belajar trauma stres depresi lingkungan kurang mendukung berkembang
2059264962103791879,-1,Tidak Spesifik,0,analisa member enhypen dong psikolog bibi kayanya member depresi mampus tinggal doi member rambutnya hitam jadi hatinya suram rambut coklat jadi brownies ayo doong analisa ihh masa pilih kasih katanya penis
2059263881491661104,-1,Tidak Spesifik,0,men to men please talk seberat apapun masalah kamu sememalukan apapun lo please talk aku baru kehilangan temen baik gara gara depresi aku temen didn t even realize something bad happend to him lae kau tinggal seminar hasil jadi
2059260993327542375,-1,Tidak Spesifik,0,aku kalau depresi dihibur sunshine mgkin jadi hidup i get you robin
2059256963817722178,-1,Tidak Spesifik,0,usah berlindung dibalik kata depresi neurodivergence deh buat jahat orang
2059251941872742518,-1,Tidak Spesifik,0,bagaimana semua bunuh diri
2059236739072335896,-1,Tidak Spesifik,0,kalau sini alasan putusnya bukan arka balapan kayari minta putus soalnya sakit bolak balil psikiater waktu fase depresi menghilang hidup arka lalu waktu fase manik berusaha nahan diri waktu normal baru arka
2059235338288247145,2,Finansial,1,crita dikit ibuku pendidikan rendah ekonomi rendah nikah usia aku lahir ibuku usia kecil aku nerima abuse baik verbal maupun fisik dampaknya aku tumbuh jadi orang dewasa punya anger issue gampang depresi mood swing berantakan pokonya
2059234159567196274,-1,Tidak Spesifik,0,kalau ditanya kok aku bikin branding akun jadi rated kok kamu mau jadi olahraga parah jadi rated dibisikin kalau badan aku gemuk jelek puluhan kali even jadi bercandaan bikin aku kepikiran terus sampe nangis pas single ternyata badan aku segitu
2059233789684203852,-1,Tidak Spesifik,0,bunuh diri lah
2059229890055221572,5,Lingkungan/Sosial,1,emang sinting sama kartun sampe mau bundir mah aslinya iri insecure sama hinata tau hinata banyak suka populer cuma denial
2059229283063836779,-1,Tidak Spesifik,0,emang baca sewaktu pengajuan waktu tanda tangan maksa kalau mau doxing bayar selesai sesama penyintas pinjol gw cuma mau ngingetin overthinking percuma ujungnya bundir kamu pikir kamu kooperatif balesin chat dc jadi lunak gitu no money no response
2059227559146197449,-1,Tidak Spesifik,0,pantes bunuh diri santai orang sana
2059220816894869561,5,Lingkungan/Sosial,1,saatnya keluar lingkungan toxic aku muaakk
2059220264823775560,-1,Tidak Spesifik,0,gatau lebih mending depresi yearning bcs shit feels the same cuma beda tempat sakitnya
2059219397076771082,-1,Tidak Spesifik,0,not pandavva related but here i guess aku biasanya cuman nulis kalau depresi jadi topiknya sensitif
2059218028194369863,-1,Tidak Spesifik,0,rata rata skor utbk rata rata rapor kalau nekat ambil mandiri fk bunuh diri
2059210128507998221,4,Pekerjaan,1,banyak nyaman tempat kerja tetap bertahan bukan gajinya lingkungan toxic nya
2059204752135897516,0,Tekanan Akademik,1,kadang kalau depresi pulang pergi kost jaraknya menit kampus bawa motor langsung jalan kaki
2059202242402738644,-1,Tidak Spesifik,0,guys maaf ngecewain bgt trnyata skor utbk ku nyampe aku gatau sekarang bagaimana aku kyknya bnrn mau bunuh diri
2059193091064496531,3,Percintaan,2,kebohongan clara shinta kini dibongkar mantan suami pertamanya denny goestaf cerai tahun denny bingung clara menuduh dinafkahi padahal menurutnya faktanya berbeda denny bilang datang medan bawa harta tahun kuliah
2059189578469400828,-1,Tidak Spesifik,0,kalau kamu sering merasa serba salah selalu disalahkan mulai ragu ingatan perasaan sendiri jadi tanda manipulasi emosional manipulasi emosional membuat kamu boneka perasaan sendiri padahal mengendalikan orang efeknya
2059174911936176336,5,Lingkungan/Sosial,1,sekedar mendiang sulli foto pake baju pake bh dihujat se dunia sampe depresi padahal foto buat diri sendiri sama buat fansnya bukan ngelakuin kejahatan kriminal kalau diliat dizoom banget keliatan
2059170595494060353,-1,Tidak Spesifik,0,aku pas sd pernah kena cacar air kalau cacar ular berarti aktif semisal kena stres berat depresi dong
2059168603887587536,-1,Tidak Spesifik,0,niranpete malah duanya depresi
2059152641360543986,-1,Tidak Spesifik,0,maksudnya apa nyuruh hs bunuh diri
2059148808362008845,-1,Tidak Spesifik,0,pompom sender hiatus sejak amphoreus selesai kelelahan banget sama alur ceritanya kepanjangan so far planarcadia worth it ceritanya buat sender balik main
2059144458906853525,-1,Tidak Spesifik,0,gagal osn gagal fls n gagal lomba gagal besar akt gagal besar smt lebih milih ambis utbk ujung nya ketolak gagal scholarship gagal tka gagal snbp gagal snbt tali mana tali bunuh diri aja bunuh diri enak
2059144064176632078,-1,Tidak Spesifik,0,padahal beli mi ayam buat semangkok mi ayam bunuh diri
2059144022648905917,-1,Tidak Spesifik,0,ku bukan drama depresi malah drama pemulihan
2059142872147087816,-1,Tidak Spesifik,0,pentingnya punya idol rajin ngabarin interaksi fans fansnya caper bilang depresi idol biasa interaksi sama fansnya alias mencegah fansnya busuk hati cuma idolnya ngelakuin sama mencegah hate
2058896392136151296,1,Masalah Keluarga,2,bapak keluarga nya kekurangan uang beban hidup semakin berat jadi depresi tetangga knalpot motornya normal
2058895084645732626,-1,Tidak Spesifik,0,aku sehari hari twt kegiatannya cuma nge porno depresi sama doain orang buat meninggal ww jir
2058893064056516701,-1,Tidak Spesifik,0,semua orang mixingannya suka so at the end of the day it doesn t really matter depresi berat
2058889853220323424,-1,Tidak Spesifik,0,cing kalau mau bunuh diri jembatan viral buat bunuh diri aja
2058881793663909938,-1,Tidak Spesifik,0,mau bunuh diri buat gc plis
2058881349034160141,-1,Tidak Spesifik,0,lapar banget kayaknya kalau aku tuan rumah aku kasi duduk kasihan cuk orang lapar mempertahankan hidup masa sih empati masa empati sama orang bundir
2058879541087772696,5,Lingkungan/Sosial,1,temen sodara menolongmu teman sodara menenggelamkanmu aku mengalami keduanya hari jadi penyintas pinjol maret sempet mau bunuh diri alhamdulillah allah beri kewarasan cuman bilang begitulah hidup
2058874062538211512,-1,Tidak Spesifik,0,bunuh diri ajh alhamdulillah
2058873476266807656,-1,Tidak Spesifik,0,udahmah gapyear ketolak better lanjut ikut tahun depan apa bunuh diri yah
2058868949228613939,-1,Tidak Spesifik,0,hewan terbukti mengalami stres emosional berat menunjukkan perubahan perilaku agresif depresi menyadari kehilangan berpisah pemilik lamanya
2058868872904892768,-1,Tidak Spesifik,0,nangisin diri sendiri sih bentar doang pressure orng jir buat mau bunuh diri
2058865205569069509,-1,Tidak Spesifik,0,egiluy aku mikir gt co tetep si aku nangis jam jam mikir bunuh diri enaknya pake apaan
2058858667013971985,-1,Tidak Spesifik,0,kerasa banget depresi penghuni grup
2058858311840358828,-1,Tidak Spesifik,0,bunuh diri yok
2058858250737782804,-1,Tidak Spesifik,0,adek gweh lolos utbk it means gweh bakal pusing apa apa semuanya baik baik dik kalau depresi nnti aku marahin
2058858213764931718,-1,Tidak Spesifik,0,contoh drama drama aku nonton aku nonton drama depresi karakternya semangat hidup
2058856431261286437,-1,Tidak Spesifik,0,tinggal jakarta sangat depressing sebenernya tinggal indonesia depressing org jakarta sangat privileged ngeliat macet gedung tinggi cafe baru selalu bertambah orang tidur jalan berkurang membuat aku sangat depresi
2058856266265666039,-1,Tidak Spesifik,0,depresi gitulah kira
2058848157984051512,-1,Tidak Spesifik,0,tahap five stages of grief denial kira kira tahap anger komen apa nih denial penangkalan anger kemarahan bargaining tawar menawar depression depresi acceptance penerimaan
2058847462337691685,-1,Tidak Spesifik,0,aku linglung buka pengumuman berkali kali berharap bohong se depresi berat aku
2058846687356203373,4,Pekerjaan,1,berarti emang dasarnya lingkungan toxic apapun pekerjaan nya
2058845274228011151,-1,Tidak Spesifik,0,so i can t say depresi and suicide anymore aku upload begini jir
2058838236177584539,1,Masalah Keluarga,1,kebanyakan minjemin kamu kak mending samperin bikin surat perjanjian dah amit kalau orangnya bunuh diri kabur entar kakak mau nagih siapa kalau tanah laku minta dilunasin kalau g lunasin dulu minta dilunasin nya dah
2058834061779693842,-1,Tidak Spesifik,0,bunuh diri aj ap yh hh kalian masi mau temenan sama aku maaf mengecewakan
2058832116469920060,-1,Tidak Spesifik,0,mau bunuh diri
2058829617230930078,-1,Tidak Spesifik,0,ternyata nangisnya menit aku pikir langsung bunuh diri gt rasanya
2058827887588089958,-1,Tidak Spesifik,0,aku jadi depresi
2058827389086679130,-1,Tidak Spesifik,0,hmdeehh mclaren bener snbt lolos apa aku bunuh diri abis apa bagaimana hmzz lengkap penderitaan aku
2058824526621012032,-1,Tidak Spesifik,0,mandiri swasta bunuh diri yah
2058822625489776972,-1,Tidak Spesifik,0,kadang ngerti orang mahir gambar karater baru pertama digambar aku seeibg ngalamin jadi energi fokus inget desain karakter fokus gambarnya ditambah tekanan mental bikin bs out maksimal
2058810071824646258,-1,Tidak Spesifik,0,medis lgbt terpapar negatif tekanan sosial bukan sex orientasinya negatif lingkungannya bikin depresi
2058807162974228740,-1,Tidak Spesifik,0,maen kalem goat kalau pildun baru habis kan semua energi goat mana tau angkat penaldo bunuh diri liat nya
2058807130841624786,0,Tekanan Akademik,2,sekarang tekanan mental mahasiswa ugm saking segitunya buat selesaikan skripsi aja
2058798908562915429,1,Masalah Keluarga,1,kira kira tau anak ntt bunuh diri mampu beli buku anak smk samarinda meninggal terus pake sepatu kekecilan kok nya ngomong
2058794445114614133,-1,Tidak Spesifik,0,cuman menitan dapet diagnosa bipolar wkwkw minggu depan aku disaranin bawa mamah buat ditanyain lebih detail soal adhd nya
2058794442719650075,-1,Tidak Spesifik,0,percakapan aku sama psikiater jadi kamu ngerasa adhd gimana eh fokus hiperaktif menunggu aku melanjutkan selesai menjelaskan trus depresi gimana hmm sedih kalau keinget trauma nunggu diem dieman jir
2058785877464412437,5,Lingkungan/Sosial,1,jujur aku sendiri bingung banyak benci aku padahal aku berusaha melakukan terbaik sampe bikin insecure stres hampir depresi gue nangis kak jgn nangis ngasih tissue
2058784103936536919,1,Masalah Keluarga,2,bagaimana orang mau bunuh diri liat kondisi negara ekonomi alam semuanya carut marut bleak banget bjrot keluarga nanya mau nikah punya anak kek my brother in christ have you seem the news lately
2058783221484319099,-1,Tidak Spesifik,0,emang kak depresi dipencat polwan makanya rada
2058782126422831582,5,Lingkungan/Sosial,1,kak sehat sehat kalau orang rumah bikin kamu capek block aja apa apa banget dulu aku soalnya sandwich gen gapernah selesai muter otaknya take a rest apa apa menjauhi lingkungan toxic kamu layak hidup tenang
2058779895627653270,-1,Tidak Spesifik,0,le omongin baik baik plis jangan gegabah memohon depresi
2058778759277519272,-1,Tidak Spesifik,0,hahahahahaha kalau lulus gourmet mah sisanya apa gourmet ditulis pas aku benar benar depresi sekarang alhamdulillah hepi semuanya hepi
2058766930366873662,6,Pemerintah,1,menarik keberhasilan kegagalan kebijakan kalian pernah dengar satu fans arsenal toxic lalu dibilang semua fans arsenal lalu satu fans ac milan depresi gara gara hasil tim dianggap semua milanisti hidupnya menderita satu cerita
2058758329623851462,1,Masalah Keluarga,1,what about heeseung ketikan kaum kalian waktu bawa bawa keluarga anjing smpe nyuruh bunuh diri sayangnya aku ss aku membenarkan akun kalian playing victim banget anjing salah apa jir g jahatin kalian loh
2058751531533680899,1,Masalah Keluarga,2,balik kos orang depresi paling banyak masalah sensitif paling ditinggalin temen nangis liat bapak jualan tahu jalan nangis liat ibu nyapu jalan ugm ternyata yeah i knew i wasn t a weak i was just hormonally possessed
2058743877558026594,-1,Tidak Spesifik,0,gen z kalau bunuh diri jadi gen tayangan
2058709633267839016,-1,Tidak Spesifik,0,studi menjelaskan pasien serangan jantung memiliki risiko depresi kecemasan hingga penurunan kognitif jauh lebih tinggi
2058704995399397645,-1,Tidak Spesifik,0,naruto alasan depresi menjalani hidup penuh semangat haha
2058692276667514904,-1,Tidak Spesifik,0,salah satu tanda depresi sering disadari kehilangan minat dulu disukai bukan malas gak niat otak tubuhnya benar benar kehilangan energi motivasi menikmati makanya banyak orang
2058692201065115901,-1,Tidak Spesifik,0,mental tempe sok ngajak ribut kamu yatim mending bunuh diri kamu sana kamu caper sama cewe mati kamu sana yatim
2058690785961496617,-1,Tidak Spesifik,0,liriknya terdengar keinginan bunuh diri james hetfield kemudian menegaskan lagu luapan emosi depresi bukan ajakan niat nyata bunuh diri
2058669643624247510,-1,Tidak Spesifik,0,cengar cengir padahal aku bunuh diri
2058668548344648105,-1,Tidak Spesifik,0,mana meme satu depresi satu happy
2058657839951044904,1,Masalah Keluarga,1,cari soal begal marcel surabaya ditembak mati temen aku sd ibunya langsung depresi lalu ikutan mati bulan kemudian sakit efek depresi ditinggal si anak
2058627730032488737,6,Pemerintah,1,this is kind of like what happened to america lol ppl were making memes about trump and joking about him only to make his pedo allegations and horrible records get swept under the rug sepele but mematikan sih kalau kegoblokan pemerintah dijadiin lelucon penawar depresi
2058620853714305308,-1,Tidak Spesifik,0,pergi psikiater rekomen si iu endingnya bukan membaik malah bunuh diri semua konspirasi apa
2058602534181490891,-1,Tidak Spesifik,0,kalau malem orang depresi
2058600101770346632,-1,Tidak Spesifik,0,p info bunuh diri haha
2058519196125045024,-1,Tidak Spesifik,0,nge twt ginian gagal kayanya aku bakal bunuh diri
2058505145370149219,-1,Tidak Spesifik,0,takut kalau takeru satoh menikah depresi ayo comblangin
2058486999687025142,-1,Tidak Spesifik,0,sederhana gabisa sharing soal pengalaman bundir
2058483513884541034,0,Tekanan Akademik,1,baru sampe kosan ketemuan sama murid les ku dulu cewek sekarang kuliah jogja balik jakarta liburan idul adha katanya sela ngobrol tadi cerita kalau aku dulu pernah nyelametin hidup aku bingung dong maksudnya gimana jadi ternyata pas sama
2058479383015469487,-1,Tidak Spesifik,0,aduh aku bengong dikit muncul suara alan manggil sayang parah astaga bukan depresi masuk halusinasi
2058467854186348838,-1,Tidak Spesifik,0,studi temukan hubungan serangan jantung risiko depresi
2058458023631454466,-1,Tidak Spesifik,0,gpp psikologi hubungan perilaku sering disebut tanda emotional suppression penekanan emosi komunikasi pasif agresif bentuk conflict avoidance penghindaran konflik meski terlihat damai permukaan perilaku berbahaya emosi
2058443630587875578,-1,Tidak Spesifik,0,orang bikin aku depresi nya fine fine aja inget balasan tuhan lebih sakit
2058440851244900735,1,Masalah Keluarga,1,pantes kalian sekarang keliatan bahagia banget ber aku paham si seneng banget rasanya bebas orang egois hipokrit problematik caper bersyukur banget kalian lepas lingkungan toxic gitu sehat terus anak anak baik
2058438227481215350,-1,Tidak Spesifik,0,haters jimin bunuh diri masal yah ternyata benci seindah secantik
2058437527657500920,-1,Tidak Spesifik,0,keren banget kamu theo dikit ngomong bunuh diri
2058431116651209145,-1,Tidak Spesifik,0,bunuh diri lgsg kayaknya kwkw
2058431108862394515,-1,Tidak Spesifik,0,sorry ralat bapaknya kakashi bunuh diri bukan gugur bertugas bunuh diri disalahin satu desa ngebantu temen nya misi
2058431034203734432,-1,Tidak Spesifik,0,ralat dikit bg bapaknya kakashi mati bunuh diri btw
2058429132565090774,-1,Tidak Spesifik,0,aku percaya rezeki tuhan besar tuhan mencukupi kebutuhan dunia kalau rezeki tuhan dianggap cukup kalau dilihat kaca mata manusia mungkin sebaiknya berprasangka baik tuhan mungkin sebaiknya
2058417286122439063,6,Pemerintah,1,aku berani nonton takut main depresi sama pemerintah
2058413285121364388,-1,Tidak Spesifik,0,jadi caregiver kebanyakan mati duluan punya support sistem burn out punya kehidupan sendiri aku ngalamin sampe trait pingin bundir bacot kalian romantisasi ginian
2058410315348582450,5,Lingkungan/Sosial,1,dok kalau orang biasa kena kritik bully maguire karius meski skalanya beda apa langkah konkret dilakukan jatuh mental faktor genetik berpengaruh kpd seseorang menghadapi tekanan mental
2058405126713340212,-1,Tidak Spesifik,0,aktor jang dong ju mengejutkan publik video self harm pengunduran diri dunia hiburan mengungkapkan tekanan mental meminta maaf
2058247706355585240,-1,Tidak Spesifik,0,sladk slzy bre c ch slov k za enou ka dou depresi
2058245965577154656,-1,Tidak Spesifik,0,aku pernah baca kalau psikologi istilah behavioral activation cara membantu diri sendiri keluar tekanan mental melakukan aktivitas memberi rasa nyaman makna kepuasan kecil hidup
2058230032590623023,-1,Tidak Spesifik,0,nder kemarin terjadi selama sebulanan penuh akhirnya putuskan psikiater gejala lainnya susah tidur yap beberapa bulan kontrol psikoterapi makjreengg depresi jadi tanda kamu kelelahan gejala depresi
2058227723991154922,5,Lingkungan/Sosial,1,josephine kamu pernah gagal sampe kamu depresi terus liat ig liat temen seumuran kamu achieve kamu perjuangin gagal kamu bakal happy for them ttp ketrigger ngerasa makin insecure merasa ketinggalan
2058227397015765375,-1,Tidak Spesifik,0,pernah seanxiety soal tiket konser bahkan pas war arirang busan aku senyantai haha alhamdulillah dapet nah arirang jakarta aku muall banget kecemasan parah kekeuh mau war sendiri mana tim war sendiri meskipun ngeyakinin diri setengah mati wk
2058215323111928028,3,Percintaan,1,ptg tau lifestyle sama cinta aja kalau random people bunuh diri namanya
2058214254269063585,-1,Tidak Spesifik,0,kamu josephine usah judging cara orang ngehandle kesedihan kesulitan sendiri selama bukan ngerugiin kamu pernah kan ngerasain depresi sampe mau ketemu orang real life bahkan interaksi sosial media
2058199960282382531,5,Lingkungan/Sosial,1,mba nita kamu mencak lebih baik search deh penyebab sulli meninggal apa salah satunya depresi scene naked bareng soo hyun tayang dihujat junjunganmu malah pergi wamil
2058199395322191938,-1,Tidak Spesifik,0,sumpah pocong depresi
2058192395599315381,-1,Tidak Spesifik,0,terus knpa orang korban cwenya bundir kamu curiga apa gmna nyawa loh mungkin mreka melakukan gara spele
2058191478049112290,-1,Tidak Spesifik,0,why minggu depresi
2058188926943445318,-1,Tidak Spesifik,0,mitski jago benar bikin lagu depresi
2058187986165002381,6,Pemerintah,1,strategi iran kirim pesan amerika serikat kalian mencoba menjatuhkan kalian depresi besar pezeshkian presiden iran mengatakan iran memberikan hidung berdarah orang amerika
2058186897567175123,-1,Tidak Spesifik,0,omongan orang pernah depresi i deleted my ig acc bcs it was too much for me orang kondisi mentalnya beda cara copingnya beda dulu awal hapus ig banyak questioning sampe ekstrim namanya orang depresi
2058184012494225623,-1,Tidak Spesifik,0,dlu pas papaku meninggal aku nangis pas dikabarin aja meninggalnya mendadak paginya sampe besok nya nangis emg denial aku liat mamaku nangis terus smpe hmpir depresi jadi aku mau nunjukin nangis samsek semua orang kdg kamar sbelum tdur
2058182624791916787,0,Tekanan Akademik,1,korban mengalami depresi berat trauma histeria berulang korban keluar sekolah dibully merasa hidupnya hancur separuh sikap pelaku mengetahui korban histeris kambuh trauma justru menertawakan meremehkan mengejek korban keluarga pelaku bahkan
2058182554570875304,-1,Tidak Spesifik,0,malam disuruh makan enak sama sobatku aku kelelahan parah jadi pesenlah ayam pak gembus cuman dibikin bete gara gara minumannya jatoh sama driver untungnya ditemenin jkt btw lengan penuh lemak enak dicubit kalau tampak foto
2058176588311920918,3,Percintaan,1,sy pikir puncak kesedihan hidup depresi sedang menuju berat disakitin sama mantan ternyata diputus kerjaan lampiran surat kesehatan psikiatri lebih sedih
2058161340620181989,5,Lingkungan/Sosial,1,dm ajaa all bills on me kalau butuh teman cerita i m all ears
2058159866510995503,-1,Tidak Spesifik,0,kalau bunuh diri dosa kmren aku lakuinn waktu denger kabar dodit meninggal i m so desperate for him to be playable and have a happy life
2058159054502187401,2,Finansial,1,melihat lebih sakses takut jadi depresi merasa diri jadi si paling gagal melihat lebih males takut terlena situasi merasa diri jadi si paling freedom finansial
2058154388003471369,3,Percintaan,1,hah gimana tau u bnyk orang brhnti ntn alsfi pas akhee lenyap karakter akhee alter ego nya lebih kuat tokoh utama depresi padahal main ttp jihoon org kebaperan sama akhee tengil budak cinta bgt dialog akhee na ne nam ja viral banget
2058145748106231984,-1,Tidak Spesifik,0,pernah punya temen tiba tiba hilang peredaran ternyata selama survive depresi aku syukuri nanya manusia emang sekompleks
2058135209225101431,-1,Tidak Spesifik,0,nest lejte se vlasy opil a v hlubok depresi fakt ne
2058134340811571298,5,Lingkungan/Sosial,2,mbc dajjal nya media korea mulai menormalisasikan perundungan dunia kerja sampe penyiar bunuh diri bully sama senior petingginya tutup mata kasus kim pedo paling depan ngebela pedophile
2058127054072385957,-1,Tidak Spesifik,0,kayaknya libur bulan buat se setres aku soalnya kalau depresi turun kilo langsung semoga emang diet
2058121983641235709,4,Pekerjaan,1,ketawa pengangguran depresi kyknya
2058112345445126420,3,Percintaan,1,uykucu netflix poll films turki sut can ulkay istanbul ferman pembunuh bayaran top korbannya kecelakaan or bundir bertemu saye artis tv laku berkelindan dunia kriminil pembunuhan vs pengkhianatan cinta thriller action mafia turki selevel film barat
2058111032355410422,1,Masalah Keluarga,2,kocak banget pake ditanya rahasianya apa gatau men ayah aku meninggal gatau dibunuh anjing aku ikut mati temen tinggal deket aku keluarga diandelin kepaksa ninggalin rumah diancem orang pilihannya waktu aku kuat aku bunuh diri
2058109898840539532,1,Masalah Keluarga,1,waktu aku depresi patah hati aku bilang psikolog gue aku gym x seminggu loh aku nangisnya anak kecil tiap hari tersenyum kecil lalu berkata tangki emosi kamu nunjukin gelas teh gede lalu emosi kamu rasain
2058103442057707574,-1,Tidak Spesifik,0,hilang beberapa tahun jun lojong alami depresi teruk takut jumpa orang dunia lakonan jadi terapi mstar
2058101896116641807,1,Masalah Keluarga,1,hadeeh bidan same case deket rumah dlu bidan sembarangan kasi loperamid anak tbtb sorenya depresi nafas si bidannya ditegur sama dsa terima ih aneh pisan
2058094212047085787,-1,Tidak Spesifik,0,kirain bunuh diri
2058085178950762810,-1,Tidak Spesifik,0,meninggal efek bunuh diri tanggal ulang tahun aktor jadi janggal besar bukan sakit bunuh diri loh
2058083418509115600,-1,Tidak Spesifik,0,jun lojong pernah depresi teruk hilang semangat hidup bhhiburan lakonan jadi terapi pulihkan diri
2058078061590122601,-1,Tidak Spesifik,0,sasuke emang orang sakura sayangi sekaligus rekan timya wajar sesedih usah sakura deh real life liat bias kamu keluar grup bikin fangirlnya depresi sakura liat crushnya sekaligus temen timnya pilih jalan salah
2058077094731759713,2,Finansial,1,betul bkin bunuh diri kan terpojok digugat hutang banyak mau bilang chat saeron ai jga lelah aku apa kog ai disalahin
2058070040621224336,-1,Tidak Spesifik,0,dikira badan bagus genetik gatau aku kalau depresi kuat jalan kaki km capek hari rutin selama sebulan
2058058107948089668,-1,Tidak Spesifik,0,hidup berpusat sama diri kamu sendiri sih kadang orang emang menjauh hidupnya berantakan depresi kadna quarter life crisis menjauh kewalahan kesanya kayai cut off kamu sendiri pernah nanyain kondisi sahabat kamu asal judge
2058057510087753899,-1,Tidak Spesifik,0,jadi orangnya depresi kewalahn sama hidupnya makanya cuma menjauh society kesanya cut off mesti menjauh orang kalian sendiri pernah nyoba nanya kalau temen tiba tiba menjauh peredaran
2058051947035595115,1,Masalah Keluarga,1,raihaanun best casting standing ovation buat raihaanun akting sabarnya bikin aku ikutan belain meriam bellina usah ditanya aktingnya sbg mertua asli deh ngemertua banget aura intimidasi sama ego khas ibu mau lepas anaknya dapet
2058048819485610106,-1,Tidak Spesifik,0,sini dinilai cewek butuh wajah tampan bnyk harta dibutuhkan kenyamanan buktinya rela kabur semua laki buat nyaman sudahlah nikahkan drpd berbuat lebih jauh bhkn nekat bunuh diri nantinya
2058046681082650758,1,Masalah Keluarga,1,aku depresi abis ditinggal ibu meninggal tempat kerja toxic tiba dikasih tiket konser bruno mars tiba keterima bumn bergengsi salary lebih aku giba penempatan paling deket rumah tiba behavior kantornya baik banget allah baik banget
2058046280044249544,1,Masalah Keluarga,2,sbg ibu anak nya kurang mandiri jujur aku akuin emang emaknya pengaruh banget dulu aku depresi bertahun cobaan bertubi ditambah anak bs dibilang scara medis krg normal banyak jadi capable jadi ibu sekarang anak nya pd gede baru ngejar hutang
2058037251511382221,4,Pekerjaan,1,setuju kok banyak merasa hebat kerja lingkungan toxic pamerkan malah serasa mental paling tangguh sedunia alias cuma ditolol in sama otak kapitalis
2058037043041845718,5,Lingkungan/Sosial,1,bahkan disaat kebongkar isi chatnya adminnya muka tembok klarifikasi apapun manusia bukan sih napak tanah usah sok superior no no no yaa tuhan suka waras pls jangan lama stay lingkungan toxic better out baik buat kesehatan mental
2058034572647149738,-1,Tidak Spesifik,0,orang susah wakanda berkurang meninggal dunia gara kelaparan depresi
2058014920302813675,4,Pekerjaan,1,depresi besar membuat banyak orang amerika serikat kehilangan pekerjaan kesulitan keuangan permainan monopoli diminati menawarkan sensasi menjadi orang meski imajinasi
2058013901930000808,-1,Tidak Spesifik,0,bayi tabung miliar gagal denise chariesta stres berat guys bayi tabung rp miliar aku duanya meninggal surat emang berkembang guys kata denise denise mengaku sangat terpukul sebelumnya merasa optimistis program
2058010944748597712,-1,Tidak Spesifik,0,litreli mak aku tiap aku depresi
2058010077630722093,1,Masalah Keluarga,1,please tgl series terakhir mamii cats menangis sedih sape depresi next series mama meng nangis happy romcomnya pavel make more wish pavel thwizardrynight
2058009027674792306,-1,Tidak Spesifik,0,sorry mungkin nyambung siapapun sedang diposisi begini temen kalian gini jangan ditinggalin gais mental ancur ancurnya emosinya bener bener stabil ngerasa hilang arah berantakan yeess
2058008260381401544,-1,Tidak Spesifik,0,iya hama depresi hari
2058004180951085179,1,Masalah Keluarga,1,just because taunya tanggal maret bkn berarti member taunya tanggal segitu jg jgn lupa grup isinya hampir semua anak t mentok bakalan keliatan professional kalau kalian maunya en keliatan depresi emotionally unstable after that gws deh kata aku mah
2057997808997982710,-1,Tidak Spesifik,0,terserah lah mau mengekspresikan nya gimana femboy tomboy bukan ganti gender semacamnya menjadi jati diri masing masing kalau paksa bukan menjadi diri sendiri depresi social issue
2057994962734928012,-1,Tidak Spesifik,0,bodohnya bela pedenya kasih bukti lewat sumber media apa mikir jangankan media pengadilan dibeli aku bukan penikmat drakor patern manipulatif si ksh kuat banget bjirr nya klen buta gestur korban membela diri bundir
2057992877897310545,2,Finansial,2,kecanduan stres kecemasan depresi gangguan mental masalah finansial hutang menumpuk kehilangan aset kerusakan hubungan tindakan kriminal
2057990228955308447,1,Masalah Keluarga,1,bedanya kalau aku diginiin sama keluarga sendiri wkwkwkw tetep dianggap depresi padahal terdiagnosis walaupun diagnosis bukan pemeran utama sini kan
2057990099401683394,6,Pemerintah,1,doa pertama aku wni habis bangun tidur cuma satu semoga si cepet meninggoy ape ye nafsu aku fanwar negara gini twitter isn t the real world kamu bangun lalu sadar kalau kamu wni kamu depresi artis kamu stan nolong lu
2057988205807644788,-1,Tidak Spesifik,0,wahai dunia engkau sepantas membuat manusia depresi
2057985612746289386,-1,Tidak Spesifik,0,bahaya hp kasur ngerusak otak radiasi hp cm otak jam tumor naik kamu sadar hp kasur bakteri lebih kotor dudukan toilet notifikasi tengah malam bikin stres kronis jantung berdebar scroll tiktok jam
2057983625233412329,-1,Tidak Spesifik,0,otak manusia unik otak sakit berpikir sebagaimana orang otak sehat berpikir kalau kamu depresi otakmu pikirannya negatif terus baca tarot disuruh bersyukur mana masuk
2057980132300923060,-1,Tidak Spesifik,0,baru tahu kalau chatgpt kontak terpercaya lebih ngeri ternyata buat jaga jaga kalau user terpuruk mau bunuh diri segitu banyak curhat ai membahas bosen hidup
2057904706291204505,-1,Tidak Spesifik,0,growing up eru pr ky na depresi v m v l ivou s lu kouzeln ch kam nk a uct v m pen ze
2057903527197090282,-1,Tidak Spesifik,0,iya semakin berkurang karna mati sendiri bunuh diri
2057878747995685165,-1,Tidak Spesifik,0,kirain bunuh diri orang
2057867472079073389,-1,Tidak Spesifik,0,bukannya bunuh diri kamu pedo anjing
2057866720854102397,-1,Tidak Spesifik,0,aku f dulu anti banget bundir akhir selalu kepikiran y cobaan paling berat kelewat beberapa tahun lalu sekarang rasanya aneh no reason to life to live cuma jalanin aja nder please tetep hidup meski tujuan harapan pencapaian
2057864880229585380,6,Pemerintah,1,indo halah muak lama sumpah tinggal tanah kelahiran sendiri buat depresi sama bangsat penghianat bangsa berdoa kalian semua tuhan hajar abis an buat susah rakyat tahun merdeka cuman jadi semboyan perayaan kosong tega kalian
2057861165922005220,-1,Tidak Spesifik,0,mau tali buat kamu bunuh diri
2057851177191235629,-1,Tidak Spesifik,0,buat cewe tolol bela kim soohyun kejahatan bukan saeron sulli manusia salah satu penyebab sulli depresi hujatan publik sumpah apapun aku berharap kehidupan hancur berkali lipat
2057839336599818751,-1,Tidak Spesifik,0,kalau bilang jangan kepikiran mengakhiri hidup bertahan mie ayam enak bakso enak seblak enak banyak makanan enak dinikmatin bumi apa pikir orang depresi kepikiran semua makanan enak bahkan nafsu makan
2057830485502632016,-1,Tidak Spesifik,0,sprtinya depresi berat butuh bawa dokter kejiwaan spikolog
2057830065069859013,-1,Tidak Spesifik,0,ikan kalau bunuh diri begini sih
2057828531279925403,-1,Tidak Spesifik,0,gosah punya penyakit langsung depresi ngadepin sena sbg polisi
2057813222712078407,4,Pekerjaan,1,lingkungan toxic memang se gak nyaman semoga mendapat pekerjaan lebih baik
2057810782310789568,6,Pemerintah,1,mati kelaparan mati dibegal mati bunuh diri prabowo ngomul mati dibunuh aparat
2057807838899269793,-1,Tidak Spesifik,0,bukan sekadar hiburan anime kini dicoba jadi terapi atasi depresi
2057805088539001017,2,Finansial,1,aku mau ambil hutang situasinya buntu titik terendah aku sempat kepikiran mengakhiri semuanya rasanya jalan keluar se desperate se depresi mikir bener kali pikiran datang aku ingat
2057802666177446261,6,Pemerintah,1,kuba salah satu negara termiskin amerika latin inflasi tinggi kekurangan pangan hampir penduduknya hidup kemiskinan ekstrem mampu memberikan pendidikan gratis s rakyatnya bahkan covid lalu mampu memproduksi sendiri
2057802030014722393,-1,Tidak Spesifik,0,nah ironis benarnya kalau tiap hari kelaparan perlu bulan buat masyarakat stress depresi putus asa berkumpul bnyk masalah macam penyakit paling ditakuti merasa hidup gunanya warning serius
2057797420118057349,-1,Tidak Spesifik,0,mending suruh latih ipul aja kasian liat jurgentot depresi haha
2057793315144409210,-1,Tidak Spesifik,0,berkurang soalnyaa depresi
2057793174652031379,-1,Tidak Spesifik,0,pernah posisi depresi berat niat ngelakuin bersyukur mas entah siapa tiba ngajak ngobrol nyadarin aku akhirnya aku jadi nyeburin diri danau hari aku selalu doain masnya dikelilingi baik nyelametin jiwa rapuh
2057790471376908307,-1,Tidak Spesifik,0,mati kelaperan bunuh diri
2057786070096658610,-1,Tidak Spesifik,0,kamu cap depresi kak
2057784229413658748,-1,Tidak Spesifik,0,dihh apaann lo serah dialah mau pensiun kapan emg situ biayain hidupnya kalau pensiun lebih menikmati hidup gosah ngaturr emg kalau stress depresi tekanan media situ mau biayain buat berobatnya tcihh
2057783331803271272,-1,Tidak Spesifik,0,depresi malah
2057780930073547258,0,Tekanan Akademik,1,terlalu banyak masalah kau hadapi pernah belajar hidub jepang punya surat kematian jadi simpel lebih baik kau bunuh diri surat kematian mau perbarui mau bikin terserah itung itung koleksi
2057778543686455368,-1,Tidak Spesifik,0,depresi genetik akibat perkawinan sekerabat mengancam kelestarian satwa liar indonesia mendesak mitigasi lewat analisis dna molekuler teknologi reproduksi bantu pemulihan konektivitas habitat aliran gen alami
2057777262645391477,-1,Tidak Spesifik,0,habis dapet kabar cewek aku kalau temennya bunuh diri depresi guys sesekali coba cek kabar temen temen kalian siapa tau butuh ditemenin didengerin sekadar hadir buat orang keliatan oke luar
2057773351779930587,-1,Tidak Spesifik,0,cl malah naik hold malah junamm lari komoditi anjlok lari big bank ancur lari konglo nyungsep lari fundamental sama aja jadi ritel minus diatas bunuh diri bersyukur
2057771676453290090,0,Tekanan Akademik,1,waktu kuliah pas depresi depresinya temen bilang orang orang kalau aku pernah mau diajak main keluar kos padahal pernah diajak samsek wkwkw
2057770076355367345,2,Finansial,1,gaji seberapa lingkungan toxic kombo paling mantap
2057769184336220325,5,Lingkungan/Sosial,1,siapa butuh teman cerita
2057765898916917258,-1,Tidak Spesifik,0,kayaknya g tawaran kalau cowok keliatan banget masalah mental jg depresi
2057765579646460231,-1,Tidak Spesifik,0,akun gejala depresi akun depresot
2057763051202564253,1,Masalah Keluarga,2,aku curiga nasip jeongwoo ending bunuh diri punya ibu ayah kehilangan huiju cewek sejak sama anggap bakal selalu balik kehilangan jabatan kehilangan sahabat ian menyesal ninggalin tuhan jadi jahat
2057695685009699243,-1,Tidak Spesifik,0,ati mungkin gejala depresi berat prof
2057692889212506260,5,Lingkungan/Sosial,2,cerita teman hampir mirip kejadian mu min big forsir terus smpe mengabaikan kesehatan tahu stroke padahal mud umur masuk rumah sakit lama meninggal kalau tau resiko konsekuensi nya kerja lingkungan toxic hrs me menage diri
2057685037743796270,1,Masalah Keluarga,1,simpelnya begini si cewek punya suami percobaan bunuh diri bukan sekali berkali
2057675878965170193,-1,Tidak Spesifik,0,jangan lupa disabilitas nampaknya hari kamu sehat pikiran mental jadi beberapa bulan tahun malah depresi terdiagnosa disorder aktivitas sehari kamu terganggu
2057674459553923379,0,Tekanan Akademik,1,orang selama sekolah dikucilin dianggep jackpot kalau kelompokan hari hari rasanya bunuh diri
2057673342463910230,2,Finansial,1,aura nya orang tekanan mental rumah dikasi duit suaminya terus anaknya bau matahari
2057673178491883743,1,Masalah Keluarga,1,kak benar bangett kalau kondisi ibu hamil umum demen benar bolak balik opname faktor luar bikin depresi even fisik sendiri kondusif bikin stres berat
2057667977936506917,1,Masalah Keluarga,1,jangan sesek galau dulu nder takutnya tahun kalau kamu lihat sama anak istrinya hidup mapan bahagia kamu jadi depresi
2057664014029836718,-1,Tidak Spesifik,0,apa apaan tahihanyya jt bunganya jt kalau aku mah bunuh diri astaga
2057654709826306478,-1,Tidak Spesifik,0,jangan masuk dulu ka kebawah masuk fase depresi
2057653934664425493,-1,Tidak Spesifik,0,kurang depresi ka
2057649881569980614,-1,Tidak Spesifik,0,nice kompresi dimulai gt panic selling margin call gt tsunami selling depresi rebound
2057648250870739254,0,Tekanan Akademik,1,pas scene mechuri pas jadi mahasiswa keliatan woosu hyung mungkin banget jahatin timnya imo hyung teken kontrak iri sama mechuri awal mechuri kan mahasiswa top jurusannya kan pertama kali ngomongin soal manipulasi hyung bunuh diri
2057647685709316475,1,Masalah Keluarga,1,aku syukuri tiap pagi usia biar depresi bangun pagi sehat privilege sering dilupain napas jalan badan gerak menang duluan hari dimulai punya orang peduli entah keluarga teman lama
2057647074758500719,-1,Tidak Spesifik,0,saatnya kompresi dimulai gt panic selling margin call gt tsunami selling depresi rebound depo cash dulu
2057645634933719094,-1,Tidak Spesifik,0,tiap hari ngomongin urusan rumah makin bunuh diri mantap
2057640773357805746,-1,Tidak Spesifik,0,kayaknya bug aku kemarin begini padahal mau bunuh diri sampe x maksa ngelepas hook mati mati pas diunhook malah penuh giliran mau bunuh diri malah begini anding
2057638166656668098,1,Masalah Keluarga,1,thanks buat mama papaku bersedia buat aku repotin thanks buat suamiku bersedia ngurusin adek kusuruh jam full pas bareng aku adek thanks buat mertua ikut repot jagain adek kalau aku butuh me time sepertinya aku depresi
2057627346447012065,1,Masalah Keluarga,1,anak jaman sekarang terpapar screen time tinggi banget iya gak advisory surgeon general amerika anak usia tahun maksimal jam hari screen time actual nya rata remaja sekarang jam kali lipat batasnya dampaknya negative banget kualitas
2057613881170952246,-1,Tidak Spesifik,0,jebak wowo keluar bop gaya bikin video sos lg kirain vid bersiap bundir kasih warisan ihh
2057610059165966821,-1,Tidak Spesifik,0,padahal pembully bikin korban trauma bahkan bundir gila serem banget mindset homophobe
2057604473271496992,5,Lingkungan/Sosial,1,menyebalkan tai ngejudge bukan nasehatin jangan hidup lingkungan toxic kak sampe nasehat lumrah kamu lumrah toxic
2057602626993484149,-1,Tidak Spesifik,0,mending bunuh diri
2057602622908158152,-1,Tidak Spesifik,0,benar anjing maling ajgg banget w hampir ditahap depresi mau mati pas motor aku diambil orang benar benar kosong aku selalu berdoa si maling benar benar mati bakal pernah bahagia turunan buat aku sedepresi
2057597450287014342,-1,Tidak Spesifik,0,barusan liat threads keknya ibuk emang depresi dah
2057536714005221803,-1,Tidak Spesifik,0,b u n d i r pernah benar benar tahu seberat sesakit apa beban dirasakan korban bundir memilih nekat mengakhiri hidupnya sendiri bahkan banyak kasus bundir usia korban sangat belia bahkan terkategorikan
2057532678497607768,-1,Tidak Spesifik,0,kalau salah ngapain waktu klarifikasi nangis njir nangis pas mendiang bunuh diri bukannya asik asik party dateng waktu pemakaman kan mendiang satu agency meski hub sesuai diklaim ngapain dtg pemakaman hoobae byk bukti
2057532545475268687,1,Masalah Keluarga,1,fans nya ksh bela terlibat fisik kasus bunuh diri ksr kasus bunuh diri sama kasus pencabulan anak dibawah umur kasus berbeda terlibat scr langsung bunuh diri nya ksr bukan berarti bebas dating dngan minor
2057521852831158557,2,Finansial,1,hyeonkeon few tweets prompt muda sh random menulis lembaran uang seribu siapa sangka uang tersebut jatuh tangan kenneth kh merasa depresi hidupnya mendapatkan uang kembalian parkir kebetulan butuh hotline su c d
2057519921131823284,-1,Tidak Spesifik,0,ai punya perasaan punya attachment punya otak sama punya kalau sampe perasaan kasian simpati sama model ai begini mending stop dulu pakenya takutnya kalian aslinya siap keinget kasus bunuh diri gr reply chat ai dianggep benar benar
2057509896980238830,-1,Tidak Spesifik,0,serlok mi ayam enak pencegah bunuh diri area kudus semarang
2057492568045449328,-1,Tidak Spesifik,0,buat voter stres depresi penurunan ihsg syukurin taste your own medicine buat non voter mengalami kerugian investasi termasuk saham sabar semoga diganti lebih baik
2057485824292442455,-1,Tidak Spesifik,0,kata aku kalau mendiang bundir bakal rujak habis kok sama kalian wakwakwak usah sok women support women kamu bela support women women tepat anj jangan seron
2057485241502274039,5,Lingkungan/Sosial,1,iya makanya kalau mau lingkungan toxic siap bayar makanan tuntutan customer bikin dapur perfectionist rasa beda dikit ngeluh rasanya dulu
2057479049954365645,-1,Tidak Spesifik,0,tw depresi guys aku fase d presi berat beberapa hari pengumuman utbk aku takut kalau hasilnya gagal jadinya makin kacau aku bagaimana
2057478145377448152,0,Tekanan Akademik,1,aku lulusan arsi emng ngrasa berat banget terlebih basic aku soshum jujur kepikiran buat bundir temen kuliah arsi kalau ngrasa kuat minta temen kuliahmu jgn memaksakan diri buat menanggung beban sendiri
2057470048927911947,-1,Tidak Spesifik,0,aku kira malah orang bunuh diri
2057466480028270926,5,Lingkungan/Sosial,1,aku curiga hyungnya bunuh diri difitnah sama teman mirip kuda nil maf emosi soldoutonyou
2057464697658687672,-1,Tidak Spesifik,0,org ribut nonggol publik bilang apa sampe si cewe caci maki terus an eh bundir keluar foto eh si pedo baru conve nangis ngakuin pcrn bayangin yak jadi ksr maki fans pedo bilang slut numpang tenar si pedo hidup nyaman smp sekarang
2057385724325077352,1,Masalah Keluarga,1,dulu ayah kalau terlintas bunuh diri pertanyaan slalu muncul siapa jagain belain ayah sekarang ayah aku sendirian tetep ayah nyelametin aku terlintas aku tetep hidup selalu buat bangga walaupun ayah
2057381129125347568,3,Percintaan,1,pfftt padahal kuman lgbt kamu kebanyakan mati kena hiv gantung diri depresi ribut sama pacar homonya
2057380555604516906,-1,Tidak Spesifik,0,bukan keriput bekas luka sayatan orang suka melukai diri gitu biasanya depresi
2057375117492281383,6,Pemerintah,2,katanya udah pernah lebih parah segini apa apanya padahal setauku paling tinggi si tiap kegoblokan prabowo pemerintah tutup mata banyak anak keracunan mbg orang bunuh diri ekonomi aktivis diculik ditahan mat
2057374334617018724,-1,Tidak Spesifik,0,bukan keriput bekas sayatan benda tajam sengaja buat kulitnya dibuat depresi sedang keadaan baik
2057371757972177141,-1,Tidak Spesifik,0,dek yas series wah gila bikin ikut depresi
2057365421897211950,-1,Tidak Spesifik,0,hei berita bunuh diri begini disclaimer lengkap no telp hotline menginspirasi tau menyepelekan
2057365079683739656,-1,Tidak Spesifik,0,autumn waktu terbaik buat bunuh diri galau nya ktulungan
2057360708300632274,-1,Tidak Spesifik,0,sama aku percaya sihh kalau jalannya jangan bunuh diri dulu kakk semangatt
2057360000230773002,2,Finansial,1,orang kamu gaji level taun taun disuruh seharian kerja sauna minim ventilasi bunuh diri syukur kak
2057356531541463447,-1,Tidak Spesifik,0,semua punya cara sendiri buat menngelola stres menjadi depresi
2057352787097518125,5,Lingkungan/Sosial,1,iman takwa minimal keluar lingkungan toxic
2057341837795561479,1,Masalah Keluarga,1,datang pengantar pulang taruhan catatanppds duduk ruang tunggu rumah sakit pendidikan gunakan kemeja hitam dipaksakan rapi menutupi degup dada beraturan istri tengah berada balik pintu menempuh wawancara program
2057337863893840214,4,Pekerjaan,1,kerja jng smpe depresi bsa jaga diri
2057328636454412432,6,Pemerintah,1,sebahagian aktivis diculik dijangka dipindahkan penjara ketziot israel sncc kecam tindakan itamar ben gvir lakukan kekerasan fizikal tekanan mental ugutan aktivis aktivis gsf termasuk rakyat malaysia ditahan pelabuhan ashdod stabil
2057325784143200542,6,Pemerintah,1,terkini aktivis gsf termasuk rakyat malaysia ditahan pelabuhan ashdod stabil sebahagian aktivis diculik dijangka dipindahkan penjara ketziot israel sncc kecam tindakan itamar ben gvir lakukan kekerasan fizikal tekanan mental ugutan
2057296028026786038,-1,Tidak Spesifik,0,stres keadaan resah cemas tegang sebagainya akibat tekanan mental fizikal stres normal situasi tertentu cara mengurus stres mampu memberikan impak positif sebaliknya diri amalkan tip atas menangani stres
2057292410691244167,1,Masalah Keluarga,2,jujur aku kira cuma cuplikan film ternyata kisah nyata rumah tangga kebanyakan orang pantes dapet banget emosinya wdyt guys misal kalau kalian jadi istri intan tinggal bareng mertua plus punya ipar toxic depresi banget si guyss kalian bakal
2057290995495215400,-1,Tidak Spesifik,0,survey dlu apa gmna penduduk rata rata bumi fans emyu nge banter emyu sama bunuh diri menghilangkan konsumen memakai grab
2057290402684866937,-1,Tidak Spesifik,0,kak orang sdg depresi berbeban sangat berat merasa dirinya sangat teramat lelah menemukan jalan baik berfikir normal sbnrnya butuh pertolongan perhatian sekelilingnya
2057285681580556751,6,Pemerintah,1,biasanya kalau orang ngeluarin kata andai mulai masuk depresi sih mas kan jadi presiden bukan pilihan mas nya kok mulai berandai andai
2057272318003642783,2,Finansial,1,situasi ekonomi sekarang paling pahit gen sandwich harga naik sulit gapai bahkan menabung kadang kadang generasi banyak stres depresi menghadapi kenyataan terima jangan kan makan esok entah bagaimana
2057270722326893030,-1,Tidak Spesifik,0,apa istilah pick me aku pernah difase apa apa takut salah malah depresi cuk jadi aku gapeduli apapun omongan orang hehehh semua orang disekitarku gitu ayo happy mikirin omongan orang
2057265453316391166,-1,Tidak Spesifik,0,depresi keadaan mahadahsyat
2057247248006979773,-1,Tidak Spesifik,0,rahasia tidur jarang dibahas penjelasan sisi psikologi medis tidur bukan cuma soal istirahat fisik pola tidurmu sering jadi cermin kondisi mental emosional kamu pendam penjelasan ilmiahnya nangis tidur menangis mekanisme
2057231940730900959,4,Pekerjaan,1,seinget ku kak salah tangkap terus dibebasin cap murd r dilingkungan jadi akhirnya maybe depresi bs cari kerja salah satunya meninggal kanker umur makanya pak yoon tetep hidup support sistem keren banget
2057199109287616565,-1,Tidak Spesifik,0,douf m e cedidl v pes m depresi
2057185240519750027,3,Percintaan,1,tau s cewek a k a ksr bnyk haters nya jaman dui denial bunuh diri knp gaslighting k mantan apa aduhh ksh ngirim karangan bunga lewat gm masuk akal mantan
2057182714919591993,-1,Tidak Spesifik,0,recenze eldor do v disku kibicuj c babi ka p edstaven absolvent damu za n p sn eldor do kter v s na t st nabije optimismem d ky kter mu p e ijete n sleduj c existenci ln depresi hlavn postavou nen roadtrip za lep m sv tem ale babi ka kterou hraje kdokoli
2057176701676003695,-1,Tidak Spesifik,0,depresi dirangkul dibantu mati dijudge hidup dibilang lemah doang makanya banyak orang mau minta takut dikatain sama org bego hujat pas otaknya berfungsi alam bawah sadarnya cari jalan pintas bundr
2057175895102890255,-1,Tidak Spesifik,0,kalimat cuman diterima sama akalnya sedang depresi mana mempan otak buntu mikir jadi solusinya ap awasi punya gejala sampe tenang baru bicara kalau punya kemampuan bantu kata bakal nyelesein masalah
2057153431002079604,-1,Tidak Spesifik,0,cewe kelihatan terlalu kurus terlihat kekurangan nutrisi sepertinya mengalami depresi
2057146834997617026,-1,Tidak Spesifik,0,emng rangkul kalau orng terdekat terindikasi depresi dunia semua manusia luput namanya masalah samsara they need talk and understanding
2057137617553219687,-1,Tidak Spesifik,0,curiga depresi berat haha
2057137379622936649,-1,Tidak Spesifik,0,urusan neraka tuhan tau rugi sendiri bunuh diri keadaan makan mie ayam
2057137033999704304,3,Percintaan,1,fyi ksr melakukan bbrp kali percobaan bundir nov operasi ligamen pasca percobaan bunuh diri merawat mantan pacarnya non seleb smntra ibunya asik makan makan pacarnya saeron dibawa mantannya pulang kerumah pasca operasi
2057133420900434254,6,Pemerintah,1,bunuh diri tahan dulu apa liat prabowo meninggal
2057133409659752693,-1,Tidak Spesifik,0,depresi rumpas tutuik
2057133166415208847,-1,Tidak Spesifik,0,masa aku kepikiran kalau dedek benar benar bakal gugurin terus juni stay sama remos berujung depresi juni kapan bahagiannya dong kak kalaupun memang apa apa adek juni stay sama remos kalau yello
2057066042078490819,-1,Tidak Spesifik,0,semua orang cutting gara atensi anjing kakel kamu kepikiran cutting bahkan buat atensi aslinya butuh pertolongan nya mikir nyakitin diri buat ngancem orang orang benar benar cutting mau bunuh diri mikir pantes disakitin
2057062809276694628,-1,Tidak Spesifik,0,keinget waktu depresi terus psikiater ngecek badan aku bersih nya luka eh malah dibilang km bohong soalnya orang depresi ngelukain dirinya sendiri terus aku hah apaan si posisinya aku tidur hari
2057057940184674656,-1,Tidak Spesifik,0,aku kelelahan banget liat tl i ll be off for a while
2057057488076423526,-1,Tidak Spesifik,0,jadi bunuh diri bukan bonlap rada janggal
2057054887477952789,-1,Tidak Spesifik,0,iya paham mangka nya aku mundur ja nnti nya bunuh diri diabaikan
2057054696846840061,-1,Tidak Spesifik,0,depresi aku denger suaranya wowo
2057054548536307781,2,Finansial,1,butuh duit jujur kalau depresi sih lah pikiran cuicaid kok kadang lewat aj
2057051908741996885,3,Percintaan,1,anggap sja masalah bunuh diri benar memang sya rasa smpe bunuh diri orngnya siapa dimash pacar erine getcontact jelas real nmr nya erine beberapa nama kontak hnya orng terdekat erine menamai bgitu
2057047989651431565,-1,Tidak Spesifik,0,kayaknya aku klepek ter jihoon marga ju park jangan lolos dulu dah balik tae kalau depresi aje ye taee
2057044419711549761,-1,Tidak Spesifik,0,bunuh diri kalo mengarah bonlap real hoax yaa
2057043083502764174,1,Masalah Keluarga,1,liat anak penjual donat dijalan auto gajadi bunuh diri jangan bunuh diri gaes mie ayam enak
2057042185498067434,-1,Tidak Spesifik,0,nah kalau kamu mau lebih menantang nampar realita langsung ayo nonton spin off nya hataraku saibou black bedanya derajat anime ngegambarin kondisi tubuh manusia hancur hancuran akibat gaya hidup toksik jarang olahraga stres berat merokok minum
2057039799480180846,6,Pemerintah,1,andai tau banyak depresi bahkan odgj bukan alasan stunting justru stres psikis kentara layaknya orang baik pinjol raturan trilyun mengalir rakyat bawah
2057039034359459938,2,Finansial,1,tahun kasus bunuh diri faktor ekonomi pinjol jumlahnya ratusan tertinggi jawa tengah kasus bunuh diri disusul jawa timur kasus bali kasus industri pinjol meraih laba hingga rp triliun wajarlah aceh dipuji
2057035749678256186,-1,Tidak Spesifik,0,aku kayaknya butuh banget akomodasi keluar trauma depresi duitnya
2057034593560334757,-1,Tidak Spesifik,0,aku stres butnout trauma depresi efek hima menyejahterakan mengakomodasi toksik orang orangnya monyet
2057030879722226076,1,Masalah Keluarga,2,kak benar lhoo kalau ibu nya benar benar pensiun cariin kesibukan bukan cuman ngurus cucu berkebun ngalamin mulai kakek nenek terus sekarang ortu pensiun kerjaan malah jadi depresi terus sakit mulu sembuh balik kerja
2057021566026690584,6,Pemerintah,2,rakyat bermimpi raya allah aku marah banget sama statement rakyatnya disuruh jangan bermimpi tinggi definisi sejahtera si onoh emang serendah kok mimpi kolektif satu negara langsung dipatok batasnya
2057020365067755971,6,Pemerintah,1,rakyat bermimpi semua wni bunuh diri masal
2057018234264793125,-1,Tidak Spesifik,0,tandain siapa pertama punya usul menghentikan mgb gaess tiba berita ditemukan meninggal dugaan bunuh diri janggal
2056937743457177707,-1,Tidak Spesifik,0,aku bunuh diri anyink
2056936486252183584,-1,Tidak Spesifik,0,ayo tiru arsenal ugly win is a win mbuh gol set piece gol bundir gol kontroversi pokoke menang disik mental iku sing mbok tiru main cantik iku bonus
2056935698020929803,-1,Tidak Spesifik,0,kalau iya temen nya bunuh diri gara gara erine coba bukti aku percaya
2056922799273587018,1,Masalah Keluarga,1,judi online bukan jalan keluar justru membawa kecanduan tekanan mental hingga merusak masa depan diri sendiri keluarga stopjudionline polresmadiun saynotojudionline judibukansolusi lindungikeluarga polriuntukmasyarakat
2056918862894117352,4,Pekerjaan,2,kalau kalian liat orang indo males malesan disiplin pikir malas stres burnout trauma depresi efek tempat kerja menyejahterakan mengakomodasi bahkan abusive mendiskriminasi standar produktivitas hustle culture palugada
2056913963762500095,-1,Tidak Spesifik,0,ora mati bunuh diri kok diempati bunuh diri jelas dilarang disemua agama sendiri menghargai hidupnya ngapain empati sama orang modelan gt bunuh diri tindakan terbodoh manusia mensyukuri nikmati tuhan dipastikan orang neraka
2056913118182482225,4,Pekerjaan,1,kecemasan parah sebulan pertama kerja wkwkw
2056887879587320181,-1,Tidak Spesifik,0,alarm bahaya kesehatan wanita jangan remehkan menstruasi teratur biasanya hormon terganggu stres kondisi pcos perbaiki tidur makan lemak sehat kelola stres susah bab bab teratur kurang serat cairan gangguan
2056880154161619048,-1,Tidak Spesifik,0,izin ungkap krisis integritas pekerja pabrik kertas raksasa kudus tahun nemani bawah membantu selesaikan skripsinya sukses posisi nyaman dikhianati depresi berat poli jiwa rsud pati malah menantang karma bukti lengkap terlampir
2056878514377519232,6,Pemerintah,1,ampe bundir kdrt gatakut ye jadi pejabat negara
2056874370388369419,-1,Tidak Spesifik,0,justru banyak keburu mati sih sekarang aj banyak bunuh diri entah gegara kelilit pinjol sanggup berobat kalau kaburajadulu bertahan hidup menyambut kematian sih either way
2056860164427579519,-1,Tidak Spesifik,0,bunuh diri kontol tuhan kamu noh bunuh diri haha
2056859730874925316,6,Pemerintah,1,qanun aceh dibuat menjaga rakyatnya batil bg pemerintah memberi pagar rakyatnya msk jurang buktinya bnyak gara pinjol orang jadi bunuh diri
2056852786680095169,-1,Tidak Spesifik,0,tulisanku berhenti bab tiga aku ngerasa depresi sakit sakitan sebulan sebulan lamanya aku sakit sembuh sakit sembuh aku pamitan mentorku aku bakal lanjutin novelnya aku terlalu stres kenangannya menyiksa batin
2056850073187946502,-1,Tidak Spesifik,0,butuh orang trending sendiri jgn lupa minum anti depresi
2056845023183024619,-1,Tidak Spesifik,0,aku th fase alhamdulillah sempat depresi dipikir mau bagaimana emang disuruh ketemu jodohnya mau nangis darah ngefek diterima keadaan apa adanya
2056818926332662089,3,Percintaan,1,tinggalin kak btw seumur idup lama loohh kebayang pas nikah terus tengah malam minta sempol ayam kamu nurutin terus mau bundir kan lebih ribed orang normal nikah berubah jadi akward
2056797339080339620,-1,Tidak Spesifik,0,malah meragukan sih aku banh april nanyain erine aku erine oshi awalnya mei baru mulai katanya korban banyak kagak up aku kira temennya mungkin bundir hinaan erine aku baru liat ketik fitnah
2056788957615276272,-1,Tidak Spesifik,0,mau bantai akhirnya bundir mampus teroris sebenarnya
2056787545284092377,-1,Tidak Spesifik,0,tiba tiba depresi tiba tiba happy
2056654389612572724,1,Masalah Keluarga,2,jujur depresi aku liat ayah orang begini dont mind me aku seneng liat orang tua bahagiain anaknya
2056653112442851723,3,Percintaan,1,aku tangkep selama ngikutin tiara tuh waktu alshad viral ketahuan selingkuh terus liat tiara podcast sama kak sarah kemungkinan depresi depresi mempengaruhi vokal melemahkan otot area tenggorokan lainnya
2056647841469370612,-1,Tidak Spesifik,0,cara km ngehandle masalah keren bgt makasih jujurr aku bahkan inget setengah hidup aku bahkan aku lupa lakuin apa aku but isokey jarang orang sadar kalau jadi punya memori jangka pendek trauma depresi kadang orang ngira emang
2056641567725613444,4,Pekerjaan,2,status budak korporat banyakan lapangan alhamdulillah driver kantor biasa mah nge grab kalau sering full time kantor puyeng sesak napas pernah kerja salah satu anak perusahaan grup besar indonesia bener bener full time kantor aduh
2056629715046121855,4,Pekerjaan,3,rl if u can choose between lingkungan kerja tolerate the disrespect berada lingkungan toxic teman mending sendirian bahkan resign kerjaan cari kerja baru
2056618777480184131,4,Pekerjaan,2,info loker hari mei buat kalian yg fresh graduate nganggur kelelahan kerja lama pindah industri cuma iseng scroll cari harapan aku share beberapa loker buka a thread
2056618202352812436,-1,Tidak Spesifik,0,propadl jsem z toho v investi ni depresi
2056616336563024306,-1,Tidak Spesifik,0,kasian depresi favenya kena hate sana sini jadi bawa bawa fave orang baru balik cannes
2056599040658395533,-1,Tidak Spesifik,0,orang depresi gara gara jaeri izinn
2056589992588386552,-1,Tidak Spesifik,0,harusnya diterapinbke seluruh indo bunuh diri gara gara terlilit pinjol
2056583554868658457,-1,Tidak Spesifik,0,kalau kena hate waras waras pemikirannya padahal kalau diliat wish benar benar grup separation kecemasan banget kok nya orang malah ngasih opini sampah gt gbisa liat kelakuan sikap abang seneng banget
2056578114910654768,4,Pekerjaan,2,gaji aku bbrp bulan lalu jt diatas umr jkt resign lingkungan toxic sekarang susah banget cari kerja sampe aku ambil ngepas umr doakan aku langkah baik guys makasii work
2056570539406458966,-1,Tidak Spesifik,0,perang bukan meninggalkan kehancuran fisik luka mental mendalam laporan terbaru menyebut tentara israel keluar dinas militer mengalami gangguan psikologis akibat tekanan trauma perang berkepanjangan depresi kecemasan hingga
2056569454738419755,-1,Tidak Spesifik,0,pembahasannya ternyata guys jadi gangguan psikis pica sebuah gangguan makan mana seseorang memiliki dorongan kuat mengonsumsi benda benda bukan makanan batu rambut besi baterai gangguan berkaitan autisme
2056566001400205512,-1,Tidak Spesifik,0,sungho mengalami depresi aku bilang gitu diliat nunggu taesan pergi nganter makanan rumah berantakan cahaya masuk dmna mauu menyendiri masuklah ihan bikin mulai terbuka
2056565997172412760,-1,Tidak Spesifik,0,teori akuu essay film riu sakit mental nolong taesan rumahnya riu taesan sakit mental rs infus menunjukkan sikap depresi sama taesan chillhod friend terus kluarga riu muncul satupun
2056548662256554029,4,Pekerjaan,1,halo guys maaf lama aktif dsni aku cuma dtng sini liat terus like repost muncul tl aku aku pen jujur klian aku kerja gk lnjut pt terus akhir aku kelelahan parah punya tenaga buat ngapa ngapain
2056515018741743979,1,Masalah Keluarga,1,syok baca berita anak arsi bunuh diri gedung arsi
2056462923606933982,-1,Tidak Spesifik,0,wibuu mending bunuh diri gih
2056458691541680447,-1,Tidak Spesifik,0,depresi banget wowo
2056423666997768601,3,Percintaan,1,pengangguran tinggi atas turki loh childfree naik bunuh diri naik kurdi banyak nikah sama cewe indo buka street food turki disini
2056416458411049150,-1,Tidak Spesifik,0,lawan oceanid full flins alias bundir tetep berhasil soalnya keren
2056413001750835701,-1,Tidak Spesifik,0,guys inituh sbnrnya akun rd akun buat ngeluapin depresi horny feminim akuu sekarang jadi folls
2056397525129847148,-1,Tidak Spesifik,0,sampe depresi si ribka loh
2056385962746515825,-1,Tidak Spesifik,0,delayed ejaculation kebalikannya ereksi gairah hubungan lama sulit mencapai orgasme ejakulasi kadang lelah duanya penyebabnya efek obat tertentu terutama antidepresan diabetes gangguan saraf terlalu terbiasa
2056374033231544365,-1,Tidak Spesifik,0,beberapa tahun lalu aku orang depresi hampir tiap hari overthinking orang gila mas saksi nya wkwkw sempet deeptalk perkara aku semangat hidup alhamdulillah sekarang jarang overthinking dlu lebih legowo menjalani hidup
2056370817970426320,-1,Tidak Spesifik,0,bunuh diri
2056368843875049956,-1,Tidak Spesifik,0,emang kelelahan parah disini tuntutan kerjaannya beda dibanding indo kalau disuruh balik mah dulu deh
2056368564853252153,-1,Tidak Spesifik,0,sungho sebersih disuruh akting layaknya orang depresi kamar berantakan mampus apa gatel selama syuting
2056363262703521938,1,Masalah Keluarga,1,chapt hwan gagal melakukan perlawanan banyaknya alasan kegagalannya kesalahan fatal terbesar mempercayai yoon seongwon ayah yirang berdasarkan hukum kerajaan khusus melarang publikasi catatan medis putra mahkota
2056362951578448047,5,Lingkungan/Sosial,1,kaget sih suka nyuruh orang bundir panutan kamu suka bully junior pendukung prabowo
2056362101200085395,-1,Tidak Spesifik,0,njirlah pembunuhnya malah bunuh diri diadilin gamasuk penjara overall
2056330484741976342,-1,Tidak Spesifik,0,semakin bertambah umur semakin besar niat bunuh diri
2056325239223750985,-1,Tidak Spesifik,0,abis ngamuk abis minta maaf crash disitu training sprint balap crash test crash semua kyknya x dlm hr bagaimana makin depresi sirkuit catalonia dipake test sama panitia
2056317563953643857,1,Masalah Keluarga,1,pernah suatu umat datang cmiiw sayyidina umar mau menikahkan anak perempuannya dulu pernah mencoba bundir tanya haruskah aku beritahu calon suaminya apa kata sayyidina umar apa kau mau membongkar aib ditutupi allah
2056317420785090747,-1,Tidak Spesifik,0,the beloved rodrigo sorogoyen spanyol sentimental value spanish style kalau sentimental value cengeng depresi orang orang skandinavia beringas okelah lebih suka sentimental value
2056316825252896842,5,Lingkungan/Sosial,1,kamu pake logika snowball begini nentuin haram bakal hidup tenang kalian temen kamu abis becanda ngatain muka kamu cepirit toilet rest area terus kamu bales ngatain mukanya jamban disiram hari pulang kepikiran insecure terus bundir masa kamu dosa jariyah
2056312154865959078,-1,Tidak Spesifik,0,iya aku harap bunuh diri
2056301109921341824,4,Pekerjaan,2,tuntutan penguasaan skill sih aku rasain banget skrng burnout parah padahal gaji entry level munafik kalau kerja bidang aku sangat menjanjikan
2056301078409544057,6,Pemerintah,1,sekarang banyak demo jepang kak menurutku warga jepang senyaman kok hidupnya kalau iya mana mungkin banyak bunuh diri sana merasa hidupnya sia sia
2056290738309382494,3,Percintaan,1,apa tujuan utama kalian ngegym terlihat bagus telanjang lemesin otot tegang steam sauna terlihat manly cari pasangan cuci mata depresi
2056288101308534922,-1,Tidak Spesifik,0,depresi clinical depression dunia psikiatri kebangun terlalu pagi termasuk salah satu tanda cukup umum depresi biasanya orang jadi bangun lebih awal rasa dada berat kosong gelisah banget faktor usia makin nambah umur jam biologis tubuh
2056285193154248918,3,Percintaan,1,hamil luar nikah marah marah gagal nikah depresi nangis salahkan pemerintah
2056282762970366158,-1,Tidak Spesifik,0,mana adaa bejirr kalau berarti semua orang pernah ngentot sama orang depresi lgsg ikutan depresi dongg fakk stupid banget stop manipulasi stop jadi bodoh mudah dimanipulasii
2056280004624052258,1,Masalah Keluarga,1,lama kemudian keluarga pindah pernah kisah menyebar seluruh amerika sebagian orang percaya rumah benar benar berhantu sebagian yakin semuanya hanyalah kombinasi trauma tekanan mental penyakit sugesti
2056279254728610265,-1,Tidak Spesifik,0,secured pre sale artist festival the weeknd jakarta benar benar hidup depresi abis ngelewatin tahun diem sama cowo bingung ternyata sisa nyawa pengharapan hidup aku denger tuhan buat ketemu abel see yoy abel
2056275778091077753,-1,Tidak Spesifik,0,mundur terus si ponakan naik beuh bunuh diri
2056273991619182812,-1,Tidak Spesifik,0,za il jsem depresi spojenou s vyho en m z pr ce to je asi hor del je to spojen s nemo nost hlubok ho sp nku a to lov ka asem rozlo nav c v e co oby ejn pom h tj co n m n n zlep uje n ladu nefunguje kdo neza il nepochop
2056271462647070779,5,Lingkungan/Sosial,1,butuh teman cerita huft makassar
2056266012941812021,-1,Tidak Spesifik,0,gedung fakultas ku pernah dipake bunuh diri
2056265279806861610,-1,Tidak Spesifik,0,tiba keinget waktu bunuh diri stasiun gondangdia
2056264740419301574,-1,Tidak Spesifik,0,pernah baca tweet orang sebenarnya kemauan orang indo bunuh diri tinggi dikatakan setara jepun kehalang masuk neraka menganut agama
2056263165286228207,4,Pekerjaan,1,kalian tau sih gen z rata rata indonesia gampang marah moodyan eror pelupa ngantukan depresi stres tuntutan atasan macet semua permasalahan gen z umumnya riset menunjukkan gen z indonesian sering terjangkit
2056253157655843188,-1,Tidak Spesifik,0,orang orang bilang aku depresi cowok padahal dibalik trauma masa kecil hilang jadi kalau nanya iyain diceritain paham masuk otak
2056250673621266488,-1,Tidak Spesifik,0,aamiin allahuma aamiin depresi dollar sekarang
2056249321000214866,-1,Tidak Spesifik,0,nonton takopi eps awal jadi keinget diskursus orang bunuh diri disuruh makan mi ayam bantuan terlalu blunt berempati dulu cuma bakal menyakiti pihak dibantu
2056246669419900932,-1,Tidak Spesifik,0,gunung kidul emang anomali banyak kasus bundir wilayah nya gersang pantes banyak makan walang goreng
2056246534367555953,4,Pekerjaan,2,samaa aku cari kerja huhu berharap banget dapet kerjaan lingkungan toxic pressure
2056240262171824311,-1,Tidak Spesifik,0,iya rasanya liat orang kanker disuruh bunuh diri sekalian
2056230814795661388,-1,Tidak Spesifik,0,lebih enak hidup menderita jepang hidup menderita wni bedanya wni untung bnyk takut neraka jadi g sebanyak jepang bundir
2056226633703731472,1,Masalah Keluarga,1,keluarga jw terus keluarga c ngelarang j mau ketemu c semenjak ditinggal j c depresi berat
2056218530551619864,-1,Tidak Spesifik,0,penduduknya paling bnyak pertolongan warga mau bunuh diri diutamain
2056208396966338961,-1,Tidak Spesifik,0,g banget cuma satu soalnya nempel terus benar benar separation kecemasan parah dikit peluk dikit banyol dikit ndusel dikit ciom momen barengnya buanyak banget jadi cuma sayang satu orang susaahh hahahha
2056195242471416022,-1,Tidak Spesifik,0,berasumsi positif selalu terjadi hari senin terlalu membuat depresi jangan lupakan secangkir kopi mu
2056194902703456751,-1,Tidak Spesifik,0,semua akgae jelas parah lahh ka namnya akgae bahkan idol disuka disuruh bunuh diri sama
2056183787722363316,6,Pemerintah,1,justru oot terakhir penting kasus byk pengguna pinjol bunuh diri kan kurangnya edukasi ngomongnya pemerintah alias inklusi keuangan luas dikasih edukasi memadai akibatnya pinjol merajalela cc
2056182941974421713,-1,Tidak Spesifik,0,jadi psikosomatis psikosomatis sendiri gabungan kata pikiran psyche tubuh soma diartikan gangguan psikosomatik keluhan fisik timbul dipengaruhi pikiran emosi bukannya alasan fisik jelas
2056180143518073150,-1,Tidak Spesifik,0,benar lingkaran setan bang jatuhnya bokep judol pinjol bunuh diri terus
2056178833024524496,-1,Tidak Spesifik,0,isnin je terus amuk murung depresi sakit mental penatnya jadi hamba abdi dunia corporate
2056176132224090196,-1,Tidak Spesifik,0,aku awal mikir kalo rajanya mati ratunya mimpin apa pertahanin tradisi perempuan gaboleh mimpin ternyata web novelnya ian wakilin si raja waktu hidup si raja depresi sampe kejanduan alkohol makanya beban banget
2056175891651445222,-1,Tidak Spesifik,0,misalnya kamu cerita stres banget smpe masuk kategori depresi jadi hrs psikiater terus nyeletuk makanya sholat tau salahnya apa kamu bete gaa
2056168098324156789,4,Pekerjaan,1,iya aku mikir selama ngejabat aku apa milih sama sekali depresi gadapat kerja
2056167179826122968,-1,Tidak Spesifik,0,iku kamu batu mojokerto jmbatan kmren viral bnyk bunuh diri
2056165887967887699,-1,Tidak Spesifik,0,iya at least kalau nyari makan tempat sampah jangan dipilih paling busuk sih bunuh diri namanyaa
2056162514556338481,1,Masalah Keluarga,1,dimengerti aku melihat banyak laki kena tekanan mental posisi spt istrinya fine aja mertua keluarga besarnya sama banyak kuat kena sindiran omongan belakang
2056162324424360113,2,Finansial,2,ekonomi lesu rupiah terus melemah sampe kucing mau bunuh diri
2056144485512556656,1,Masalah Keluarga,1,hukum memble thd predator sex anak lsm pembela hak kaum nya masuk angin meminta pelaku dijaga martabatnya puluhan ratusan anak bangsa depresi stress merasa kotor berharga direnggut masa depan cita nya dgn cara biadabb
2056142055680983168,-1,Tidak Spesifik,0,dlu btul g pham nganggep idol bunuh diri alay lebay g puny pendirian lemah skrng bru paham sepaham pahamny
2056115549701279748,-1,Tidak Spesifik,0,intinya kakaknya depresi berat sampe halusinasi candu alkohol benar benar sayang banget drama plot segini kompleksnya dibebanin eps sutrada kru penulis naskah sama cast nya bingung banget mo dipadetin smp mana semua salah mbc
2056065146024595937,-1,Tidak Spesifik,0,bukan aku stop ngira aku anjirr orang seenakbya pake foto aku sumpah kecemasan parah soal nya tmn real life aku notice
2056057102314148022,-1,Tidak Spesifik,0,sekarang nyari liriknya sama soalnya kondisi kehidupan semakin mengenaskan bukti sekarang banyak orng lebih depresi drpd bahagia knp kalau sedih nyarinya liriknya diresapi kalau bahagia nyarinya instrumennya enak buat joget kpop
2056049013309481456,-1,Tidak Spesifik,0,off stres depresi aku mulai kambuh habis cf fuck of you bitch bye
2056044575744262434,2,Finansial,1,nah aku pikir bundir sampe ryu merasa berdosa kabur jp lha ternyata idup aku ryu nya denial waktu arata confess nah kalau johan ryu nya ngerasa utang budi lama jadi suka btw arata ganteng loh hahaha
2056042847380599157,-1,Tidak Spesifik,0,uas bang tekanan mental
2056041879100350469,-1,Tidak Spesifik,0,need jasa joki kehidupan depresi berat zonauang
2056038116277039372,-1,Tidak Spesifik,0,aku malah kepikiran arata pd duluan suka sama ryu sampe percobaan bundir si ryu malah nyamperin pas arata sadar aja beda bnget perlakuan ma joha n pd ryu arata bestie lama kan hahaha jadi kasihan aja dikasih kesempatan ma ryu
2056037091545633163,-1,Tidak Spesifik,0,analisis geologis kompleks kaldera ijen sisa runtuhan gunung api purba berdasarkan analisis topografi citra satelit wilayah bentuk depresi melingkar menyerupai mangkuk raksasa tersebut merupakan bukti nyata sisa letusan gunung api purba sangat masif
2056033530027884924,-1,Tidak Spesifik,0,who tf cares about ur parents salary bro either depresi mikirin masa depan kamu they re one of the culprit
2056027746447540490,-1,Tidak Spesifik,0,rep bundir yawis nganah urip isine gur kesuh kesuh ngrecoki jossgawin bae digawe abot lah bunuh diri gari bundir ngapa kudu ngetik kie apik apa
2056013467224846782,2,Finansial,1,pagi sunyi dusun sindangjaya desa cisontrol kecamatan rancah kabupaten ciamis neraka terbuka lebar tarsum seorang juragan domba dulu dikenal ramah bangun beban tertahankan utang menumpuk hingga rp juta pinjaman bank utang
2056006168481567075,-1,Tidak Spesifik,0,me too aku ninggalin booth dijaga cowo ku tau perstok an harga its bunuh diri namanya wkwkw temenku sih satu cuman kasian jadi nya cuman berdua
2056001623474999521,-1,Tidak Spesifik,0,lah ngapain ibunya ikut teriak anaknya trauma depresi bukannya bawa psikolog malah balik bentak gila kali
2056000902394425766,-1,Tidak Spesifik,0,hari aku makan bakmi maknyus jumbo lengkap indomie soto roti pake selai coklat peanut butter chiki taro jujur enak kotak dark coklat pisang dubai cuwi cuki cal estimated bunuh diri
2055991196460495305,-1,Tidak Spesifik,0,hak dasar pekerja dibilang kiri utopia senegara bunuh diri aje pulau pulau isi ikan sapu sapu
2055986601268822440,1,Masalah Keluarga,1,el diajak berobat rs nya mika terus pas hale sama malo muncul ketemu rs jadilah malo ngejar hale pemalu disaksikan bapak malo alay tampak bikin depresi si mika tampung idenya ethdah
2055982439416361217,2,Finansial,1,dampak kesehatan mental sosial tekanan hutang rasa cemas terus menerus memicu stres berat depresi hingga gangguan kesehatan jiwa lainnya
2055980553015533956,-1,Tidak Spesifik,0,payola payola dikata depresi gegara error apa oon
2055977243046990007,4,Pekerjaan,1,ferrari cabang oke ferrari f auto depresi jurdun sebelumnya mengakhiri karir nya bersama ferrari
2055974382686839026,-1,Tidak Spesifik,0,duh besok senin depresi
2055821093034942571,-1,Tidak Spesifik,0,kayaknya pola pikir aku kebuka depresi due to being in gay in denial for years haha mulai deconstructing pelan pola pikir konservatif
2055808769154592884,1,Masalah Keluarga,1,hidupmu berantakan meremehkan aturan wajib mengutamakan keluarga menghindari lingkungan toxic selalu mengikuti ajaran tuhan bicara perlahan lemah lembut haus validasi orang kendalikan ego nafsu amarahmu amati lebih
2055761817780335100,-1,Tidak Spesifik,0,bikin depresi nonton throwback
2055743310195810636,-1,Tidak Spesifik,0,butuh waktu lama memang depresi pergi aja kacau tapii aku kuatin pegangan tuhan saking apapun sandaranku akhirnya hari hari sekarang dtg beli makan baju disedekahin orang lg semoga km melalui semua
2055718280732852676,-1,Tidak Spesifik,0,perlu diingat baru newjeans siapa tau korban berikutnya aku bersyukur new jeans berani speak up orang makin aware sama fenomena gini amit jgn sampe idol berakhir ramai media kondisi idolnya depresi berat smpe bunuh diri
2055717467058770312,-1,Tidak Spesifik,0,jangan sampe bunuh diri
2055691569395855582,-1,Tidak Spesifik,0,aku mulai ngurangin makan nasi nichh beberapa hari lalu depresi banget aku nafsu makan disitu aku mulai berkurang makan nasi pas liat perut ku makin kecilan aku jadi mau tetap lanjut kurangin makan nasi deh hahahhahaha semoga kontrol makan ku
2055664231945781583,0,Tekanan Akademik,1,seorang ayah bunuh diri tanya biaya sekolah anaknya shock angka tau nyari lalu bundir riska bunuh diri sanggup biayain kuliahnya semua masa extreme komersialisasi nadiem makarim semua dibaca disini
2055664070548996397,0,Tekanan Akademik,1,seorang ayah bunuh diri tanya biaya sekolah anaknya shock angka tau nyari lalu bundir riska bunuh diri sanggup biayain kuliahnya semua masa extreme komersialisasi nadiem makarim semua dibaca disini
2055659430201696372,0,Tekanan Akademik,1,harvard ivy league death by meritocracy generasi semakin banyak kuliah ternyata lebih miskin generasi orang tuanya untung sarjana ri rajin bunuh diri korsel jepang
2055658581509415407,-1,Tidak Spesifik,0,selamat malam warga x dulu masuk crypto buka tab bridge beda wallet beda swap beda akhirnya nyasar kena fee aneh bikin dompet ikut depresi sekarang bikin semuanya jadi satu tempat klik swap bridge
2055645060944069065,-1,Tidak Spesifik,0,paling menyebalkan resolusi konflik bagaimana perselingkuuhan rudeus dijustifikasi dinormalisasi habis habisan menggunakan kartu trauma pengkhianatannya dimaafkan dianggap sedang mengalami depresi berat pasca kematian ayahnya
2055643214355595452,-1,Tidak Spesifik,0,ukuran sakitnya dunia jadi alasan bunuh diri mustinya orang palestinalah terbanyak hrs bunuh diri bayangkan hampir tahun sakit luar biasa dizolimi israel diabaikan tetangga diacuhkan dunia menyerah putus asa bahkan iman kian kuat
2055639358703833241,6,Pemerintah,1,hidup soalnya kalau bunuh diri katanya dosa usah bunuh diri negara bunuh warganya terang terangan kok
2055639236821532969,-1,Tidak Spesifik,0,tiap ngaca berdiri pake baju press body aku okaayy body tea asll pas ngaca duduk aku rasanya mau bunuh diri
2055638110198013971,-1,Tidak Spesifik,0,bikin mobil huiju kecelakaan siapa terlepas pelaku aslinya bunuh diri perintah orang istana
2055636462226612407,-1,Tidak Spesifik,0,cuddle bukan cuma enak senjata sains lawan stres akut cuddle pelukan hangat tubuh langsung melepas oxytocin cuddle hormone love hormone downregulate hpa axis menurunkan cortisol hormon stres utama mengaktifkan parasympathetic nervous system
2055628620044116277,5,Lingkungan/Sosial,1,jadi babysitter kucingnya depresi babu nya ninggalin sendirian cf mana kucing ngambek sama aku
2055625014788133057,-1,Tidak Spesifik,0,aku jalan besok hmm hari cuma kos sih hari sebelumnya benar benar rebahan aja orang depresi well i guess i m just not feeling well
2049471927673356323,-1,Tidak Spesifik,0,orang pernah bunuh diri tahu rasanya bundir
2049467981609214352,-1,Tidak Spesifik,0,anggap orang bunuh diri orang pikirannya kurang waras emg punya ego makanya vt orang bukannya ngatain nyuruh ibadah diarahkan sembuh akun kamu namanya mitigasi kan omongan kamu kalau kamu sampein orang malah jadi makin parah bukan mitigasi
2049465343962423768,-1,Tidak Spesifik,0,gagalkan percobaan ulah pati seorang pemuda buleleng bali diduga depresi lama menganggur
2049465019054928165,-1,Tidak Spesifik,0,orang depresi bunuh diri chronically main x layak dikasihani sih emang tolol sikap
2049464678884217296,-1,Tidak Spesifik,0,aku peduli sama kesusahan orang ngehandle rasa bunuh diri gw peduli sama lu susah banget buat peduli balik bikin orang males temenan sama orang depresi cuma sekedar ngehargai effort susah banget
2049464460834992413,-1,Tidak Spesifik,0,zuzurr sng orng prnh masuk fase depresi mencoba attempt meski gagal soalnya konyol lol aku bakal tenaga buat marah marah orng berusaha nyemangatin aku sih sowryy
2049461752195424304,-1,Tidak Spesifik,0,aduh aku benar benar kelelahan banget stres banget gatau mau ngerjain apa dulu saking banyaknya kayanya aku mau istirahat dulu deh
2049460565656092845,-1,Tidak Spesifik,0,harusnya emang sih semua orang tau bunuh diri salah kalau sampe nentuin surga neraka keknya kejauhan padahal islam surga neraka hak allah jadi terserah allah manusia pernah tau
2049460220833976592,-1,Tidak Spesifik,0,percobaan bunuh diri kosan gagal pas pasan sama orang kesurupan sebelah kamar gw masalahnya suara teriakan nya ngagetin gw bikin piso tangan aku jatoh sela lemari aku keburu males ngambil
2049459943187841329,-1,Tidak Spesifik,0,bunuh diri
2049458584220791071,-1,Tidak Spesifik,0,ketolong ucapan bagaimana orang biasa mau bantu orang depresi mau dengerin jujur kasus cmn dirinya sendiri profesional nolong
2049457317377405320,4,Pekerjaan,1,sungguh berita sangat penting ditunggu wni sangat berdampak jelas turunnya angka keracunan pengangguran depresi mantapp
2049455094085845359,-1,Tidak Spesifik,0,judol malas bunuh diri diharapkan laki laki macam tinggal ae lah timbang lelah makan ati sisa umur bunuh diri jarno ae kiro wani sik akeh lanangan sing iso dipilih
2049452772303708614,-1,Tidak Spesifik,0,iya sihh jangan dipikirin terus ah depresi kalau kya terus
2049450093456261271,-1,Tidak Spesifik,0,yes empathy jgn lsg nge judge orang depresi pikiran mau budir perkataan kamu kurang berdoa
2049447252213838002,4,Pekerjaan,1,sebenernya bilang lingkungan toxic banyak printilannya bisnis industri orangnya kalau orangnya generalisir semua menurutku dipukul rata jelas siapa apa pekerjaan cons nya
2049446423301910731,-1,Tidak Spesifik,0,kalau sender nya liat toloong baca bodoh bodoh banget tai benar putusan aja malah balikan alasan cwoknya mau bunuh diri wkwkw cuman akal an cwo doang kalaupun bunuh diri yowes bukan kemauan mu tp mau
2049442100320874550,-1,Tidak Spesifik,0,disindir pimpinan tertinggi depresi salah analisa
2049441933790269715,-1,Tidak Spesifik,0,abahnya langsung depresi cc mukabuku
2049441520009490515,-1,Tidak Spesifik,0,jadi yh aku emg aneh org judgemental sama orang bundir g pernah ngerasain sepatu orang tsb paling tau hdh kamu g tau masalah apa nimpa orang tsb sampe berpikir mati satu nya solusi
2049441109395570826,-1,Tidak Spesifik,0,ketiga tuhan katanya g ngasih hambanya cobaan ngelebihin apa disanggupi hambanya lah orang bunuh diri berarti cobaannya ngelebihin dong kalau sampe bundir terus gimana kontradiksi dong sama ayatnya aku selalu mikir gitu fyi aku dulu sempet suicidal parah
2049441049261785489,0,Tekanan Akademik,1,aku ngertinya cuma depresi sakit neurotrasmitter hrs diobatin medis bkn norma baru belajar twit kaka lewat kalau spektrum aku sebelumnya cuma paham aja ringan berat
2049440708843765919,-1,Tidak Spesifik,0,terus kalau emg awal masuk neraka kno disuruh beribadah poin pertama kedua berarti orang ato apapun penyebab ngelakuin bunuh diri lebih bersalah lebih layak masuk neraka bikin orang pen bundir
2049440706230727130,-1,Tidak Spesifik,0,emg jir malah aku mempertanyakan kalau misal bunuh diri masuk neraka bukannya g adil bukannya awal kematian kapan penyebabnya lauh mahfuz jadi awal emg ditakdirin masuk neraka dong kalau gitu
2049440281791963517,-1,Tidak Spesifik,0,ach jo zase jsem necht na n hl dl do v voje na slovensku a jsem zase v depresi d
2049437403925070201,-1,Tidak Spesifik,0,bener temenku dulu pernah cowokny ngancem bunuh diri pas minta putus temenku tetep putusin pas aku tanya jawaban temenku bikin aku salut sih kata mungkin bunuh diriny gr aku putusin aku punya tanggung jawab sama kputsan aku g bertanggung jwb jg
2049431391767769417,-1,Tidak Spesifik,0,aku suspect lebih jarang orang mengaitkan depresi disability punya mental illness komorbid cenderung associate their struggles with disability fokus terlihat seringkali managing treatment terutama fungsional
2049431068634427719,-1,Tidak Spesifik,0,mbaa suwun bangett turut membuka mataku benar tenann ex aku pas putus self harm ngancem bunuh diri sampe nangis depan maknya taunya sekarang idup lanjut folo cewe random wkwkwkkwkwkwwk
2049430623794991369,1,Masalah Keluarga,2,kalian tau kasus bunuh diri anak kuliahan gendut lompat lantai kayanya aku cerita sama keluarga ku aku bilang kasian mentalnya mahamin keluargaku semua judge katanya bodoh milih keputusan bundir
2049430529590833357,5,Lingkungan/Sosial,1,harusnya make sense depresi trauma mempengaruhi fungsi otak bahkan fisik kalau efek psikosomatik memang sosial lingkungan mengakomodasi depresi terutama tahap mengganggu kehidupan sehari hari suicidal
2049430488138518650,-1,Tidak Spesifik,0,kamu orang punya depresi kondisi mau bunuh diri baik lah aku bilang mah coba kamu bayangin dikondisi bukan malah ingetin ayat bikin tambah merasa bersalah
2049430480223981616,0,Tekanan Akademik,1,you know what aku baru tau ortunya ribut besar cukup lama bingung mau pro ibunya ayahnya mau nya ayah ibunya bs akur ud stres banget belajar mau dibilangin melawan akhirnya beberapa minggu berani nanya cara bunuh diri sakit
2049429628729880761,-1,Tidak Spesifik,0,emang harusnya gini aku ngerti entah orang indo sok ngehakimin orang bundir seakan cari validasi buat diri sendiri atas kesengsaraan hidup jadiin orang lebih lemah samsak
2049429593099296829,1,Masalah Keluarga,1,tw suicidal ideation bunuh diri pas mdd parah dulu malah dibawa kyai mana buat dirukyah terus stigma keluarga bipolar parah dianggep ketempelan kadang aku ngerasa kalau benar benar bundir apa dianggep mati gara gara setan padahal pilihan terakhir aku
2049428430853410926,-1,Tidak Spesifik,0,sefrustasi apapun diriku kepikiran buat bundir waktu pernah sih sekali tau tiba kebayang posisi lantai atas terus bawah dapur ambil piso terus nusuk in diri sendiri jujur aku kaget kok pikiran gitu langsung istighfar
2049428313576558753,1,Masalah Keluarga,2,kejadian benar benar aku mama mendukung biaya pengobatan sanggup nanggung ayah nyuruh usah psikiater minum obat as an adult aku pergi kontrol sendiri biaya mencukupi akhirnya aku kejerat pinjol berujung aku makin depresi
2049427885933666389,-1,Tidak Spesifik,0,broken home stop bunuh diri masalah hidup dihadapi broken home rumah rusak rumahnya kan diperbaiki meminta bantuan tukang bangunan tinggal desa biasanya tukang bangunan profesional harga terjangkau ngik
2049426892521095644,-1,Tidak Spesifik,0,ruh jahat diusir bundir
2049423461249105943,3,Percintaan,1,mbak toxic mbak point terakhir mbak bilang pernah putusin mau bundir masuk toxic pernah judol cuman sekali pengalaman kerja bilang betah sekedar mengingatkan mbak makan cinta enak
2049423074546897014,3,Percintaan,1,biarin bundir lanangan taek bakal berubah percaya sama gw pikiran cetek ciri khas cowok gondes mokondo benar benar kamu kalau nikah sama elunya bundir riwayat ngeslot malesan kalau malah sekalian disniper kepalanya
2049374208413802858,1,Masalah Keluarga,1,aku benci laki playvic sikit bundir sikit kalau sekiranya punya apa jangan ajak anak orang hidup susah paling anti sama laki malas taunya terima bersih udahlah malas malas cari kerja mau nikah ngidupin anak orang oohh wassalam
2049373551397069146,-1,Tidak Spesifik,0,kalau orang ngomong depan muka gw aku bunuh diri depan
2049373398770573660,5,Lingkungan/Sosial,1,maw makan seblak moga deh simeng cepet tamat bocil keluar lingkungan toxic termasuk orang ngaku nya fans demen framing negatif idolnya
2049372323342668082,-1,Tidak Spesifik,0,orang ngancem bunuh diri sebenernya mau bunuh diri haha takut mati haha makanya tinggalin pd punya pernikahan rasa neraka awal kan tau sifatnya kehendak bebas ditangan kamu jgn korbanin masa depan anakmu kamu
2049365941348118597,-1,Tidak Spesifik,0,kualalumpur pendekatan agama perlu dilihat kekuatan memperbaiki diri termasuk membantu orang ramai khususnya golongan pekerja mengurus tekanan mental lebih seimbang positif
2049362324344193072,-1,Tidak Spesifik,0,tbh situ kalau mati bunuh diri orang dapet susah
2049354264531849557,3,Percintaan,1,jujur kalau jadi sender takut napa mksdnya cowonya diputusin ngancem bunuh diri smpe bilang alesan sebenernya apa takut tersinggung sakit hati orang tau kak yuyur serem
2049353643422560649,4,Pekerjaan,2,emang nder negara bobrok banget ngasih lapangan pekerjaan kalaupun kerja upahnya sesuai bunuh diri alhamdulillah kata aku mah
2049347230151438722,-1,Tidak Spesifik,0,bestiku begini nder sampe hari usia kepala rutin psikolog kata gini kurang tempatnya tau apa nyata banget bikin bener depresi siapapun ngalamin ky begini semoga segera dpt damaimu yak big hug
2049346628247757191,-1,Tidak Spesifik,0,agama bantu perbaiki diri urus tekanan mental marhamah bhnasional persepsi mengaitkan masalah kesihatan mental kelemahan iman perlu dilihat kerangka lebih membina bukan bersifat menghukum
2049346583490400456,-1,Tidak Spesifik,0,orang beres bunuh diri
2049345636370395336,-1,Tidak Spesifik,0,baby blues umumnya muncul awal hari minggu melahirkan kalau bertahun tahun sering muncul biasanya bukan baby blues mengarah depresi pascapersalinan sebaiknya jangan dipendam coba cerita
2049344785836802063,-1,Tidak Spesifik,0,iya kalau emang pernah ngerasain ngerti seberapa proporsionalnya beban mental psikis orang idupnya berantakan bunuh diri umumnya sama orang rapih apa nya sampe mau nyoba ngebantu orang depresi sampe komplen kalau orang depresi banyak mau
2049344350602309794,-1,Tidak Spesifik,0,iya sure but saying as if it s universal thing is not good aku setuju pengalaman depresi beda beda i m expressing that i don t like those who said kalau makan mie ayam sembuh mah depresi as if it s a universal thing
2049344204422406360,-1,Tidak Spesifik,0,info mitigasi serius menghimbau jangan bundir se nir empati
2049342255249625219,-1,Tidak Spesifik,0,kuncinya biarin ntah mau bunuh diri biarin bukan urusan km aku punya temen deket gt nyusahin bgt kemajuan banyak banget masalah pernah aku cut off dianya bunuh diri eh baikan lg sekarang aku berani cut off biarin terserah mau apa bukan urusan aku lg
2049341243231211724,-1,Tidak Spesifik,0,thanks penjelasannya ka aku sendiri survivor bipolar disorder cuma aku tau perbedaan case aku sama depresi mana
2049340232949203166,3,Percintaan,1,nder kalau kamu minta putus ngancem mau bundir bagaimana nantinya waktu kamu nikah bareng please run as fast as you can terlebih aku baca riwayat judolnya
2049340104435753300,4,Pekerjaan,2,iya tiati dulu suka heran sama bunuh diri cinta d idupku aku trlalu mntingin pcaran pgnnya pny karir bagus eh dikasi rasa bundirnya dsini susah dpt kerja waktu stelah ngrasain jadi tau bagaimana rasanya emg bs mikir samsek kalau mode bunuh diri
2049236727030796789,4,Pekerjaan,1,semua aku empati sama korban bunuh diri mana bunuh dirinya tempat usaha kosan kontrakan tempat kerja sama bunuh diri ngajak orang kali aku kudu empati sama begini ngajak orang buat bundir stres
2049234938491461733,-1,Tidak Spesifik,0,bayangin besok skor terus kandang menang lewat gol bunuh diri alvarez apa bikin jengkel penonton hbs nonton pertandingan psg bayern
2049230036927144301,-1,Tidak Spesifik,0,obat depresi aku lc pokoknya kalau abis therapy sama lc pulang seneng aj hawanya beban release
2049228458803491160,-1,Tidak Spesifik,0,aku ragu orang sok agamis paham kata miris banget padahal dlu suka sama himbauan soal mitigasi apa blok sma apa penyitas rawan bkin depresi meningkat baca tlisan
2049213734367994064,-1,Tidak Spesifik,0,tau spektrum berhasil diiming imingi gitu emang jadi mocking ngomong bertahan mie ayam jangan mentang depresi jadi ngomong jahat orang kan tadi ngomong serdiri pengalaman orang beda beda semua dituntut jadi perfect savior
2049207067945353311,-1,Tidak Spesifik,0,allah nyuruh hambanya bkn menghakimi merangkul orang depresi allah menyuruh peduli sesama umat mski pendosa dimata orang skli mati normal sakit ttp butuh bantuan manusia intinya mati butuh orang kali bs ngubur badan sndiri
2049206499051020303,-1,Tidak Spesifik,0,bukan psikolog diluar kemampuan mengomentari mslh mental seseorang allah melarang hambanya menghakimi dosa orang bunuh diri memang dosa bukan penyitas bukan orang depresi pham perasaan korban agama mengakui isu mental
2049201943768387727,1,Masalah Keluarga,1,iyalah lc perlu mikirin ayo kamu rumah abis beras anak anak kamu token listrik rumah kamu bunyi bunyi tau cm nemenin terus dikasih duit peduli babi sama masalah lu kalau kamu bujangan curhat lc salah pd kamu tbtb bunuh diri
2049200642519142724,-1,Tidak Spesifik,0,pernah tahun tahun terberatku bener mau lompat lantai apart akhirnya jatuh balkon narik kebelakang kenceng banget pas toleh ternyata narik mamaku padahal mamaku meninggal tahun sejak gapernah kepikiran
2049187528029397235,-1,Tidak Spesifik,0,orang orang liatnya kalau soal bunuh diri masalah punya lemme tell you something u lil shit bahkan orang depresi tau aware kalau masalahnya sendiri buat ngubah susah bgt ngelarin masalah padahal diri sendiri yak
2049171995196006607,-1,Tidak Spesifik,0,kalau orang mau bunuh diri bawa bom terus bawa identitas agama kejadian sarinah sama surabaya ingat tuhan ka namanya
2049162640451420464,1,Masalah Keluarga,1,usah bawa bawa sudut pandang syariat agama orang kalau mau bunuh diri mikirin apapun aku pernah posisi aku mikirin tuhan enggak aku mikirin orang tua gua enggak aku pikirin bagaimana aku sakit bagaimana aku bebas ketakutan gua
2049161467128357195,-1,Tidak Spesifik,0,iya iya gih rakit bondet sana wajar depresi tahun soalnya ngang ngong
2049160713449754749,-1,Tidak Spesifik,0,penonton ngga persebaya lewat persebaya store ikut memberi tekanan mental pemain lawan lewat outfit digunakan coach staff kitman lewat tulisan simple on point bonek
2049156715095154847,-1,Tidak Spesifik,0,buat suaminya asah clurit nya haha ente depresi seumur hidup
2049156645465514272,-1,Tidak Spesifik,0,usah bawa bawa agama kalau orang decided buat bundir mikirin they give up on it ngelakuin justru mau menghilang masalah rasa sakit alami jangan jadi relawan kalau ikhlas
2049156105704755236,-1,Tidak Spesifik,0,seberat apapun depresi kalian jangan pernah berhenti bergerak because depression can t hit a moving target
2049149393316856038,-1,Tidak Spesifik,0,tw suicidal orang memutuskan bunuh diri tau masalahnya saking ruwetnya mikirin dosa engga orang bunuh diri emg bukan buat nyari solusi emg cuma mau escape orang mumet ruwet mana mikirin gituan kocak realistis dikit napa
2049145515389141163,0,Tekanan Akademik,1,tuhannya tolol bikin manusia lahir diminta terus tau dikasih ujian lebih kocak ternyata tuhannya tau kalau manusia diciptakannya sendiri bakal bunuh diri ujian tuhan malah manusianya disalahin terus dimasukin neraka
2049142681402855903,-1,Tidak Spesifik,0,jadi nyalahin agama padahal tweet kamu reply bahas agama bunuh diri kos mall hotel tempat usaha umum lainnya bikin si pemilik usaha rugi bunuh diri sungai nyusahin warga tim sar kalau benar benar mau bundir kubur diri sendiri pantai selatan
2049142545738092787,-1,Tidak Spesifik,0,kak sebenernya aku sekuat tiap malem aku selalu nangis aku selalu bertanya apa kurang diri aku apa aku terlalu banyak dosa ngerasain sakit gt berkali kali aku lemah sendiri aku berusaha kuat kak didepan orang aku selalu
2049135868439355563,3,Percintaan,1,jangankan mati bunuh diri orang mutusin nikah beranak suka direcokin lu mati ngerepotin orang lah dikira manusia berkeluarga terus matinya bukan bunuh diri ngerepotin orang kematian melibatkan manusia
2049132070639927590,6,Pemerintah,1,wowo mudanya pernah dekat aktivis tulen soe hok gie kadang berharap fase baik wowo depresi dirawat purnomo kasidi fase stroke seandainya si teddy soe hok gie bagus buat rakyat sayangnya
2049130181596692613,-1,Tidak Spesifik,0,baru kemarin the real human error loh kereta jalur yamanote line masinis nya baru magang salah ambil tindakan jadinya nabrak evakuasi nya berjam jam aku kejebak jam bunuh diri nabarakin diri kereta paling sering
2049126870801940596,-1,Tidak Spesifik,0,aku bentar mau lompat terus apa udahi ayam iya kata aku iyaa yasudah aku makan mi ayam porsi terus apa oke wow bapaknya cowok aku sehat bugar melihat berdua akad alhamdullilah aku bipolar aku depresi
2049126366084477096,-1,Tidak Spesifik,0,yasudah iya kak iya sekarang mengalami hari terberat sori iya deh kalimat aku salah iya harusnya makan mi ayam iya deh aku depresi bergaul cepet sembuh iya deh iya allah please hari aku berat aku ultah cowo aku bapaknya sadar kata aku iya iya mi ayam iyaa
2049123595071455239,-1,Tidak Spesifik,0,tekanan selalu berupa fisik tekanan mental emosional yg terjadi kasusnya agus buntung
2049122696311791740,-1,Tidak Spesifik,0,jadi yah ngatain meninggal bunuh diri egois yah hidup pernah benar paham sama kehidupan motivasi kematiannya menstigma terus hidup keharusan memutuskan mati kelemahan jenazah ruang publik merepotkan
2049122207104962950,-1,Tidak Spesifik,0,ga semua masalah jalan keluarnya bangsad bunuh diri bukan jalan keluar berarti kan semua masalah jalan keluarnya kalau bunuh diri menyelesaikan masalah berarti dong
2049121491732902194,3,Percintaan,1,mikirin orang terbebani jenazah dsbnya mencoba bundir jadi akhirnya mati bunuh diri yakin lebih baik orang sekitarnya melihat kematian sbg jenazah drpd kehidupan sbg manusia berguna nerima cinta
2049117757099356474,-1,Tidak Spesifik,0,kasih aku insight kalian pernah ngalamin depresi dong aku temen masalah dikit bilangnya mau mati terus aku kasih support buat tetep jalanin hidup tiap masalah aku diposisi lama aku lelah sama energinya
2049117535728205824,-1,Tidak Spesifik,0,scene trima fav haha marahin ram mau bunuh diri bericintawaktu
2049117464999719318,-1,Tidak Spesifik,0,aku setuju sama kalimat populer ngapain bundir mending makan mie ayam ngapain psikolog mending makan ice cream gue suatu penyakit ditangani cara memang tepat bantuan profesional bukan sekadar distraksi
2049116276237431131,-1,Tidak Spesifik,0,emang ngentot aku kesel sama opini orang sini orang dimintain pertolongan sama orang depresi sebego cuma ngasih saran makan mie ayam ice cream emang solusi pengennya nyari tau apa kalian sebenernya butuhin
2049110743552024713,-1,Tidak Spesifik,0,aku bergetar hebat gw sanggup cloning akun aku capek gw depresi hebat udh berhari hari udh sangat lama kegjatan aku luput mnet sialan mana lama banget naiknya gw kuat gw sangat kena mental
2049110311563825370,1,Masalah Keluarga,1,bunuh diri jembatan kok jadi trending bos kok banyak anak muda jemabatan papar kelutan
2049100510855368768,6,Pemerintah,1,aturan no selalu aku pegang selama berkendara orang disekitar aku orang gila nekat bundir jauh selalu hati meskipun terliat waras
2049100147452490131,-1,Tidak Spesifik,0,bunuh diri kecelakaan sangat jauh bedanya bunuh diri sengaja mau menghancurkan tubuhnya kalau d hakimi sekarang banyak bunuh diri selanjutnya bulan terakhir bunuh diri d tempat sama pertama banyak normalisasi kan bunuh diri empati
2049032827061354686,-1,Tidak Spesifik,0,akun info mitigasi nirempati tolol bigot koar koar soal bunuh diri semoga bakalan posisi deh
2049032561138254132,-1,Tidak Spesifik,0,setuju makan enak ajak jalan cara seseorang membuka tempat curhat depresi hilang memberitahu butuh fakta meluangkan waktu empati malah bitter
2049030348189896732,-1,Tidak Spesifik,0,orang dpt susah lah awakmu nek merasa disusahkan ngurusi mayat bunuh diri lha mbok uwes jarno ae iseh ono menungsa sik ikhlas ngurus mayate ngurus mayat bunuh diri ra beda karo ngurus mayat mati normal lapo kok awakmu merasa disusahkan sopo sik meksa awakmu ngurusi mayate
2049030217742930409,-1,Tidak Spesifik,0,meromantisasi benar benar liat vt vt bunuh diri sama komennya gak terus cara cegah sedang diujung sama masalah lakuin sama coba ngerti lakukan makin semangat buat bundirnya
2049029737390240206,-1,Tidak Spesifik,0,tw sexual assault manipulative gaslighting hengki hengkara hengtot siapapun lah nama lu kok kamu yaa muncul rasa bersalah padahal kamu ngancurin hidup orang bikin orang bolak balik psikolog sampe diagnosa depresi kamu punya empati apa punya malu
2049029498256158828,-1,Tidak Spesifik,0,this is kinda weird meromantisasi bundir semua orang punya masalah hidup jalan pilih berbeda salut sama orang bertahan memutuskan lari masalah tsb jadi permasalahan sini orang menghakimi
2049029341296869579,-1,Tidak Spesifik,0,sejatinya bs mengerti apa dirasakan org depresi berat org ngejudge merasakannya sendiri bom waktu nder liat deh selama jadi wni fase depresi berat berpikiran buat bunuh diri
2049027607258333358,-1,Tidak Spesifik,0,bunuh diri memang bukan solusi menghakimi orang bunuh diri lebih tolol ampe dikatain fomo sakitt mending kamu pskiater keliatan banget gpunya empati gatau seberat apa masalah hidup tanggung ato mungkin punya mental illness stop jadi orang sok suci
2049027487171334534,-1,Tidak Spesifik,0,woe katanya bunuh diri after utbk unnes
2049025808451481849,-1,Tidak Spesifik,0,lagian emg kalau kabur masalah cara bunuh diri mesti banget dihakimi agama ngajarinnya cara berempati
2049024996656431588,-1,Tidak Spesifik,0,nyambung njing org gabakalan sebegitunya ngehakimi orang bunuh diri kalau bunuh diri dosa makanya ngatain korban sbg pengecut bunuh diri dosa memanfaatkan ajang buat ngolok dalih agama keliatan bener paham
2049023797895008321,-1,Tidak Spesifik,0,akun info bencana memanusiakan manusia padahal orang depresi korban jauh beda sama bencana nimbulin korban nierempati orang bunuh diri fase sadarkan diri depresi panjang tau ketenangan
2049022543441596483,-1,Tidak Spesifik,0,depression and suicidal real memang cuma lewat empati jalan buat tenangin individu depresi bukannya malah deny emosinya dibilang jangan bunuh diri disini repotin orang aja
2049022183750738393,-1,Tidak Spesifik,0,orang depresi mandi males makan
2049011353839653329,-1,Tidak Spesifik,0,konteksnya orang bunuh diri si maksudnya kalau masalah terus bunuh diri pengecut masalah jalan keluarnya bukan malah bundir
2049009815159177573,-1,Tidak Spesifik,0,minimal juta buat treatment depresi membership gym badan atletis mental health aman
2049008126809305551,1,Masalah Keluarga,1,masalahnya kamu semua pelaku bundir bunuh diri nyushin orang banyak nyusahin keluarga lu nyusahin orang evakuasi lu kalau bunuh diri tempat pemiliknya malah makin nyusahin owner hiduplu susah minimal usah nyusahin orang
2049006761156513965,0,Tekanan Akademik,1,ilmu dunia cari uang ilmu psikologi islam tasawuf menguatkan jiwa menjalani hidup dunia dinamika kehidupan naik turun mudah depresi kasian semalam dosen cerita sampe minum obat psikiater terus mleyot jiwane ngadepi hidup
2049000972752761206,0,Tekanan Akademik,1,cuma org sok iye nderr mengolok olok ujian hidup orang iya tau bunuh diri dosa bukan ranah manusia buat menghakimi dosa orang sok bijak tu empatinya nol
2049000552214995358,-1,Tidak Spesifik,0,dulu begini dok kasusnya pasien depresi berat mau unalive langsung rujuk spkj setahun berobat alhamdulillah pasiennya remisi total pasiennya berterima kasih banget sekarang pernah periksa
2048814234113593773,-1,Tidak Spesifik,0,nonton bikin ketrigger goncangannya pernah ngerasain makanya emosi banget kalau nrabas palang bunuh diri kereta dikira dalem terguncang terkocok apa begini pd ngeyel harusnya ngerem ngerem palelu
2048812823715971295,-1,Tidak Spesifik,0,hmm survivor depresi n penyakit mental lainnya gue cukup terbantu kok kalimat ajakan makan enak or jalan malah terima kasih banyak sangat peduli kalau nirempati mah bakal ngatain nyepelein kan mksd baik jgn apa salty in
2048810426612519086,-1,Tidak Spesifik,0,jujur kamu jahat banget sih ngedoain mati sejauh aku melihat orang depresi sebenarnya terus terusan dikasih saran cukup kasih kalimat kalau mau mendengarkan terus bilang kok kt hrs nyelametin bkn profesional
2048808899210613100,-1,Tidak Spesifik,0,kondisinya dihindari kak mungkin kalau masinis langgar sinyal sama bunuh diri kalau gitu inituh kajj sinyalnya langsung merah jadi masinis argo sempet ngerem jauh
2048808633304268826,-1,Tidak Spesifik,0,aneh banget jadi baru depresi pas tau anakny hamil jadi pas anakny dikira hamil biasa mukul gitu
2048805668455678016,-1,Tidak Spesifik,0,bilang kagak respect they decision kamu kagak baca surat aku berarti kamu berarti bukan foll lama gw soalnya kalau foll aku minimal sekali mah bca twit aku soal gw apa apa kalau merekanya gpp sayangnya merekanya satu galau mampus satunya orang depresi
2048804518650081502,-1,Tidak Spesifik,0,apalahh hari nemu meng kasian mau bunuh diri mau kepinggir jalan maunya ditengah meng liatin pet shop
2048801921369342174,-1,Tidak Spesifik,0,dih yaudaa sih orang begini ribet dah lagian depresi koar koar berobat lah tenangin orang malah makin terima
2048800142397170036,-1,Tidak Spesifik,0,sorry guys ternyata bunuh diri tadi lama aku cek tglnya jadi aku takedown sorry
2048798772575207921,-1,Tidak Spesifik,0,it s fascinating how brain works over trauma aku bolak balik psikiater kena depresi and u know what kalau ditanya begini aku inget proses bagaimana aku dibawa pelaku inget samar kejadiannya inget muka pelakunya inget rumahnya mana aku lupa namanya
2048797057444671506,-1,Tidak Spesifik,0,tiba waktunya hari rasanya bunuh diri semuanya ancur
2048796997734584476,-1,Tidak Spesifik,0,bedain stres sama depresi pantes pas orang depresi nerima encourage mie ayam langsung begini
2048795586758094969,-1,Tidak Spesifik,0,guys aku mau minta temen indonesia sign petition benar benar bawa pulang secepatnya soalnya depresi banget kalau diliat video lewat socmed dara kelat and amoi pernah aman zoo jepang
2048795079855554843,1,Masalah Keluarga,1,terlepas mogok nerobos harusnya diberi hukuman berat suka nerobos jepang kalau salah orang meninggal bunuh diri d rel keluarga bunuh diri dituntut bikin jadwal kereta keganggu cmiiw
2048794534776312127,5,Lingkungan/Sosial,1,jadi aslinya mau balik dicalling eh malah nyari backup emang syalan tim untung out jadi kira selama emang benar lingkungan toxic sama pilih kasih nyata adanya
2048790846536110139,5,Lingkungan/Sosial,1,percayalah bertahan lingkungan toxic gaenak sakit banget guys this is a right decision buat mundur
2048788729167507962,1,Masalah Keluarga,2,emang ribuan pesantren rumah sakit universitas gratis kan menarik uang mahal bukan jasa bisnis toa brutalnya diblasting kompensasi anak kecil susah istirahat harga rumah jatuh orang tua mengeluh pekerja depresi
2048787939686219895,-1,Tidak Spesifik,0,gapernah mau komentar kalau orang bundir soalnya kagak ngaruh apa apa hidup gw mau mati silahkan mau hidup alhamdulillah
2048786886962139420,-1,Tidak Spesifik,0,nerobos mogok niat bunuh diri sih gilaa
2048786461114417229,-1,Tidak Spesifik,0,kata aku step pertama sembuh depresi punya keinginan sembuh caranya sesederhana kamu menghargai upaya orang buat nolong kamu stop berpikir dunia berputar mengelilingi hidup kamu be grateful kamu punya orang peduli sama hidup kamu
2048783325167555009,-1,Tidak Spesifik,0,bedain lelah ketolong otakmu sehat sama stres kronis alias depresi otaknya beda sama kamu normal ngerti lelah mah sama capek
2048782839144189974,5,Lingkungan/Sosial,1,i know theres no such things pura depresi cuma kdg orang lingkungan mikir aku caper anying padahal gaak i seek professional help kok thnk u
2048782372167143838,-1,Tidak Spesifik,0,if indomie works on u okaay good for you then but me personally kagakk soalnya kalau depresi aku malah binge eating or not eating at all yes i have consulted about this to my therapist jadi self diagnosed kalau aku cm pura depresi
2048779351462912237,-1,Tidak Spesifik,0,obat anti depresi mau kau wkwkkwkw
2048777417016357120,-1,Tidak Spesifik,0,stres bang orang kalau depresi nafsu makan kadang punya
2048775858996056276,-1,Tidak Spesifik,0,wkwkwkw no komen kalau kalau mau depresi terima penjara pas pinjol judol kan waras sadar masuk lubang buaya apa mau diharepin dpt emas wkwkkw
2048775447488442810,-1,Tidak Spesifik,0,aku areke kan gampang kepikiran niat terbuka karo pacarku respone dee malah wes ta gausa dipikir nemen sampe depresi ngono posisi aku konsul nde alodok kek dibandingno mbe dee dw sisan ngegampangno aku banget rek muangkel aku
2048772623082172585,-1,Tidak Spesifik,0,aku kalau lelah banget terus kepikiran bundir dibanding makan aku lebih pilih mandi gatau mandi bikin pikiran tadinya kacau jadi lebih tenang
2048772432283193716,1,Masalah Keluarga,3,contoh akibat bunuh diri judol hamil punya bapak broken home ayah gay ibu selingkuh mabok an tiap hari hutang akibat riba semua diharamkan agama justru agama mencegah terjadinya
2048771979579470159,0,Tekanan Akademik,1,stres sama depresi kayaknya beda deh kak coba belajar yuk
2048771235178504400,-1,Tidak Spesifik,0,cherrybellenya bubar manajemen lamanya bikin girlband baru guweh eh ternyata kelakuannya sama bodoamatt mau dibilang ngungkit mulu i ll hold this grudge for the rest of my life orang depresi desperate nya ngejer mimpi on stage malah ditipu lol
2048769638855786805,0,Tekanan Akademik,1,mo nangis lelah kerja aku butuh duit pls allah terima lah aku kerja ditempat bagus hbis lulus kuliah pen mati aja otak kmana mana antar bunuh diri cri sugar daddy
2048769614507872445,-1,Tidak Spesifik,0,kebanyakan argumen bro bukti simple agama naikin empati malah menyerang korban depresi akibatkan bundir usah mabok agama
2048769537819201740,-1,Tidak Spesifik,0,ish jangan jahat lah sama orang it s not your family friends partner s responsibility to heal you kalau kamu depressed somehow sedikit conscious menghilangkan depresi kamu sendiri lah seek for professional help ngerawat orang with
2048766616910114877,1,Masalah Keluarga,3,kira kira terjemahannya begini tahun lalu jaman bapak sendernya kecil anak perempuan tetangga perutnya membesar orang hamil perempuan dipukul sampe meninggal sama ayahnya dianggap bikin malu keluarga hamil luar nikah pas
2048766004763967771,-1,Tidak Spesifik,0,terdengar classist kalau kamu tau yakin bagaimana berkomunikasi orang suicidal mending skip aja benar benar deh orang suicidal keluarganya bundir mantannya rajin pencobaan bundir hindari ucapan bernada jangan bundir lebih
2048764207685128562,-1,Tidak Spesifik,0,pantes depresi jir apa apa dipandang negatif sih orang niatnya cuma mau ngasih semangat hidup jalur iming iming makanan malah dipandang negatif padahal salah satu usaha buat nenangin sisanya terserah lo
2048763943100059774,-1,Tidak Spesifik,0,bacott bacott gagal mulu bunuh diri nya sialann
2048762803859955905,-1,Tidak Spesifik,0,kalau stres makan terus kalau depresi nafsu makan hilang
2048762300274970830,-1,Tidak Spesifik,0,ngomongin depresi bukan stress beda
2048737577868623913,-1,Tidak Spesifik,0,lagian kalau depresi mah ngapain malah cerita temen mending langsung psikolog psikiater kalau gila nya omongan apa bakal terdengar negatif bagus buat both temannya
2048737571963089208,-1,Tidak Spesifik,0,bahasan sensitif sih aku pernah banget posisi terdiagnosa depresi sedang berat bahkan tentamen suicidi maksut orang menghibur aku malah lebih baik orang bilang elah doang
2048734616081866772,-1,Tidak Spesifik,0,benarnya satu mau aku ingetin jangan menafsirkan orang nangis diam diam depresi banyak alasan orang menangis diam diam selalu sedih depresi sangat jadi justru bahagia
2048734584339317054,-1,Tidak Spesifik,0,keknya korban slogan kecil dimanja dewasa bunuh diri mati masuk neraka
2048732477120995612,-1,Tidak Spesifik,0,ngaruh kak sinyal stres lewat mana aja jadi wajar kalau mungkin kondisi rambut kulit berubah fase depresi
2048731793659224340,4,Pekerjaan,1,sama waktu bilang kalo depresi ambil laptop lo kerjain kerjaan kafe wkwkw dikira depresi ilang cuma hangout
2048730579026559241,-1,Tidak Spesifik,0,boro boro mikirin orang kamu punya hati bikin orang depresi pas orangnya mati disalahin ego kamu tinggi
2048728203200716935,-1,Tidak Spesifik,0,haloo semua maaf oot mau nanya kalau depresi ngaruh rambut kulit
2048726326258090234,-1,Tidak Spesifik,0,nir empati kalau bunuh diri dipikirin repotnya emang pas hidup kamu peduli sama orangnya pantesan banyak orang orang bunuh diri akhir akhir hidup mati sama dipeduliin makanya bodo sangat sama hidup samsek nyelesain masalah apapun
2048726049278886194,-1,Tidak Spesifik,0,kalau disini modelan pjbt gitu besoknya lgsung bunuh diri kalau mundur
2048723966756630874,-1,Tidak Spesifik,0,nah begini loh depresi melulu soal sedih menyakiti diri sendiri mau mengurus diri sendiri jadi gejala depresi dibilang ortunya meninggal nya punya masa lalu selesai
2048723694743323055,4,Pekerjaan,1,aku dulu cuma ice cream kalau aku mati sekarang bundir aku nikmatin ice cream fav aku tiap minggu beberapa waktu berlalu aku malah nganggur nikmatin ice cream tiap minggu nemu vitamin berwujud manusia bener bener bikin semangat
2048721360952992076,3,Percintaan,1,hipotiroidisme ngeganggu banget asli otak aku tau aku baik aja perasaan aku sedih terus abis diputusin dipecat gitu bingung bagaimana jelasinnya depresi banget pokoknya semoga micu khilaf nyakitin diri sendiri deh
2048720604342387106,-1,Tidak Spesifik,0,syariat memang salah aku mengglorifikasi bundir otak orang depresi gbsa memproses syariat they just want to stop the pain makanya orang mau ngelakuin harusnya ditolong video si masnya bukannya dibilang ego tinggi
2048719293140058191,-1,Tidak Spesifik,0,orang sadar mau menyakiti dirinya sendiri kalau memutuskan menyakiti diri sendiri berarti luka tahan kalimat begini memotivasi orang depresi bunuh diri kalimat menyakitkan pointless
2048715987487445322,-1,Tidak Spesifik,0,depresi soalnya tar manggilnya mingi hyung
2048712803650076984,4,Pekerjaan,1,sepertinya kaka burnout coba ambil hak cuti cuti sekitaran hari tidur ngapa in buka medsos wa tidur sekedar rebahan aja aku pernah depresi menepi sebentar membantu semoga membantu yaa kaa
2048711632319393917,0,Tekanan Akademik,1,lanjut studi aku gap year nyoba kuliah meski prodi bukan impian gue menjalankan kuliah meneteskan air mata bahkan darah sampe depresi mikirin hidup arahnya mau buat kalian proses perjalanan semangat
2048711111449649295,-1,Tidak Spesifik,0,izin menjawab hati hatinya meledak bunuh diri kalau bundir nyesel seandainya aku dulu lebih peka tahu dulu aku dorong psikiater telat terlanjur bundir mungkin cmiiw
2048710871078359392,4,Pekerjaan,1,tatapan jujur sebenarnya malas gerak kerja cubitski depresi nunggunya
2048637665843798196,-1,Tidak Spesifik,0,hh mw bunuh diri i should just jump from the rd floor like i planned countless of times already
2048636152727621977,-1,Tidak Spesifik,0,sampe detik aku kuat bunuh diri soal aku tau bunuh diri pernah punya tempat alam kematian masuk surga neraka aku prnah sok an coba bunuh diri malah ngeri sendiri
2048635227879387641,-1,Tidak Spesifik,0,depresi tipe keliatan males malah keliatan overwork overthinking pernah bener bener istirahat depan orang keliatan handle runtuhnya pas mandi jalan tidur
2048635219016831000,-1,Tidak Spesifik,0,hati hati sama orang punya depresi keliatannya fine fine aja high functioning aku jelasin
2048634495922839955,-1,Tidak Spesifik,0,nebyl jsem schopen nal t si vodu nebo se obl knout trvalo mi t i t dny ne jsem v nejt depresi vyslovil prvn slova neb t hospitalizace u nejsem l kamil rain kter otev en mluv i o schizofrenii dnes pracuje jako peer terapeut tedy lov k kter pro el
2048633444524269740,-1,Tidak Spesifik,0,ngepromoin produk jualannya pake konten bunuh diri hastag mawarhitam menurutku banget pls lah punya usaha apapun jgnlah pake ide idean tema orng bunuh diri
2048630021582143961,-1,Tidak Spesifik,0,bunuh diri membunuhmu jangan sekali kali melakukan guys
2048628535758373232,-1,Tidak Spesifik,0,memangnya norma agama menyembuhkan depresi
2048623233893802219,-1,Tidak Spesifik,0,ujung nya klarifikasi minta maaf serang terus beri hukuman sanksi sosial depresi akut coba ybs kalau dinaikin orang obesitas kira mau kagak kadang pernah berfikir efek panjangnya bercadar adabnya rusak sesama makhluk penciptanya sendiri
2048620372032159984,-1,Tidak Spesifik,0,spiritual journey robbie williams better man bukan biopik memuja muja sang bintang studi karakter seorang pria mencoba mencari tahu siapa dirinya balik kostum panggung diajak melihat balik lagu hits perjuangan melawan
2048617938966741275,-1,Tidak Spesifik,0,apapun masalah nya jangan sampe bundir ingat hidup dunia hanyalah persinggahan jembatancangarviral
2048616821503455638,-1,Tidak Spesifik,0,grgr pacil aku jadi sering becandaan depresi maaf kalau kelewatan kenamental
2048615836026622460,5,Lingkungan/Sosial,1,denger buat kalian punya teman depresi banget jgn pernah ceramahin apa sampe kasih hadis cukup dengarkan bercerita jawab secukupnya ingat jangan diceramahi butuh pendengar teman cerita bukan penghakiman hidup
2048615429070000519,5,Lingkungan/Sosial,1,mungkinn tuhan menyelamatkan kamuu lingkungan toxic masuk lebih baik lagii tetap semangat yaa
2048614196544520590,3,Percintaan,1,nikah taruhannya nyawa kalau salah nikah depresi hilang nyawa nikah taruhannya beli rumah jalan ln
2048611234753499242,-1,Tidak Spesifik,0,in serious way kalau benar benar males mandi mandinya hari wajib psikolog temenku baru ngalamin ternyata gejala depresi we re all cooked being wni huhu
2048610239138906543,-1,Tidak Spesifik,0,kalau malas mandi katanya sebuah tanda depresi lalu aku depresi hari
2048608236891451695,-1,Tidak Spesifik,0,kata aku stop mengiming imingi mi ayam bakso orang mau mati kalau aku depresi mau makan syukur lagipula abis indomie terus apa ngilang wkwkw
2048600395602358691,-1,Tidak Spesifik,0,salut terima kasih mas bunuh diri mungkin butuh pendengar segala keluh kesah solusi nomor penting ngedengerin
2048600142073438336,-1,Tidak Spesifik,0,kreatif merancang pelindung jembatan peristiwa bundir latah meniru perilaku penyiraman air keras terjadi mas andrie yunus emang kalian sakit apa sih senin sarapa pagii chromebook
2048598058603262419,-1,Tidak Spesifik,0,aku kalau titik mau bunuh diri terus lihat spanduk gini aku bunuh diri depan banyak orang
2048596648025354598,0,Tekanan Akademik,1,benar banget sini belajar mau berharap sama orang mas katanya tulus kenyataannya manis mulut alhamdulillah akhirnya bangkit sndirian pdhal sbelumnya stres banget ampir bunuh diri
2048595802743071039,-1,Tidak Spesifik,0,aku ngiranya sengaja bangun kakaknya bangkit depan tv soalnya kan depresi kakaknya sengaja kakaknya mau ngomong
2048584048591917529,-1,Tidak Spesifik,0,empati empati kocak lo orang bunuh diri ngapain empati kalau orang kasih empati malah banyak kasus bunuh diri bunuh diri lainnya bunuh diri keren
2048581544642843053,1,Masalah Keluarga,1,jangan dianggap sepele dampak screen time berlebihan anak sebuah studi dilakukan siswa smp surabaya berusia tahun lalu ditemukan rata rata waktu dihabiskan anak depan layar mencapai jam per hari kata
2048573583333675229,3,Percintaan,2,reminder semua depresi bukan putus cinta on off psikiater
2048571257185288307,3,Percintaan,1,sempet depresi lumayan berat but im okay now berharap pindah sih secepatnya bakal dikasih kalau nikah
2048570219829072092,-1,Tidak Spesifik,0,konten sebenarnya positif mengalahkan pengaruh buruk berita bundir jadi bukan masalah empati menjadi inspirasi buruk
2048565645579817414,6,Pemerintah,1,orang kalau depresi ato suicidal jangan kamu nasehatin bilang jangan bunuh diri masuk neraka namanya goblok orang suicidal gamikir apa aturan kamu ajak berobat bukan malah digentayangin sama embel embel dijatuhkan neraka jahannam
2048559346393489912,-1,Tidak Spesifik,0,please jangan bilang kalau lebay orang depresi semua manusia punya kemampuan ngelola emosi baik selamat hari senin gusy sehat berkah barokah aamiin foto ig hasbibibii
2048554845066641413,6,Pemerintah,1,aku lebih sudi hukum buat orang ngelakuin pemerkosaan hukum mati jujur orang butuhin sini kesian korban mah depresi hidup ketakutan malah nikahin sama si pelaku bego najis aku sama hukum indonesia keadilan buat korban
2048551359168065862,0,Tekanan Akademik,1,reminder apa bagai mana seberat apa masalah ujian hidupmu jangn pernh punya niatan bunuh diri
2048546211851018585,-1,Tidak Spesifik,0,batam jembatan batam nama nya jembatan barelang menjadi langganan orang bunuh diri sampe mesti ruqyah jembatannya
2048540760786756031,-1,Tidak Spesifik,0,rina nose sara wijayanto curhat kena mental abis menjalani operasi hidung sara bilang aku kena mental tahu rina mengakui merasakan sama rina nyahut sama aku cari ternyata istilahnya post op blues depresi pasca operasi baby blues
2048537685015613610,-1,Tidak Spesifik,0,sok empati lu kamu kalau punya temen kelilit pinjol ketagihan judol paati kamu diemin kamu gibahin baru tar kalau bunuh diri jadi tempat farming kebaekan pura peduli pas masi idup peduli taik kamu orang
2048533662321516959,1,Masalah Keluarga,1,creatine fungsi kognitif menjaga massa otot creatine bukan anak gym menunjang umur panjang suplemen membantu menjaga massa otot kekuatan biasanya menurun dekade usia tahun creatine
2048526463851540919,-1,Tidak Spesifik,0,bunuh diri jembatan miris muda bunuh diri bunuh diri tuanya mau jadi apa coba ngik
2048524305143849395,-1,Tidak Spesifik,0,that s what i said orang kalau mau bunuh diri mau diceramahin masalah dosa tuhan mah kebal lebih luluh kalau didengerin dipeluk
2048522211565428853,-1,Tidak Spesifik,0,benar benar deh kalau emosi jangan deket deket miras kejadian kendari serem bgt cewek thn nekat self harm pakai silet diselingkuhin jujur sakit hati emang berat begini caranya cuma doa tuhan kuatkan mentalnya dikira kuat
2048518941304402369,-1,Tidak Spesifik,0,sama please aku berasa depresi jalanin nya nangis tiap hari tidur makan
2048487370635567269,-1,Tidak Spesifik,0,ngomong begini gapernah liat orang sayang badan gelantungan ud membusuk belatungnya wkwkw cmn gara gara masalah masalah anjing bunuh diri bilang fomo bodoh
2048486988668617191,-1,Tidak Spesifik,0,berkali kali liat konten serupa bro plis becandain bundir gatau orang se stres apa hidupnya bunuh diri nge trigger orang punya st plis ngejokes aja show some empathy
2048486557364244509,-1,Tidak Spesifik,0,org berempati ngerasain depresi ngejudge ngeremehin org nirempati paham sampe ngerasain sendiri depresi suicidal thoughtsnya kalau emg paham mau tau peduli minimal diem drpd ngatain jahat kan
2048453791335469326,-1,Tidak Spesifik,0,orang kalau depresi jgnkan makan mie ayam gerak keluar buat beli mie ayam magernya setengah mati beli layanan pesan antar mikir lama bingung mikir jarak ongkir rating variasi akhirnya jadi makan nahan lapar tidur
2048452477738008712,1,Masalah Keluarga,1,yuji kadang rasa pengen sini langsung keinget nnti mama sama siapa maaf kalau lebay benar benar tiap kepikiran kdng aku lampiasin makan mulu depresi bkn sih
2048450712527655009,-1,Tidak Spesifik,0,hari hari pergulatan x selalu gebrakannya keributan faker eksploitasi bundir pengemis engagement pengemis followers istilahnya nakal diri sendiri apa apa asal merugikan orang salto resep kuno jangan bagikan sakti
2048448071965745170,-1,Tidak Spesifik,0,kesampingkan joke nya bunuh diri kedua kocak sih alay bet sampe bunuh diri fomo in
2048441049828524276,-1,Tidak Spesifik,0,merkosa mau tanggungjawab ide bodoh darimana coba menikahkan pelaku pemerkosaan korban neraka buat korban seumur hidup tinggal bareng pelaku bikin trauma depresi society jahat banget
2048439591938801886,-1,Tidak Spesifik,0,fenomena opo jane bunuh diri copot sandal emange kerak neroko enek sekat shaf e ta
2048432568987787588,-1,Tidak Spesifik,0,cangkem e arek ngawur mas ojok koyok dandi loh pean kan sering liwat cangar wedine galau ditolak mbak iku langsung bunuh diri sisan yo ngarah aku bunuh diri aku liat endingnya one piece
2048432538021146736,-1,Tidak Spesifik,0,e buset sinis mana dibilang fomo berpikiran sempit kurang bersyukur gbisa gt berempati sama suicidal pantesan org pd bundir orang dikasih advice nya begini
2048431940009943484,6,Pemerintah,1,makanya kalau kamu kena depresi berat gangguan ngehalangin hidup kamu umur umur produktif sebenernya very unforgiving buat depannya terutama negara ramah kesehatan mental fisik gini paling mengerikan semua kehilangan waktu
2048426020085346771,-1,Tidak Spesifik,0,it baffles me on how majority of ppl thinks orang mau bunuh diri mikirin dosa
2048423338327089567,-1,Tidak Spesifik,0,suicidal person mikirin diri sendiri lelah makanya mau bundir malah disuruh ikut mikirin orang
2048422416414896220,-1,Tidak Spesifik,0,abangnya sering coba bunuh diri sepertinya soalnya lgsg tau salah pas liat botol soju abangnya disana
2048412520420184067,-1,Tidak Spesifik,0,aku mules krena memikirkan prompt au konhun mcd bingung endnya bunuh diri sakit nyak
2048412002624913839,-1,Tidak Spesifik,0,kalau tempat bunuh diri jadi serem vibe nya
2048409346191843386,4,Pekerjaan,2,gaji lingkungan pernah merasakan gaji mini lingkungan toxic ketambahan jenjang karir lembur ngotak ambil cuti narapidana
2048408845517721905,-1,Tidak Spesifik,0,hadeh aku kalau stres makan rasanya hambar ngelakuin hobi gairah depresi berat anjir
2048408046733267028,-1,Tidak Spesifik,0,sol butuh pandangan pendapat masukan apapun lah paham bidang psikologis orang pernah sembuh depresi akhir aku jadi sering nyalahin diri sendiri tia semoga kalian sehat bahagia selalu
2048406224753029551,1,Masalah Keluarga,2,kalian wajar seorang suami menceraikan seoarang istri kondisi depresi dalih susah dibilanginnya
2048403039460180275,5,Lingkungan/Sosial,1,penting kamu surive depresi aman aja cari dunia mu sendiri cocok circle blum cocok circle semangat ae
2048402134434279424,-1,Tidak Spesifik,0,empati orang bunuh diri aside from our religion belief moral sakit kayaknya mikirin bunuh diri fomo
2048402102964441262,4,Pekerjaan,1,guys tandain catet usernamenya kalau orang bunuh diri terjerat pinjol salah satu orang bertanggung jawab akun bawah seret nama kantor polisi capture dulu dihapus reply nya
2048402035670765846,1,Masalah Keluarga,1,milih kerjo normal dadi karyawan biasa opo melu keluarga keno tekanan mental income ndes melu keluarga aku gaiso libur soale karyawane an plus sistem e kacau wis jajal bulan
2048401515669516326,-1,Tidak Spesifik,0,alasan pakai konten kreator model gini mencegah orang bundir memparodikan elemen bunuh diri sendiri jadi jelas tujuannya bukan murni edukasi lebih engagement
2048401501295661364,-1,Tidak Spesifik,0,kelelahan parah
2048401357531705599,-1,Tidak Spesifik,0,aku pernah posisi benar benar bikin depresi banget sirkel aku milih nongkie luar sebisa mungkin kos sering deh bodohnya aku bertahan selama tahun pas fase skripsian langsung pindah lorong isinya sunyi n manusianya normal
2048400861018436081,-1,Tidak Spesifik,0,anjing aduh aku depresi banget kangenn aaccghkk
2048396169110565158,1,Masalah Keluarga,1,kann bayangin kamu titik akhir kamu mental memburuk economy nge crash keluarga peduli benar benar hilang arah hidup bilang fomo bunuh diri lu
2048391971040120984,-1,Tidak Spesifik,0,tiap postingan vents tiktok komenan ny byk bgtu ad kasus orang jatuh mall i think mrka apa sangkut pautkan norma agama bunuh diri dosa lah sgala macem padahal the world doesn t revolve solely around religion otak orang struggling with mental vs orang normal
2048388256543412333,3,Percintaan,1,dokter merahasiakan padamu seks seks x seminggu stres foreplay menit wanita puas orgasme rutin insomnia seks cinta depresi oksitosin seks kesepian
2048386615140094382,0,Tekanan Akademik,2,sekolah favorit rsbi bagus biologis anak meniru anak sekitarnya jadi anak pintar kuncinya cuma satu mau belajar bagaimana cara bikin anak mau belajar simpel bikin berteman anak mau belajar anak pintar anak
2048386152303067378,-1,Tidak Spesifik,0,episode depresi aku balik tepat
2048383786199777537,-1,Tidak Spesifik,0,orang bunuh diri kok dikata fomo sesusah bersimpati
2048383530514964573,-1,Tidak Spesifik,0,dem depresi berad
2048383413993025611,-1,Tidak Spesifik,0,fomo bro orang detik detik mau bunuh diri mikir kali kalau nekat berarti emang solusi orang harusnya dirangkul bukannya diviralkan
2048380749548790265,-1,Tidak Spesifik,0,bunuh diri bilang fomo lucu bgt these mf should shut the fuck up and learn abt basic empathy
2048380227488043242,-1,Tidak Spesifik,0,usah mikir kalau kamu punya anggapan semua pemimpin sama baiknya kamu bunuh diri aja mo gantung diri ato minum vixal baygon terserah kamu ajalah
2048378155573109211,-1,Tidak Spesifik,0,autoplay yt music aku depresi drop dead lgsg favorite crime anj
2048376383122948511,-1,Tidak Spesifik,0,hele nejsem soucasti ani jednoho fan klubu nelibi se mi chovani ani jednoho z tech dvou lekaru tady kritizuju ze lekarka dlouhodobe verejne shazuje medikaci vypisuje se stylem porazila jsem depresi bez berlicek koukejte jaka jsem borka a vsichni co berou
2048375682393141374,2,Finansial,1,aku bilang orang indo mah empatinya selalu orang salah kerjaannya ngehujat post bunuh diri orang miskin penjahat ham gemoy joget orang money launderer dijunjung mulu
2048375398652919961,-1,Tidak Spesifik,0,terima kasih pak purbaya bertahan sejauh bunuh diri
2048374907806113920,-1,Tidak Spesifik,0,kata aku mah smua cukup depresi agaknya aku gajadi nulis narasi lestappen menyakitkan ganti gemes gemes
2048374761856921704,-1,Tidak Spesifik,0,iyakann rata rata komenannya making fun orang bunuh diri
2048374441529471298,-1,Tidak Spesifik,0,paling benci sama kalimat ngapain bunuh diri padahal mie ayam pernah saking sedihnya semua makanan jadi hambar pernah saking capeknya tidur jam lebih aku tau bunuh diri salah jangan remehin titik depresi orang
2048374078206353773,-1,Tidak Spesifik,0,akibat banyak respect sama bunuh diri jembatan jadi terinspirasi bunuh diri parodikan buat hiburan ig malah parodiin berak
2048373745908335080,-1,Tidak Spesifik,0,tingkatan depresi kamu ringan tergolong berat kalau berat nangis berhari bunuh diri terus kalau tidur rasanya bangun nerima sama kehidupan nyata
2048369280283185199,-1,Tidak Spesifik,0,ah yes empati banget ampe malah nyuruh orang empatetik bunuh diri grgr kasian sama orang bundir loser and herd mentality aplikasi sampah
2048367158036770965,-1,Tidak Spesifik,0,org g ngerti depresi parah bangun niat mandi sikat gigi kbnykan orang passive suicidal bunuh diri lgsg tindakannya kalo mati yaudah
2048361521160572946,0,Tekanan Akademik,1,kak psikolog nolong banyak orang loh jaman sekarang orang depresi banyak aku kalau liat orang kuliah psikolog bangga keren
2048361426839085534,-1,Tidak Spesifik,0,kamar kos mirip kamar orang depresi agaknya emang deep clean secepatnya
2048346819223306531,-1,Tidak Spesifik,0,wahh thanks a lot mas sharing nya kebetulan kakakku gejala depresi kadang kumat lebih emosi naik turun cuman emg beliau orangnya terbuka sama orang kadang bikin bingung ngadelinnya gmana
2048343494142603485,-1,Tidak Spesifik,0,terkini ekor idf disahkan membunuh diri kerana tekanan mental akibat perang iran bulan april
2048343033373237744,1,Masalah Keluarga,1,cantik sih mesti pake acara bunuh diri segala klo mw ikutin orang tua g setuju cari apa susahnya klo mw lawan orang tua lanjut kan dewasa pnting bsa tnggung jawab bundir bukan jalan kluar cara pengecut mudah an jadi pelajaran bgi semua
2048342485349605776,-1,Tidak Spesifik,0,orang bunuh diri bukan orang lemah justru mengakhiri hayatnya mikir ber ribu ribu kemungkinan sampe akhirnya buntu bukan masalah iman kurang berdoa berdoa iman kuat mengakhiri hidupnya kuat jadi
2048336982255059331,-1,Tidak Spesifik,0,lah sblm nya banyak kasus orang bunuh diri gara teror pinjol mana ojk memberikan sanksi pd aplikatornya ojk taringnya jgn ojk takut sama owner pinjol
2048335768201109969,-1,Tidak Spesifik,0,fans naga narkoboi ternyata mana depresi banget padahal fav gamasuk list eh ngelist se diri dong
2048276990466326553,-1,Tidak Spesifik,0,jangan bunuh diri kak kan vtuber
2048276578271211790,1,Masalah Keluarga,1,sumpah berita mikirinnya penting viral anak bunuh diri problemnya cek keluarganya cek lingkungannya malah nyalahin game omori is benar benar a story about forgiving yourself
2048273458359160905,-1,Tidak Spesifik,0,hikmah depresi trauma ndunyo depresi berujung gila depresi meski akut menyakitkan smpai jambak rambut misale bukan gila andai gila jadi bundir gilanya mnyelesaikan keruwetannya guya guyu dewe bebas njobo njero
2048270472371180006,-1,Tidak Spesifik,0,hai aku pernah depresi sempat mati semua orang depresi mikir menyadari risiko jadi cm mikir kepepet bingung ngrasa peduli
2048268336413491248,-1,Tidak Spesifik,0,pernah jadi tambah depresi gara dengerin cerita temen bahas cowok terus
2048266655948792134,1,Masalah Keluarga,1,pernah permalukan pas kumpul keluarga besar katanya umur nikah katanya aku ndak laku ndak mauu bayangkan baru th gini gatau kalau umur th keatas aku nikah bunuh diri paling aku
2048264449577169097,-1,Tidak Spesifik,0,sehat sehat kalian bunuh diri bukan normalisasi orang punya masalahnya sendiri kalian punya masalah jangan bandingkan diri kalian lebih baik banding kan lebih ancur tetap berdiri tegar
2048261842062266404,5,Lingkungan/Sosial,1,gaess cari teman diajak ngobrol beban kalau nangis nangis jangan bundir mabok dikit pp penting semua beban keluarin dulu kamu cuman butuh teman buat ngobrol paling bagus ngobrol sama tuhan
2048260833487282658,-1,Tidak Spesifik,0,reserve spotnya wakakakakakak aduh aslinya sy depresi
2048260229004197997,-1,Tidak Spesifik,0,hduh bisanya cuma ngancem bundir kalau berani beneran bunuh diri sekalian kamu kocak digilis iblis neraka
2048260115988660523,-1,Tidak Spesifik,0,cara melawan gejala depresi ala aku mandi jalan kaki kena matahari kurangin main gadget tenaga dikit bersih bersih berat kupaksa kalau telanjur depresi rasanya masuk lorong gelap susah keluar kalau tetap membantu seek professional help
2048257381440897138,-1,Tidak Spesifik,0,yaa zaman istilah depresi generasi sekian gatau kan rasa sedih benar dialami sama nabi
2048256346018189401,-1,Tidak Spesifik,0,jangan menunggu korban depresi lalu bunuh diri pelaku dimaklumi alasan masa depan panjang bahaya bullying
2048251676583420005,2,Finansial,1,sy nonton ditv nginap dihotel menteng sy liat nasabah bali bunuh diri ambil deposito sebyk jt terus dijateng nasabah bunuh diri lompat sungai ambil tabungan jt kala uang diatas jt spt jt skr
2048250673112961373,-1,Tidak Spesifik,0,pbm daku orang indonesia brikut adlh real pic aku menjawab not that tricky mirip sama to mipy sempet stuck beberapa soal yahh bikin depresi lah bismillah skor amiinkan audiens amiinkan
2048249559823036621,0,Tekanan Akademik,1,sy peristiwa pas sy mo ebtanas lalu kuliah wkt kerusuhan dirmh indom r t dijarah sempat mo dibakar dihalau warga siap bawa sajam sblmna th sy liat byk bank dilikuidasi ditutup sebagian dibail out lwt blbi byk nasabah bunuh diri tarik
2048247357012320434,-1,Tidak Spesifik,0,siapa tau mas poci mbak kun bunuh diri
2048244736587403528,-1,Tidak Spesifik,0,kalau dikerasin takutnya keterusan lagian kan korban berpulang cm mendoakan gunanya foto korban ditaro sosmed disumpah in jahat banget orang kalau depresi terus dikasi didikan militer makin sakit dong mentalnya aneh deh ngetwit
2048244734125355374,-1,Tidak Spesifik,0,poin no termasuk hilang akal allah tau seseorang termasuk depresi odgj dimaksud hilang akal maksud disini bukan ranah menghakimi bagaimana mencegah terjadi memberi support pertolongan
2048244101519405545,-1,Tidak Spesifik,0,mungkin tau orang kontra sama orang bundir sendiri bundir bunuh diri benar benar maen aku sendiri ngerti bagaimana rasanya punya suicidal thoughts sesusah buat shake the thought
2048193906450583828,-1,Tidak Spesifik,0,nabi yaqub nabi yunus nabi ayyub bahkan nabi muhammad depresi merta vonis penyakit mental maksud tekanan fisik manusia biasa
2048192476130001256,-1,Tidak Spesifik,0,pesannya bagus bunuh diri cuma buat orang tolol kalau kamu berani mati masalah kamu mati matian buat ngadepin masalah sumber
2048191759008899470,-1,Tidak Spesifik,0,padahal komentar tolol justru bikin mental org tambah rusak and they still wonder why rate bunuh diri tambah naik if y all don t have anything nice to say mending usah komen sekalian latihan berempati pls
2048190533835825301,-1,Tidak Spesifik,0,kinda weird things to say under a bunuh diri post we ve officially lost our faith in humanity i guess
2048188984573227507,-1,Tidak Spesifik,0,kurang ajar x kamu sebut nabi depresi
2048188684030398511,-1,Tidak Spesifik,0,nah iya kan beberapa waktu pelaku pertama bunuh diri kan banyak lewat laki laki isi pikirannya dibuatin quotes sedih in sih pelaku kasihan sedih bgt jadi bnyk iba akhirnya malah terinspirasi
2048187043788861893,-1,Tidak Spesifik,0,dikira schizoafektif bundir aku sering pasien schizoafektif episode depresif tentamen suicide motong nadinya sendiri tangan leher kamu mau bilang schizoafektif bukan gila psikosisnya pake baju bhkn disuruh ngaji ngaji
2048185913537450443,1,Masalah Keluarga,1,diisi perempuan misal kesehatan pendidikan membuat perempuan lelah kerja ngurus rumah ngurus anak bergaji tinggi anak tekanan mental semuanya sehat lahir batin fisik bagus akal cerdas jiwa kuat aamiinkan guys
2048184313448194460,-1,Tidak Spesifik,0,terus pengecualian kalau bunuh dirinya hilang akal sehat depresi berlebihan gangguan jiwa bukan mukalaf artinya hilang tanggung jawab sekarang jadi pertanyaannya cuma depresinya seberat
2048183684348760428,-1,Tidak Spesifik,0,loh aku temen ibadahnya oke perintah agama dijalanin tetep pernah pikiran bunuh diri satu kamu keknya pernah sih ngadepin orang
2048180611521929657,-1,Tidak Spesifik,0,orang menempuh bunuh diri peduli dosa bahkan mungkin percaya agama jadi mengancam orang depresi dosa neraka membantu sama sekali
2048176755698250020,-1,Tidak Spesifik,0,gimane diblock kalau kamu malah suruh bunuh diri jier owner stres
2048176599858893083,-1,Tidak Spesifik,0,anjing bet bikin spanduk apa salahnya bunuh diri pas hidup orang orang peduli matipun kena dirujak ngasih kalimat preventifnya jangan bunuh diri disini bla blabla jadinya bunuh diri tempat anying
2048170229688353037,1,Masalah Keluarga,1,aku percaya pernah ngalamin pernah ngebantuin ngusir jin ngerasuk istri sepupu gw badannya kecil bocah smp aku sama orang badan lebih gede berontak mulu mau lepas bertiga dibuat mental sama mana ngomongnya mau bunuh diri mulu
2048169040494145556,2,Finansial,1,kinda too much yaa dikritik baik sampe bawa bunuh diri padahal isi kritiknya gmn emg packing segitu sih mahal aku as seller mending jujur an awal kalau emg mau ambil untung segimana nya sisi mn masuk akal packing segitu k
2048168661408780766,6,Pemerintah,2,sabtu pahing neptu mandiri tahan banting keras kepala ambisinya kuat emosian hidup naik turun ekstrem hindari lingkungan toxic cocok ny dagang hukum politik kalau d asah energi spiritual tinggi kuat ilmu kebatinan
2048167882425798864,6,Pemerintah,1,membayangkan mudah fenomena malah dijadikan pembenar doubling terpuruk nyalahin rakyat tuh rakyat kurang dewasa kurang bersyukur kok malah bundir
2048164878700175521,-1,Tidak Spesifik,0,opini aku orang anti orang bunuh diri gue menganggap merugikan masyarakat material seandainya kalian dihidupkan menjadi bunuh diri ingatan diri kalian aku yakin kalian bunuh diri
2048162257423774065,-1,Tidak Spesifik,0,memang sama skali mudah kalau orang sangat mentok sangat putus asa buat dibujuk bunuh diri bang untungnya sy dulu meredam temen sy sangat depresi gajadi bunuh diri
2048161699166138428,-1,Tidak Spesifik,0,betul temen aku benar benar depresi benar benar main mau bundir aku pernah coba pake cara buat inget akhirat ibadah tetep mempan untungnya aku redam orgnya idup ampe sekarang
2048160962767892486,-1,Tidak Spesifik,0,lah lupa rasulullah sendiri punya bab tahun kesedihan tahun kesedihan bukan bulan kesedihan minggu kesedihan bukti grief butuh waktu banyak banget bedah ttg sedih kalut depresi bab tsb
2048160555219993034,-1,Tidak Spesifik,0,see orang bundir mau bunuh diri awalnya perhatian so kelen lamaan dikit ngeliat kawan mending tengokin
2048154610502938844,-1,Tidak Spesifik,0,kalau blockir kamu suruh bunuh diri kak eh
2048147031257133426,-1,Tidak Spesifik,0,dipikir diantara punya pemikiran suicidal berani kamu ngomong sama perempuan sudan milih bunuh diri jadi korban pemerkosaan massal rsf goblok nirempati lagaknya tuhan lo
2048146389146943656,3,Percintaan,1,sebenarnya bagus opininya kalimat terakhirnya jelek bgt pantes banyak cwo bundir orang toxic masculinity nya separah padahal semua orang terlepas gendernya bebas curhat kok terus sebaik nya pasangan menjaga marwah pasangannya padahal banyak banget cwe gt
2048143252495438324,0,Tekanan Akademik,1,sombong ngerti ilmunya sombong sekali belajar soal psikiatri depresi sesimpel tinggal sholat ngaji depresi penyakit ketidakseimbangan senyawa otak mempengaruhi cara orang berpikir nauzubillah manusia kamu
2048136807938998567,-1,Tidak Spesifik,0,sering banget orang bunuh diri ngerugin orang gni banyak bgt bukan sok an mistis in tp emg tempat bekas bndr aku yakin g laku egois banget sumpah usaha dimatiin gni mau marah ma siapa
2048134708731756985,-1,Tidak Spesifik,0,kurangnya empati terkadang orang depresi curhat malah diceramahi dihakimi dalil agama keluh kesah ttg hidupnya didengarkan sama sekali akhirnya depresi lebih milih jalan pintas bunuh diri
2048129703484272661,-1,Tidak Spesifik,0,ngomong menghakimi lebih gampang dirugiin soalnya apa coba kalau kamu punya usaha diginiin mau gak aku kasian sama punya kios kosong lama tersewa jadi tkp bundir kios sebelahnya tenant kabur orang bunuh diri bikin orang susah
2048128289924161754,-1,Tidak Spesifik,0,tuhan hakim mahatahu omniscient jauh melebihi penghakiman manusia dangkal g tau apa hati pikiran seseorang orang depresi jgnkan sbjective reality ky dosa basic instinct g jalan divine truth isn t a tool to condemn those in despair
2048124408578142289,-1,Tidak Spesifik,0,kamu ngomong bund r masuk neraka orang depresi berat bikin hati sakit banget tolol bukannya didengerin curhatnya malah dikasih dalil nomer sekian kasih dalil kalau sembuh lukanya
2048122078218403988,-1,Tidak Spesifik,0,v letech u vala v usa antidepresiva v p edchoz ch m s c ch jen dosp l ch v letech to u bylo v ce ne n r st v r bralo l ky na depresi dosp l ch u en asto u star ch en a
2048120223438676048,-1,Tidak Spesifik,0,copycat suicide peran media sangat penting kalau beritain bunuh diri banyak redaksi nya banyak sensornya jangan terlalu gamblang fenomena tinggi loh indonesia
2048112025386332340,-1,Tidak Spesifik,0,satu bunuh diri bukanlah normal tanda darurat bukan terkait agama segalanya masalah kesehatan kepribadian
2048111517128937820,-1,Tidak Spesifik,0,cw tw suicidal ep sebelumnya jinman peduli ngamuk waktu tau dongman diperlakuin buruk mastiin adiknya hidup lebih baik terlihat kuat minum alkohol terus an signs sering terlewat disadari depresi wearealltryinghereep
2048108944443465885,-1,Tidak Spesifik,0,dikasih contoh mungkin depresi but i think you got the point
2048108258481852692,-1,Tidak Spesifik,0,ngga maksud aku nabi segitunya rajin ibadah sperti apalgi manusia biasa i mean iya ibadah sbg jalan solusi kalau ibadah tetep bundir who knows le
2048107884719055318,-1,Tidak Spesifik,0,ngga maksud aku nabi segitunya rajin ibadah sperti apalgi manusia biasa i mean iya ibadah sbg jalan solusi kalau tetep bundir
2048107335361466632,-1,Tidak Spesifik,0,kalau aing pake logika begini ga misalkan nih benar bunuh diri masuk neraka dosanya orang si pelaku putus asa bunuh diri orang ngebully memperdulikan keresahan segala gejolak si pelaku orang
2048075478280655006,-1,Tidak Spesifik,0,orang kalut tambah dianjing anjingin tambah bunuh diri sok sok jangan bawa agama ato hadits ngancem pake surga neraka notabene agama mau kamu apa harst sok kritis tolol
2048074930303230018,-1,Tidak Spesifik,0,sempet liat media luar narasiin bunuh diri meninggal depresi sebenernya lebih bagus jadi orang ngeliatnya fokus fenomena depresinya
2048074883108896908,1,Masalah Keluarga,1,intinya orang bunuh diri orang putus asa menentang ketetapan tuhan dibelain kamu kira anak video lebih nikmat hidupnya dibanding kalian gak putus asa pentingnya bermindset tauhid
2048074698794405965,1,Masalah Keluarga,1,sama goblok intinya orang bunuh diri orang putus asa menentang ketetapan tuhan dibelain kamu kira anak video lebih nikmat hidupnya dibanding kalian gakk putus asa
2048074515687805381,-1,Tidak Spesifik,0,pertanyaan penting aslinya penting bagaimana caranya bunuh diri coba pikirkan bang apa kamu lakukan selanjutnya tau pelaku bunuh diri masuk surga neraka
2048074010588774428,-1,Tidak Spesifik,0,silahkan ucap kalimat tersebut aku tantang lu punya privilege punya motor menuju tempat bundir putus asa gak pentingnya ilmu tauhid agama
2048073823719944520,-1,Tidak Spesifik,0,ayo bang aku eneq sama statemen membenarkan bunuh diri kesehatan mental
2048073638382129580,5,Lingkungan/Sosial,1,teman temanku baik hatinya mengatakan disiksa neraka selamanya islam menyeluruh termasuk menjaga adab etika menghadapi orang meninggal pernyataan semacam sangat bermasalah rasulullah saw
2048072296968122732,-1,Tidak Spesifik,0,islam dosa diampuni kekal neraka syrik pelakunya tobat mati pembatal keislaman pelaku dosa besar termasuk bundir kesempatan diampuni nas alullaaha rahmah
2048071699699224764,-1,Tidak Spesifik,0,yauda jangan bunuh diri intinya kalau kamu punya akal otak
2048071519474266223,-1,Tidak Spesifik,0,lah kan bunuh diri emang sengaja kamu kira bunuh diri dorong itumah pembunuhan
2048070920930279569,-1,Tidak Spesifik,0,suruh bunuh diri semuanya dosa kan yah
2048070630193697240,-1,Tidak Spesifik,0,mungkin lupa tahu nabi muhammad nabi yaqub nabi yunus pernah mengalami depresi kesedihan mendalam
2048070564074684457,-1,Tidak Spesifik,0,jawab bahas masuk neraka nya bahas hidup cara bantu orang hilang harapan gimana malah kamu tanya bunuh diri masuk neraka kaga itumah urusan allah tau mau dibahas gimanapun bagaimana caranya tau nentuin kan allah tau allah
2048070401289585148,-1,Tidak Spesifik,0,waduh koq pikiran nya pendek banget sih pake bundir
2048067362583409039,-1,Tidak Spesifik,0,bilang a better conversation terus ngalihin orang hidup bukan berarti menyangkal statement bilang orang bunuh diri masuk neraka coba tanya bunuh diri masuk neraka gak
2048066987755225450,6,Pemerintah,1,padahal kalau lihat trend akhir byk bunuh diri dipertanyakan fenomenanya bukan orang nya bukannya makin awas kalau negara makin bobrok penanggulangan cepat apa istilahnya negara mncoba hadir berita duka sesering duhh
2048066750613455184,-1,Tidak Spesifik,0,dandy ditemukan bernyawa bawah jembatan cangar dugaan asmara direstui mengemuka batu warga kawasan jembatan cangar kota batu digemparkan penemuan jenazah seorang pemuda bernama dandy sosok dikenal pendiam ditemukan kondisi
2048065241242902803,-1,Tidak Spesifik,0,bahkan komen bilang disuruh ibadah inget punya tuhan allah gmana sekelas benar benar nabi depresi kurang rajin ibadah apa coba i mean orang depresi selamanya cuma ibadah terus slesai butuh dengerin butuh dibantu kocak
2048016069437354032,-1,Tidak Spesifik,0,empatimu enggak mending kau ajak tarik melakukannya bukan membiarkan disana bundir masuk neraka surga harusnya kau tarik kata mu kau merasakannya kamu merasakan
2048015022207738008,-1,Tidak Spesifik,0,singkat aja orang mengatakan bunuh diri membuatmu masuk neraka rasa empati orang tersebut
2048014459579609556,0,Tekanan Akademik,1,aku baru tau kalau d sd nya ade aku anak mau bundir sekelas sama nya mau loncat rooftop sekolah untungnya selamet nya stres gara ortunya pantesan mamaku jarang banget marahin ade aku
2048014285830586488,1,Masalah Keluarga,1,semoga anak bunuh diri sini manapun ayo jangan putus asa buat akun x banyak bersedia dengarkan keluhanmu
2048013914231951424,1,Masalah Keluarga,1,fikih islam konsep orang berakal ghairu mukallaf rafi al qalam lebih luas sekadar anak baligh siapa termasuk berakal islam ulama umumnya menyebut tiga golongan diangkat pena dibebani taklif
2048013716248260873,-1,Tidak Spesifik,0,insya allah mengkaji kitab bulughul maram langsung ulama mempelajarinya meyakini men judge orang masuk neraka bunuh diri padahal tahu kondisi mentalnya fikih islam konsep orang berakal
2048013518541373946,-1,Tidak Spesifik,0,jadi ketakutan sebenarnya banyak bunuh diri bukan nerakanya apa gimana
2048013492159156646,-1,Tidak Spesifik,0,mending kalian ajak pernah diposisi tersebut diberi ruang bercerita beri kenyamanan ruang aman bahkan odgj gila orang berpikir bunuh diri masuk neraka mengatakan merasakannya
2048013003082403900,-1,Tidak Spesifik,0,well sebenarnya aku pernah depresi ringan keinginanku mengakhiri diriku memang bilang kalau misalnya kurang iman plus banget dekat sama maha esa apa katakan tersebut rasa empati sama sekali
2048012746093138132,-1,Tidak Spesifik,0,berarti kalau hadist pehamaman kalau masuk fase depresi berat yg maksud hilang akal lebih baik bunuh diri aja orang sakit mana nyuruh orang bunuh diri pemahaman hadist setengah gini
2048012562147791322,-1,Tidak Spesifik,0,depresi masuk gangguan jiwa ilmu psikiatri sama odgj orang gangguan jiwa senyawa seimbang otak penderita depresi makanya dikasih obat depresi penyakit sama kanker apa iya orang meninggal masuk neraka kanker
2048009976011255931,-1,Tidak Spesifik,0,sehat sodara ku jangan pernah berpikir bundir apapun masalah nya
2048007972098568377,-1,Tidak Spesifik,0,biasanya tau diri privileged orang orang merasa dirinya baik baik menyombongkan diri pernah melewati masa masa sulit punya cara mengatasi isunya pernah berada posisi
2048006543019565370,-1,Tidak Spesifik,0,banyak orang kelainan jiwa mental disorders meniru mengikuti perilaku orang bahkan bagian beberapa kondisi tertentu skizofrenia penderita skizofrenia umumnya meniru perilaku sederhana terutama gejala sedang mereda
2048006355731300841,-1,Tidak Spesifik,0,bung vs everybody with no empathy is real so far bung kalanara eat those bitches like it s crunch time go buddy i m rooting for you dikira orang berakal sesimple sadar mau apapun kondisinya hei orang depresi panik kecemasan
2048005330894983471,-1,Tidak Spesifik,0,diancam g bunuh diri lah kalau ancaman ny g keras bnyk banget bunuh diri orang ancaman keras aj bnyk bunuh diri
2048004873380409383,-1,Tidak Spesifik,0,other than talking to your therapist i guess olahraga jadi salah satu jawabannya paper bilang kalau jalan kaki jogging yoga angkat beban kurangi gejala depresi bahkan hasil efektif kalau dilakukan rutin intensitas sedang
2048004863838278063,-1,Tidak Spesifik,0,padahal cuitan tsb diperuntukkan orang hidup kamupun ketrigger cuitan tsb kamu meyakini surga neraka hak preogratif allah sepantasnya cuitan tsb muncul disetiap postingan bundir
2048003880399847561,-1,Tidak Spesifik,0,benar aneh gituloh bunuh diri terus kok game mainin dibawa lucu woi kalau aku bunuh diri terus ditanya abis main game apa anehh
2048003040914047405,5,Lingkungan/Sosial,1,fokus penyelamatan ybs mengurungkan niat b ndir fokus menjadi teman sesungguhnya orang depresi butuh teman meskipun paradoks menjauhi semua orang ajak bicara fokus pendengar bukan malah ikutan bicara
2048002834072010922,-1,Tidak Spesifik,0,hi mantimun sobat gapku tentunya mohon doanyaa yaa huhu tysm for my folls kebayangg kalau misalnya aku selama gap bikin akun inii kelelahan parah kayaknya sampe h ily somuch all wish us luckk muach
2048002602273784275,6,Pemerintah,2,menteri kesihatan sangat digesa melakukan lawatan mengejut menyamar merasai sendiri penderitaan rakyat tekanan mental sebenar dihadapi doktor jururawat hari kredit mohd faisal
2048002595281875045,-1,Tidak Spesifik,0,akhirnya memilih membunuh diri akibat depresi terkawal isu sistemik termasuk kemudahan usang proses pendigitalan lemah olah dibiarkan berlarutan penyelesaian berkesan
2048001730852630768,-1,Tidak Spesifik,0,lah wong kalau pemain arsenal gajian bonusan ajaa pernah dikasih yak gagal juara tetep gajian jadi hrs fans terlalu stres sampe mau bunuh diri coba
2048001300055675366,-1,Tidak Spesifik,0,innalilahi wainnailaihi rojiun kasian banget berat tekanan majikannya sampe berani ambil keputusan buat bundir dikawal kasusnya soalnya korbannya lebih tuntut untas bagaimana perlakuan sampe segininya
2048000122450260182,-1,Tidak Spesifik,0,depresi berantakan banget
2047999413365391736,-1,Tidak Spesifik,0,orang denger bukan dikerasin pantes aje banyak makin bundir mah masalah malah dikerasin dongo
2047999355358253454,-1,Tidak Spesifik,0,izinkan aku qrt community volunteer entah berapa kali ngadepin kasus pencegahan bunuh diri depresi triggernya bener orang ketiga tau apaan naluri bakal nebak padahal harusnya tarik orang
2047998647321915471,-1,Tidak Spesifik,0,kebanyakan orang depresi kalau ditakutin surga neraka malah tambah bd buat dunia bedanya neraka sakitnya sesakit
2047998517202067567,-1,Tidak Spesifik,0,agama aku kalau bunuh diri dosa jadi gatau aneh ato aku suka berdoa mati muda sakit benar benar langsung meninggal gituloh
2047997800512901562,6,Pemerintah,1,wakil menteri kesehatan dante saksono harbuwono mengungkapkan gejala depresi kecemasan remaja kali lebih tinggi dibandingkan orang dewasa temuan tersebut berasal data program cek kesehatan gratis ckg
2047996848950927844,-1,Tidak Spesifik,0,gila orang bunuh diri malah dicariin alesan pembelaan begini makin banyak bakal bunuh diri
2047996712174981339,-1,Tidak Spesifik,0,sodraku percobaan bunuh diri hampir x telat obat depresi lalu sepupuku sama hampir loncat jembatan depresi orang perlu pendampingan khusus
2047995538591912071,-1,Tidak Spesifik,0,gangguan jiwa risiko bunuh diri apa kata riset gangguan jiwa konsisten terbukti meningkatkan risiko bunuh diri signifikan riset diterbitkan pmc nih orang meninggal akibat bunuh diri diketahui pernah mengalami gangguan
2047995349437202842,-1,Tidak Spesifik,0,aku denger denger jadi lavender married g sih bukannya mentalnya benar malah makin depresi g sesuai mau malah terpaku sama norma paling bersembunyi kata lagipula lebih bagus dimasukin p n s gunting guntingan
2047994299514843448,-1,Tidak Spesifik,0,lagian pake coba kemarin karangan bunga apalah rokok an bgitu disitu bermaksud menyalahkan orang bunuh diri disitu kayaknya sedikit lupa bagaimana menyikapi orang bunuh diri gmn betul doain
2047993817845129709,-1,Tidak Spesifik,0,orang bunuh diri kok doain jadi ketimbang ketikannya macam ahli surga bgitu mending muhasabah diri yah lalu doakan diri orang baik baik ampuni dosa kamu semua allah meyakini allah swt al ghaffar al afuww wallahualam
2047993736555270515,-1,Tidak Spesifik,0,dunia sbt tahunan kenal customer berbagai macam baru kali seller ngatain sampe bunuh diri segala kamu apa apa ta kak
2047993356186480728,-1,Tidak Spesifik,0,nganu orang kalau depresi berat pikiran akal sehat sinkron misal scr nalar tahu kalau lompat jembatan berbahaya berakibat fatal pikiran hmm lompat kayaknya keren nih yah lompat aja nalarnya ilang aja
2047936523711271263,-1,Tidak Spesifik,0,setuju catatan bunuh diri salah kalau kejadian perlu dilakukan ngajak orang punya masalah jangan bundir bukan menghakimi md aku tetap menyalahkan menghakimi tau apa
2047936106319192132,2,Finansial,1,kamu ngeshare begini malah berpotensi makin rame lolot kalau bunuh diri baiknya jangan dishare cara bunuh diri tempatnya cenblu nyari duit begini berkah duit kamu
2047935538704023681,-1,Tidak Spesifik,0,bro kalau kasus cukup ucapan berduka kalau sampe mention masuk neraka segala kurang empati aku peduli agama kamu gitu tolonglah rasa kemanusiannya dipake gatau kehidupan bagaimana sampe mutusin loncat aku gedek
2047933860533654002,-1,Tidak Spesifik,0,semoga dibikin banner real nya orang mikir kalau bunuh diri kamu repotin orang banget
2047932365146869927,-1,Tidak Spesifik,0,jangan menghakimi orang mati mau urusan masuk neraka apa surga terserah tuhan jadi jangan belaga jadi tuhan nentuin kalau bunuh diri masuk neraka pernah tau semua agama memang larang bundir
2047931110341157219,-1,Tidak Spesifik,0,mbak mbak bundir dosa mau masuk neraka
2047929068260315538,-1,Tidak Spesifik,0,hilang akal poin nomor merujuk orang hilang kemampuan berpikirnya sama sekali bahkan kesadaran dirinya sangat rendah sering liat orang poin no hidup luntang lantung jalan kesana kemari hilang orientasi bundir adanya ketabrak
2047928656002244790,5,Lingkungan/Sosial,2,orang sibuk menyalahkan orang bundir membiarkan tetangga parkir mobil seenaknya membiarkan tetangga piara kucing mengotori lingkungan membiarkan anak orang membuly teman anaknya pembiaran jadi memicu korban jadi stress lingkungan saling jaga
2047928429690138972,-1,Tidak Spesifik,0,perdebatan masalah bunuh diri konyol banget jir syukur kalau emang pernah titik kamu berkali kali mikirin mau pake cara mana kamu mati kalau emang punya ilmu disana cuma mau judging mending tutup mulut lo semua otak kamu perlu
2047927486542213493,6,Pemerintah,2,alih mengakhiri hidup bundir cobalah buka viralkan kasus korupsi pejabat daerah pusat sertakan identitas niscaya mati sendirinya tangan jongos pemerintah
2047927267356184784,-1,Tidak Spesifik,0,banyak kaum hetero mati muda bahkan bundir apa kamu sebut boti bagaimana maemunah
2047924493222650178,-1,Tidak Spesifik,0,open siapapun aku buat mau keluarin unek unek aku bukan mc anime nyelamatin orang mendengarkan aku dengerin jaman aku mau sok luh bakal baik baik aja masa bunuh diri gatau dosa masuk neraka ayo bro lemah i m just listening
2047924362658054251,-1,Tidak Spesifik,0,apa pandangannya bunuh diri berakal
2047924181099282812,-1,Tidak Spesifik,0,focused being strong bikin depresi bg kalau ngeliat plat latian seminggu
2047923989054636480,-1,Tidak Spesifik,0,lah bodoh mau bunuh diri nyusahin orang untung cctv kalau kasian supir truk repot urusannya
2047922938083737868,-1,Tidak Spesifik,0,tahu bunuh diri dosa tahu manusia menghakimi orang masuk surga neraka allah maha pengasih maha pengampun wallahualam lagian km tahu orang bunuh diri waras mana jangan kira gila cuma pakaiannya compang camping
2047921846654525927,-1,Tidak Spesifik,0,aku ngerasain betul kalau orang depresi bawaanya bunuh diri terus
2047921562532356271,-1,Tidak Spesifik,0,btw kalau kondisi odgj gelandangan bugil makan tempat sampah jelas masuk gol kalau casenya fulan depresi masalah hidup lalu rs pake pakaian pantas bugil curhat psikiater minum obat begini diperdebatkan masuk gol
2047918791884153032,2,Finansial,1,kirain lolos covid lebih tenang sbg wni gataunya malah dihantui banyak mulai semua mua mau dikenain pajak sulitnya menapatkan pekerjaan upah layak nilai rupiah makin melemah kejahatan ks bunuh diri mana kurang tegasnya penetapan hukum
2047918371656589665,-1,Tidak Spesifik,0,ja mivam pred strasnej rage verim ze zeny vrazdi presne pri pms nedokazu to ovladnout kolega vedle me chroupal susenky a ja si musela dat sluchatka depresi pred jsem taky mivala ale nevim jak to zmizelo napada me co zkusit zaradit vic prospesnych potravim pro mikrobiom
2047906384206008622,-1,Tidak Spesifik,0,islam benar bakal sumpah sumpahin orang agama urusan vertikal baiknya dekati orang depresi open minded sisi kemanusiaan horizontal
2047906082492997695,-1,Tidak Spesifik,0,membenarkan penghakimannya interpretasi asal kasus bunuh diri salah gaperlu bawa bawa hadits punya ilmunya bahaya dampaknya
2047905984623038464,-1,Tidak Spesifik,0,justru audah berfikir kalau mikir bakalan bunuh diri
2047905857871204647,-1,Tidak Spesifik,0,kan ngatain bunuh diri bukan orang depresi kocak
2047905130662810077,-1,Tidak Spesifik,0,surga neraka milik allah kau tau masuk mana bunuh diri punya alasan allah maha pengampun kamu tau taunya surga neraka kejauhan sana tetangga kamu samperin kamu nyelesain masalah cangkeman gampang membantu susah
2047904705519739260,1,Masalah Keluarga,3,setuju bunuh diri mental dipahami kalau bukan ahlinya ayo monggo kakak adek fokus berbuat baek sesama tetangga membutuhkan lama tetangga ane bundir ibu muda anak perlu sok tau membantu
2047903557895311636,-1,Tidak Spesifik,0,pernah bang depresi kan gangguan jiwa
2047903452333039897,-1,Tidak Spesifik,0,bunuh diri bukan jalan satu nya buat menyelesaikan masalah
2047901478556492014,-1,Tidak Spesifik,0,sehat sehat mental laki merasa hidupnya stuck punya tempat cerita ingat bunuh diri bukan solusi semua permasalahan
2047898656523894955,-1,Tidak Spesifik,0,udahlah ketikannya jahat pake berita bunuh diri buat clickbait cenblu autoblocked
2047898609551900681,3,Percintaan,1,bikin orang milih bunuh diri nemuin jalan keluar mungkin buat masalah sepele ah cuma masalah cinta ah cuma doang orang sekuat iman tiap manusia sama bang urusan dosa surga neraka jadi urusan allah bang
2047897289549824438,-1,Tidak Spesifik,0,semoga masnya pernah merasakan namanya depresi berat confirm medis pendekatan sepiritual cara bakal bikin trigger sendiri posisi mau bd peduli semangat hidup cari a way out
2047895670334595124,1,Masalah Keluarga,1,ucap orang paham ilmu agama ilmu tauhid jadi gampang kena mental illness perasaan laki diajarin lembek boti tolol jadi pemimpin rumah tangga kuat akibat orang kamu bikin byk orang jadi bunuh diri
2047895669655077237,-1,Tidak Spesifik,0,makanyaa cowo banyak bunuh diri gakbisa ngeluapin emosi baik liat tweet akun orang nyumpain neraka salah satu ciri cowo ngelola emosii baik contoh kamu
2047893907925787129,-1,Tidak Spesifik,0,orang depresi rangkul bukan kerasin aneh wkwwk orang stres kamu maki sumpah in bodoh
2047892424534745159,-1,Tidak Spesifik,0,persiapan perencanaan jembatan cangar dipasang pagar kawat berduri membatasi pemotor berhenti membatasi gerak calon bunuh diri
2047889863257805204,1,Masalah Keluarga,1,kalau diliat liat parameter dipake penyuka city aneh aneh zionis bundir lonte bapak kau dungu ujung ujungnya nge block tutup akun
2047888223112995206,-1,Tidak Spesifik,0,fikir bunuh diri masalah selesai iya masalah dunia mah selesai padahal masalah sesungguh nya baru dimulai
2047886053311381541,-1,Tidak Spesifik,0,yeah setuju semua agama mengharamkan bunuh diri apapun alasannya
2047884077798428681,-1,Tidak Spesifik,0,kadang aku mikir kok mau bunuh diri kan langsung mati lewatin namanya sakit dlu kejedot pintu sakit aplg kena batu alasan aku seputus asa apapun milih bundir aku takut sakit
2047842393505034591,-1,Tidak Spesifik,0,ih ngeri kali kak protein nabati kamu jadi sakit begini gara jadi ambil kedokteran yah harusnya kamu ambil jadi dokter kebayang deh kalau kamu jadi dokter kalau pasienmu salah dikit langsung kamu rendahin kamu suruh bunuh diri ihh keren banget deh
2047833072490717575,-1,Tidak Spesifik,0,coba kalau bunuh diri dosa mungkin aku melakukannya
2047830936478433672,-1,Tidak Spesifik,0,kalao gen h ngikut plot gen v uda mati semua karakternya satu gara depresi
2047826469582516284,-1,Tidak Spesifik,0,punya otak nganggep gestur belasungkawa apresiasi pelaku bundir baru tolol nirempati
2047825648832692686,-1,Tidak Spesifik,0,mirip mlm rekrut memmber pikir dikenang diziarahi sperti sbelumnya stop ngasih selebrasi korban bundir menjadi insgurasi motivasi orang kondisi psikis rusak mudah sekali ikut arus baik arus baik ataupun buruk
2047824621257564634,-1,Tidak Spesifik,0,orang depresi mh peduli nyawa ngatain fomo mah bakal bikin stop bundir retarded
2047814823006875847,-1,Tidak Spesifik,0,emang emotional control kamu jelek emang watak kamu kalau ngetik kagak dipikir dulu dah seenak jidat benar ngetik bunuh diri orang cara kamu minta maaf begini pernah minimal kamu searching google cara minta maaf baik benar
2047798777432703422,-1,Tidak Spesifik,0,bagaimana orang mati dibercandain hidup berkeluh kesah dianggap lebay mengakhiri hidup judge masuk neraka padahal kalau seseorang bunuh diri omongan bukankah langsung membunuhnya nirempati dianggap normal
2047796866981740569,-1,Tidak Spesifik,0,kelelahan parah aku
2047794403004252323,-1,Tidak Spesifik,0,bunuh diri
2047790622128640374,-1,Tidak Spesifik,0,mawar hitam bundir sebats dulu makanya banyak romantisasi naroh rokok disana padahal si mawar hitam ninggalin sepeda motor romantisasi ninggalin motor
2047773855851380945,-1,Tidak Spesifik,0,aku kemarin bilang bunuh diri jembatan fomo aku penyintas aku sedikit banyak tau apa rasain fomo abis liat orang bunuh diri sana viral muncul pikiran aku or apa aku mati sana diperhatiin orang
2047748022810132939,-1,Tidak Spesifik,0,aku yakin bakal korban sihh aku jamin temen kumpul arwah gentayangan bunuh diri disitu
2047741217312846214,0,Tekanan Akademik,1,coming from someone lama go sorry banget kak kamu belajar buat nerima kritikan sopan like i know ure upset sama si syifa but do u really have to doxx her on twt sama bilang kayak mau bundir grup malah ngerusak image go
2047737710136451436,6,Pemerintah,1,makanya usah bundir mati dibunuh pemerintah
2047735585855750204,-1,Tidak Spesifik,0,tau depresi bukannya cari bantuan psikolog malah bar sama studio tattoo
2047732755505787271,-1,Tidak Spesifik,0,kalau ready mau mati minimal siapin lahan makam sandiego hills kalau punya usah sok an bundir nasi padang enak
2047729930864345219,1,Masalah Keluarga,2,wat ortu biarin ajah ngpah kalau anak nya pen kawiin kan anak nya ngrasain bahagia gak wat laki cewe cemen idup kamu kalau msalah cinta mpe bundir luaran sana banyaakk orian susah banyakin temen wat bercerita banyakin duiitt
2047729692678254707,-1,Tidak Spesifik,0,usah ngaku punya empati kalau nyebut pelaku bunuh diri orang korban depresi
2047726481359729100,-1,Tidak Spesifik,0,adanya contoh bunuh diri sebelumnya jadi membawa efek jadi keinginan melakukan sama jadi lebih kuat mungkin pak
2047726018455355396,-1,Tidak Spesifik,0,makanya baca buku berguna dikit punya otak sekrol timeline mulu seh dikit baca kamu ngerti bagaimana mengenali orang depresi cara menolongnya
2047724927873163754,-1,Tidak Spesifik,0,deti trpi depresema nejspis jsou v depresi z faktu ze maji rodice debily
2047723949237383248,-1,Tidak Spesifik,0,aku ulangin sekali walaupun aku yakin kamu paham orang depresi punya kemampuan berpikir jernih keputusan menolak empati bukan pemikirannya sehat kamu orang waras mengerti
2047721699345641886,-1,Tidak Spesifik,0,mungkin sama orang menderita depresi kamu empatinya sama kamu empatinya sama orang menderita penyakit parah usah ngaku punya empati
2047721476061892664,-1,Tidak Spesifik,0,ukuran orang nya melabelin orang bodoh menyuruh orang bundir ngebicarain hak nya renggut sangat masuk akal sangat masuk akal orang bodoh kau jadi warning sendiri dirimu sendiri
2047721321573101893,-1,Tidak Spesifik,0,ngapain bunuh diri kalau bun majikanya kalau bikin cacat permanen tau rasanya
2047721274584309762,4,Pekerjaan,3,aku awal tahun dpt tawaran dimutasi kantor gajinya jauh lebih gede lingkungan toxic staff serba jjg karir aku pilih kantor lama gaji cukup dn terpenting lingkungan dunia akhiratnya balance aku bilang kalau ttp dipindah mending resign haha
2047719488611864659,-1,Tidak Spesifik,0,terima kasih kali perhatiin temen kamu kalau pertanda depresi dorong tenaga profesional kamu berempati dikit menyelamatkan nyawa orang
2047718543782010929,-1,Tidak Spesifik,0,salah masyarakat sok tahu depresi elu mampunya cuma judging
2047717901587931155,0,Tekanan Akademik,1,nope mampu berpikir jernih keadaan klinis depresi bukan salah sama sekali kamu jahat judge orang menyia kan hidup sekali buka buku belajar
2047713140511838234,1,Masalah Keluarga,1,lalu aku bahas teori edwin shneidman bapak suididologi modern intinya mencetuskan teori psychache sakit mental luar biasa penyebabnya bukan sekadar depresi yaa rasa sakit psikologis tertahankan
2047712084277019078,-1,Tidak Spesifik,0,depresi klinis suicidal thoughts kepikiran pelaku bunuh diri punya motivasi diapresiasi nir empati menunjukkan memiliki intelegensi emosional sama sekali
2047710896919904359,-1,Tidak Spesifik,0,kamu mau share berita begini terus bagaimana orgtuanya nyariin bego tmn nya mgkn tinggal sekota sama kalau berita mana taunya bego bkn beritanya salah cenblu tolol kamu slh satunya menormalisasi kata fomo buat penderita depresi usah sotoy
2047710073062080781,0,Tekanan Akademik,1,ngomong begini penderita depresi sih kamu mestinya malu belajar cari tau ttg depresi deh bacot kamu monyet
2047709262550585707,-1,Tidak Spesifik,0,perasuk levitating finally film indonesia buat aku amaze amaze amaze sinopsis desa latas sebuah desa kecil pinggiran kota dikenal pesta kerasukan sebuah tradisi turun temurun lama jadi bagian kehidupan hiburan warganya
2047707498384363963,-1,Tidak Spesifik,0,asik bagaimana cil nyuruh bundir nyela janda ee kucing king kingan perkara si benhan bikin analisis malah jadi banyak kejang kamu balas lah pake kontra analisis seimbang
2047706034966511967,-1,Tidak Spesifik,0,benar jir gila gilanya bunuh diri dibilang fomo kepikiran buat anjir penting mah selesai masalah idupnya empatinya dikit pls
2047704540498321774,-1,Tidak Spesifik,0,egois mikir perasaan sopir aslinya tau apa apa malah jadi tersangka yeu anjing tolol bangsat on ol maksud aku kalau mau bunuh diri minimal cari tempat sepi terjangkau sama orang lah bangsat begini malah nyusahin orang salah asw
2047699889929490727,-1,Tidak Spesifik,0,bruh orang ngomongin suicide awareness jadi kau disini nyalahin orang disuruh bundir cuman gara asik
2047694738053370194,-1,Tidak Spesifik,0,rejam rejim orang bunuh diri dungu intinya
2047692581728071959,1,Masalah Keluarga,1,org tololl mentalnya lemah percintaan terus bundir respeknya sama skali hidupkan cinta kamu sama tuhan kedua orang tua cukup
2047692377389977819,-1,Tidak Spesifik,0,bayangkan kalau aku fokusnya angka pengguna langganan premium melihat analitik apa depresi ingat tujuan awalnya tujuan utama bukan mengejar payout membangun personal branding konsisten ngonten konten
2047691873998065728,-1,Tidak Spesifik,0,beberapa hari kelelahan banget happy liat mbi senyum
2047691778091032910,-1,Tidak Spesifik,0,jangan sampe title fans ghoib malah berubah jadi fans bunuh diri n tukang rasis
2047691227513135160,1,Masalah Keluarga,1,kedua liat lingkungan anak gimana inget kan kasus anak sd bunuh diri beli alat tulis harusnya ngerti kalau bukan masalah psikologis aja kalau psikologis stop judge mending cari solusi mikir dong siapa waras situasi begini
2047691198887006242,5,Lingkungan/Sosial,1,bilang bunuh diri fomo lah kurang ibadah lah g bersyukurlah mau menambahkan aja bunuh diri g cuma masalah psikologi sebenarnya pengaruh lingkungan ngaruh banget aku g asbun lama sebenarnya kasus bunuh diri diteliti kalau penyebab bukan
2047691194797539834,1,Masalah Keluarga,1,tadi pagi aku liat kasus bunuh diri anak sd terus disalahin game omori si anak tersebut main gamenya indon mau masyarakat pemerintahan selalu nyalahin bisanya bukan dicari tahu penyebab mencegah penyebabnya also stop
2047691158353232006,5,Lingkungan/Sosial,1,guys i think this acc only for mengenang trila aku berusaha banget pelan buat nulis apa alur soap opera aku lelah bgt bnr lelah my energy sumpah rasanya aku pusaran lingkungan toxic sendiri i m done
2047684355171197057,-1,Tidak Spesifik,0,orang dikasih kelebihan punya anxiety depresi bertahan hari merupakan suatu prestasi semoga kalian sehat
2047683173346365814,-1,Tidak Spesifik,0,setdah bunuh diri nya spontan gitu
2047681193462960502,-1,Tidak Spesifik,0,bunuh diri
2047680784786657611,-1,Tidak Spesifik,0,jgn dinormalisasi begini sampe naru bunga jembatan tkutnya malah pngen digituin mrasa hidupnya buntu memilih bunuh diri didoakan byk orang
2047680259722715491,-1,Tidak Spesifik,0,hari buka medsos full bunih diri dikediri satunya dimalang dijembatan cangar ad bunuh diri part kalau ad masalah cerita ketemen gess kalau nemu solusii mininal lega
2047679928838263271,-1,Tidak Spesifik,0,kemarin baca masyarakat umum nyolatin kl tokoh agama dilarang pas zaman nabi muhammad saw bundir beliau ikut mensholatkan membiarkan sahabat beliau mensholatkan jenazah
2047677501787210216,-1,Tidak Spesifik,0,penderita depresi berat berjuang mati an mengusir pikiran su cidal melalui bantuan psikiater jujur kalimat paling jahat kubaca hari kalian sehat mentaknya hrs tau semua orang b ndir mau m ti keadaan memaksa yap
2047676937875906615,-1,Tidak Spesifik,0,damn terakhir aku baca emang penelitian lbh terbarunya malah nemu hampir kasus bunuh diri cowo sehat pria diluar sana
2047675023901778099,-1,Tidak Spesifik,0,bunuh diri suatu dilarang agama muslim bahaya bro azab ingat
2047673105196425260,-1,Tidak Spesifik,0,kalau bunuh diri fomo aku sekarang mati x nya anjing emg orang orang
2047670684562981012,-1,Tidak Spesifik,0,sekalian coba cek akun bawa soal bunuh diri minn
2047670070172885112,-1,Tidak Spesifik,0,malah jadi fomo tren fenomena istilahnya disebut the werther effect the werther effect efek werther istilah psikologi sosiologi menggambarkan fenomena penularan perilaku bunuh diri copycat suicide fenomena terjadi
2047648919526801770,-1,Tidak Spesifik,0,benar benar depresi astaga aku nonton homoo baca au jdnya makin nonton that summer anjeengg pukimaak aku rewatch x
2047648406689185980,-1,Tidak Spesifik,0,bagaimana kalau disitu diadakan tukang parkir kendaraan parkir disana bayar k orang mau bunuh diri mikir mikir
2047647407501197454,-1,Tidak Spesifik,0,pantes astaga kelelahan parah mana fisiknya diet makan kagak lelah luar dalem pressure tinggi diteken ekspektasi agensi jahanam
2047646496938684582,1,Masalah Keluarga,3,cowok beda sama cewek banget kalau nekat nikah sendiri orang tua keluarga bukan syarat sah nikah bunuh diri begini janda anak cepat lambat terus melanjutkan hidup pria mau mau move on
2047644933918798294,-1,Tidak Spesifik,0,aku si patroli jembatan kejadian bunuh diri
2047644370560839731,-1,Tidak Spesifik,0,ketikannya dijaga yee monyeett sampah banget kamu berdua cuma bola ampe bawa bunuh diri sama ngatain lonte ngerusak nama fanbase asuu
2047643448153718912,5,Lingkungan/Sosial,1,rumah bumn surabaya seru pwoll apa lingkungan toxic
2047642458767626626,-1,Tidak Spesifik,0,mending kamu fokus twt humor sampah kamu bilang kalau semua bunuh diri fomo
2047642103090762012,-1,Tidak Spesifik,0,otw batu iki sumpah orak meh bunuh diri
2047639614832427125,-1,Tidak Spesifik,0,setan emang si andre nyuruh orang bundir ngatain janda lonte perempuan salah apa kelewatan stigmatisasi online arsenal fans jadi mancing orang stres si andre takutnya keterusan sampe real life
2047638043834953872,-1,Tidak Spesifik,0,meski bercanda sekedar banter tetep keterlaluan kalau sampe nyebut bundir emang merekanya aslinya punya masalah mental terus ngelampiasinnya orang
2047636036873019524,-1,Tidak Spesifik,0,akibat meromantisasi bundir
2047635863027491058,1,Masalah Keluarga,1,kecamatan sama tempat tinggalku si korban kok nekat banget bundir le le maneh adoh lokasine meninggal kok eleng ayah ibuk e le
2047633927163252859,-1,Tidak Spesifik,0,hii baru buka x maaf yaa buat tweet ku kemarin soal bundir aku izin lurus in hoax guys reply section jelasin beritanya it s my fault share berita searching dulu soal kebenarannya thank you klarif tegur buat hapus tweet nya
2047631331753078940,-1,Tidak Spesifik,0,fakta fakta jembatan cangar jembatan atas lembah kedalaman jurang hingga meter badan jalan jembatan berlokasi area hutan ketinggian mdpl lokasi jalur penghubung cangar kota batu pacet kabupaten mojokerto
2047630178051080384,-1,Tidak Spesifik,0,orang bunuh diri keknya mau kalau orang lihat
2047627879354098089,-1,Tidak Spesifik,0,r doby raper mi na tiktok poslal jeho song kde zp v jen o panicky depresi zkosti atd proc kazdej yo typek dela takovej styl hudby fakt v ivot nemate nic jinyho ne plivat takyho hovna kdyz ani nevite jak to funguje nebo toho nasrat jeste drogy at se lip chytaj
2047627231716155757,-1,Tidak Spesifik,0,bodoh banget anjing mana orang bunuh diri cuma tren iq jongkok
2047625993595330986,-1,Tidak Spesifik,0,gara bola sampe nyumpahin orang buat bunuh diri
2047625628023927160,-1,Tidak Spesifik,0,seberat apapun masalahnya bunuh diri bukanlah penyelesaiannya kalau masalah cerita orang terdekatnya psikiater ataupun beribadah sayangi hidupmu kawan hidup cuman sekali jangan disia siakan
2047600231823679790,-1,Tidak Spesifik,0,disalahkan pemda setempat si aware kalau canggar dipake bundir pembuangan mayat pembunuhan
2047599429486841935,-1,Tidak Spesifik,0,data angka orang depresi kegilaan indonesia naik pesat sejak smpe jt orang semingu orang bunuh diri orang jawa
2047598394676560064,-1,Tidak Spesifik,0,kebanyakan fans bola indo dikasih bacaan panjang berat dikit emg entah gr males baca gk paham maksudnya dasarnya mntal pembully emg benci aja makanya kadang mikir kayanya budaya banter cocok indo sampe bawa bunuh diri segala
2047597640368746785,1,Masalah Keluarga,2,kritik bunuh diri nyusahin org memiskinkan keluarganya kategori nyusahin org keluarga mendiang mana mau anak sodara meninggal keadaan heran banget deh mending bentuk gerakan memiskinkan koruptor noh lebih berguna
2047597510202695728,2,Finansial,2,kelak org macam ngrasain betapa berharganya uang rb rupiah sekarang mah santai mau depo k bodo sangat nnti kalau rungkad stres terus bunuh diri
2047594265354871213,-1,Tidak Spesifik,0,bahkan fans ghoib nya nyuruh orang bunuh diri haha
2047593089301434519,-1,Tidak Spesifik,0,menurutku sih orang bunuh diri sebenernya keraguan buat lakuin bundir lepas sendal soalnya jembatannya pembatasnya bar besi tabung gitu kalau naek kesitu pake sendal licin makanya lepas sendal langsung nempel kaki jadi licin
2047592575411077328,-1,Tidak Spesifik,0,abis keluarganya bunuh diri nyambung hidup gitu kok cara pikirmu aneh sih
2047590174360744398,-1,Tidak Spesifik,0,orang tiap hari mondar mandir lewat jembatan pake l entah pagi bahkan malam kejadian bunuh diri kadang bahkan pembuangan mayat belakangan rame monetize sosmed ngejar fyp
2047589314457190863,-1,Tidak Spesifik,0,fomo matamu bunuh diri canggar biasa banyak akhir kalian monetize jadi pemberitaan cuit kalian
2047587055564378496,6,Pemerintah,1,dulu sebenarnya banyak jualan semenjak dilarang pemerintah setempat malah jadi tempat bunuh diri
2047586121815924815,-1,Tidak Spesifik,0,are we deadass turning bunuh diri into fomo content
2047581864207212569,-1,Tidak Spesifik,0,bunuh diri diapresiasi bunuh diri disiksa
2047581593087463712,-1,Tidak Spesifik,0,memang fenomena namanya werther effect copycat suicide bunuh diri beruntun jembatan jadi termasuk fenomena copycat suicide saran kurang in nyebarin berita ttg bunuh diri menyertakan tempat video gambar
2047578230115479963,-1,Tidak Spesifik,0,penasaran kok orang pas jembatan selanjutnya berenti n nengok belakang padahal pas kerekam orang mo bunuh diri cuma jongkok deket motor
2047577302721335337,-1,Tidak Spesifik,0,lah memang kalian meromantisasi bunuh diri orang bunuh diri tutup aibnya tau apa se triggering apa orang depresi liat liat tali mau gantung diri jadi stop share kalau berita gini orang mikir bunuh diri sekali x tiap hari
2047576579652337693,-1,Tidak Spesifik,0,bunuh diri ditemukan jatuhnya ngerepotin orang
2047576111861866863,-1,Tidak Spesifik,0,pernah liat orang bunuh diri parkiran mini market
2047574431720251406,-1,Tidak Spesifik,0,justru tukang parkir bayar mending bunuh diri
2047573687382270224,-1,Tidak Spesifik,0,nah menarik depresi beberapa area otak jadi lebih dingin biru aktivitas turun makanya muncul gejala hilang energi susah fokus kehilangan minat bipolar aktivitasnya campur aduk kadang overaktif fase mania kadang turun drastis fase depresi
2055045495056150853,2,Finansial,1,guys kalian tau banyak trader super disiplin tetap bangkrut kelelahan parah punya disiplin punya system disiplin system cuma penderitaan bertahun tahun bayangin gini kamu bangun pagi full fokus buka chart
2055032039045480715,-1,Tidak Spesifik,0,anjink kalau dollar nyentuh rebu mending bunuh diri instead of tinggal indo
2055030921435414804,-1,Tidak Spesifik,0,tunggu sampe kamu dapet begini ngelakuin apapun aku dianggapnya tetep kurang considerate aku paham terus mending bunuh diri ege lama lama kamu mah enak ngetik doang segala terlalu diitu itukan baik ege
2054997082784911598,-1,Tidak Spesifik,0,stres aku liat kelakuan si kala baru dibilang beban sampe depresi bagaimana asa kecil dilimpahin tanggung jawab padahal kembar selalu disalahin semua org dibentak ditonjok ditendang adiknya sendiri aku kalau jadi asa mah depresi kecil
2054965868757745975,2,Finansial,1,cerna selalu ingat emosi sumber energi motivasi nalar kendali ibarat mobil ayo emosi tinggi too depressed too happy dorongan sangat tinggi melakukan nalar terkontrol mencegah hambur kan uang bundir
2054963837607313834,-1,Tidak Spesifik,0,apa wok ngancurinnya pusing banget aku tiap hari liat berita tingkah laku kamu dukung rasanya bikin bundir
2054962249140191619,-1,Tidak Spesifik,0,psychiat i nejsou idioti samoz ejm pohyb doporu uj probl m je e v st edn te k a t k depresi je lov k nezvykl na pohyb neschopen za t s m bez podpory a asto i ten kdo sportuje pravideln omez pr v tyto aktivity aby zvl dnul jin povinnosti d ti pr ci
2054951672817021218,-1,Tidak Spesifik,0,baca reply an cwk coli ego gpp asal kalian bunuh diri aja itung nyari kemenangan kecil disela sela kekalahan kehidupan nyata
2054947173889138766,-1,Tidak Spesifik,0,bujang depresi ayahnya meninggal terus wamil halu punya kekuatan game rank level gitu mostly ttg masak dapur mbg tentara korea
2054942224153256301,-1,Tidak Spesifik,0,tadi mau gabuka wa malah dibuka mulu aku uniinstall dibuka mulu apk coy lelah banyak tekanan mental masalah aplikasi
2054939329030701236,-1,Tidak Spesifik,0,ah iyaa aku bacaa inii kasihan banget lakinya benar benar depresi bgtt sebagian mihak istrinya baca kasus selanjutnya dmn yaa
2054938305691898199,-1,Tidak Spesifik,0,aku tau kerjaannya apaan cuma baca dikit pov kakaknya gt katanya adeknya tingkahnya aneh terus pas disamperin ternyata babak belur pandangan matanya kosong orang depresi berat gt terus akhirnya dibawa sama kakaknya trnyt kdrt sama istrinya
2054930386367725926,-1,Tidak Spesifik,0,aku lebay kayanya kalau aku bakal depresi berat deh direngut separuh nyawa
2054928617814331523,3,Percintaan,1,punya pacar depresi depresi nya dikit dongg sedih tau kalau dunia selamanya sunshine and rainbows s
2054920281668620553,-1,Tidak Spesifik,0,gatau deh hidup aku kalau manhwa bl series jomok kayanya aku bunuh diri dh
2054918613002592385,-1,Tidak Spesifik,0,cuma mau cerita pernah loh video viral laki laki babak belur istrinya pandangannya kosong pas ditemui sama saudaranya depresi berat sering banget disiksa sama istrinya tahun kemarin kayanya seliweran tlku videonya
2054918332579790948,4,Pekerjaan,1,hari curhat bunda maria lately i found everything really stressing me out aku kelelahan kerja aku usaha merasanya usahaku situ situ i think salah satu moment tuhan panggil aku balik rajin berdoa berbagi bebanku tuhan
2054910978689761346,-1,Tidak Spesifik,0,menit arya bilang kalo kamu baca one piece alasan mengkhianati luffy wtf terlalu naif berasa authornya kalau nnti betul berarti pilihan sekian banyak kemungkinan bukan berarti kemungkinan gak mungkin aku opini sah
2054907017362555231,-1,Tidak Spesifik,0,pedofilia dibilang normal orientasi seksual pls mending bunuh diri sana kontol
2054901857085202941,4,Pekerjaan,1,emg anjing sih aku ngerasain srkg kerja deket rumah lingkungan toxic mampus
2054894815964549168,-1,Tidak Spesifik,0,bajingan kamu better kamu bunuh diri sana pelaku pedofil pantes hidup
2054878873821884477,3,Percintaan,1,temen tiap ngeluh stress depresi bahagia sama suaminya bolak balik pingin cerai anaknya sekarang hamil
2054870999561339051,-1,Tidak Spesifik,0,keliatan depresi nya gara hatte yah
2054869064263274968,1,Masalah Keluarga,1,kondisi ibu video bukan baby blues kondisi psikologi disebut disfranchised grief tekanan batin bertumpuk krisis identitas makna hidup terjadi seorang wanita merindukan kebebasan merindukan dirinya dulu membuat
2054864533978767421,-1,Tidak Spesifik,0,korban bunuh diri hebat jing pelaku merusak orang mending kamu coliin kontol kamu sampe lecet cok usah jadiin orang pelampiasan nafsu hewan dikasi otak bukanya dipake heran aku
2054859551015616800,-1,Tidak Spesifik,0,nutupin depresi pake jokes salah satu cara aku survive kehidupan dewasa
2054858989662269608,-1,Tidak Spesifik,0,semenjak si minyak malah minum vitaminn kocakk nuliss dulu mau minum obat ovd sekarang malah minum vitaminn manggil dokter minimal kalau konsisten sama ucapan sama karakter tulis g usah minum vitamin g usah bunuh diri lahh inii
2054852549690417648,-1,Tidak Spesifik,0,pengadilan pernah datang undang bbrp kali eh mau keliling bbrp daerah indonesi berarti orang otaknya stres berat depresi
2054851742253117768,-1,Tidak Spesifik,0,rek aku kelelahan banget pen cerita gatau siapa butuh hiburan banget pen keluar gatau bagaimana rek
2054849912190492833,-1,Tidak Spesifik,0,damnn sakitt aku jadi nadiem mending bunuh diri
2054849676705439948,1,Masalah Keluarga,1,wong manusia otak nya stres depresi mengakui soal pemidahan ibu kota ikn masa manusia bangga banggakan
2054849529569243322,-1,Tidak Spesifik,0,loh kamu dilaporin ujaran kebencian bahkan ngatain korban pemerkosaan korban bunuh diri
2054848817036673163,6,Pemerintah,1,aku kepikiran bunuh diri mau bunuh org rezim antek anteknya jahat bgt nyusahin orang deserved hidup aku baik deserved hidup ngapain aku mati
2054846673290231911,-1,Tidak Spesifik,0,ranking un dihapus kan permintaan netizen sjw dulu banyak bunuh diri gara lulus
2054843230487982376,-1,Tidak Spesifik,0,awowkwowko aku cek akun kamu ngeliat semua tweet kamu rt qrt kamu malah keliatan lebih depresi ngeliat idola kamu blame dibanding fokus bahas soal pelaku soal pelecehan seksual
2054833645177995486,-1,Tidak Spesifik,0,kata aku apa tokkimek depresi astaga
2054820123207459263,-1,Tidak Spesifik,0,that fandom benar benar isi nya orang stres semua to be honest level kaget kalau tiba tiba artikel isinya seorang hatters illit masuk rumah sakit jiwa akibat depresi liat illit makin sukses
2054819224997310606,1,Masalah Keluarga,1,aku tetep bakal ngatain sih prank begini lucu kasihan anaknya gracia ivonika m psi psikolog dampak negarif prank anak hilangnya rasa aman anak jadi merasa aman rumah sendiri cemas lingkungan terdekat dianggap
2054815731154628610,1,Masalah Keluarga,1,masak sih berprestasi jadi beban keluarga kalau benar bgtu something happened along the way berarti entah kesulitan ekonomi depresi broken home korban abuse baik verbal fisik kalau soal nganggur dimengerti jadi beban mah berlebihan
2054814967929712688,-1,Tidak Spesifik,0,jujur aja kalau memang benar nyamar aparat buat meneror orang serem banget korban bukan cuma kena tekanan mental rasa takut tiap hari
2054809748604907704,-1,Tidak Spesifik,0,kalau mau bunuh diri sekalian bunuh orang pemerintahnya dianggep pahlawan bukan jadi pengecut
2054804407444005011,-1,Tidak Spesifik,0,orang orang bakal ngehate sampe salah satu bunuh diri keluar grup kalau kejadian ngehate tadi nyalahin fandomnya garam dulu fandom sama agensinya mertahanin terus hate train pas out haters bilangnya fandomnya sendiri nyuruh out
2054799910491541975,6,Pemerintah,1,literally aku memilih bunuh diri diculik dibunuh suka ngatain pemerintah we never know
2054799147660886213,0,Tekanan Akademik,2,sangat setujuh sama ibu guru nya dampak negatif umum terjadi gangguan fokus belajar energi emosional terkuras hubungan pikiran terbagi pelajaran pasangan prestasi akademik sering menurun disadari ketergantungan emosional usia identitas
2054797958907080970,-1,Tidak Spesifik,0,adam smith bakal bunuh diri kalau model presidennya
2054794655934583200,0,Tekanan Akademik,3,aku kuliah telat lulus semester gegara depresi berat lulus th bukan th mau bunuh diri anjing rasanya mana orang tua aku pensiun jt gasampe aku ngerasa bersalah bgt cumlaude sih iya semester anjing coba jt lompat kampus guee
2054791425888264461,-1,Tidak Spesifik,0,tf guys saranin salon rambut wanita pegawainya judgemental dong aku mau botakin rambut soalnya keramas bulan pasca depresi area galkot kalau kosanku randugunting soalnya
2054790320244855277,-1,Tidak Spesifik,0,kelelahan banget
2054790185204982243,-1,Tidak Spesifik,0,badan riset inovasi nasional brin mengembangkan inovasi berbasis kecerdasan buatan ai bernama postmood mempercepat deteksi dini depresi pascasalin
2054790000789839949,1,Masalah Keluarga,1,satu lima ibu baru melahirkan berisiko mengalami depresi pascamelahirkan sebagian besar kasus terdeteksi badan riset inovasi nasional brin mengembangkan aplikasi berbasis kecerdasan buatan bernama postmood deteksi dini
2054787959736721676,-1,Tidak Spesifik,0,air putih real food sangat impactful tuh mdh an terus dibarengi banyak gerak kak cindy luar biasa banget buat selalu semangat jauh depresi sejenisnya
2054784719649431800,-1,Tidak Spesifik,0,air terjun knpa sih depresi
2054782035089330464,-1,Tidak Spesifik,0,tau banyak korban sa speak up ujung nya malah bunuh diri gegara banyak orang nodong buat kasih bukti padahal struggle banget speak up nya cwe cwo tua muda kena sa please berdiri pihak korban
2054781408498131187,-1,Tidak Spesifik,0,orang indonesia pake bahasa mental health issue padahal bukan mental mental banget emang kelakuannya aja emang clubbing bikin otak tambah waras jangan make alasannya depresi
2054774899835797757,-1,Tidak Spesifik,0,keren masya allah aku pribadi sampe situ aku baca alasannya rasulullah merayakan meniru tradisi non muslim pemborosan mengagungkan hari raya dirayakan hari rayanya muslim cuman idul fitri idul adha terus dampak
2054772909097562395,-1,Tidak Spesifik,0,suka dibilang cowok indo kalau cewek suka kpop stress pdhal semua banget benar benar dijadiin motivasi sukses jd obat depresi seseorang ngeliat army rada jadi sigmanya jelek anying bet
2054767460767920357,5,Lingkungan/Sosial,1,dlu aku terluka banget sama lingkungan toxic smp kirain sama bakal sm ternyata jauh banget ekspektasi smua orang nya baikk banget meski aku smpe sekarang bsa deket sama orang krena trauma smp sama se seru pergi pagi pulang hampir maghrib
2054765036921573443,-1,Tidak Spesifik,0,good people hari konoha kena wabah baru bukan perang bukan genjutsu bukan serangan akatsuki podcast entah sejak kapan seluruh warga konoha mendadak merasa gue punya podcast naruto langsung
2054760085348606414,-1,Tidak Spesifik,0,kamar berantakan tanda depresi hmm iya jangan asal diagnosa masalahnya berantakan bukan gejala khas depresi capek sibuk kebiasaan stres bahkan preferensi pribadi jadi bukan kamarnya berantakan depresi lebih tepatnya kalau
2054758551609094177,-1,Tidak Spesifik,0,emg niat bunuh diri kali org wlw palang d tutup kalau mw lwt sdekat apa terdengar suaranya emg salah peg brtgs dpalng pintu lalai banget patut d sanksi
2054578968624566366,-1,Tidak Spesifik,0,pendukung palestina disaat hidupnya hancur trauma kasih dukungan buat orang beruntung aku jarang nangis ngeliat orang aku kenal personal kali aku mewek coy bunuh diri hebat
2054577484751163870,1,Masalah Keluarga,1,kau seorang janda tua jelek philipina depresi diceraikan suamimu menelantarkan anak sendiri perusak rumah seorang scammer sekarang kau bersembunyi kau sedang dicari seluruh philipina kau membayar atas semua perbuatan busukmu
2054570983013732389,-1,Tidak Spesifik,0,depresi jadi gila sih kalau gw hebat banget kuat sampe sekarang speak up
2054568348495773855,5,Lingkungan/Sosial,1,halal dibully sampe bunuh diri sih biarin ngurangin sampah
2054567326813696110,-1,Tidak Spesifik,0,ngestan wintang hari begini ibarat depresi thn
2054566937351643560,-1,Tidak Spesifik,0,the feminists are alright bagus dong langganan anti depresan berarti mau mengakui dirinya bermasalah mencari bantuan ngerepotin orang lagian jadi wni siapa depresi kamu bagian oligarki
2054566823530824024,-1,Tidak Spesifik,0,mau digantii keynes adam smith miltoj friedmen paulson bunuh diri semua at the end
2054563810049212846,-1,Tidak Spesifik,0,akibat tekanan ocha mengalami sulit tidur jadi pendiam tekanan mental berat bahkan sempat tanya kakaknya aku minta maaf bikin gaduh seorang remaja berani speak up malah jadi korban intimidasi
2054555585652437398,-1,Tidak Spesifik,0,untung nyebut udah lama gapake seragam terakhir msp pas jadi sound aku bunuh diri kayaknya kalau bilang gt
2054554401898147920,-1,Tidak Spesifik,0,mau idol bunuh diri jaminan berhenti membully pembully pembully memang cacat sananya egonya pernah kenyang sendiripun tau melakukan apa tenang
2054550239982518754,-1,Tidak Spesifik,0,aku ngerti sama komentarnya banyak hati jadi masa depresi orang baik mental mana semangat mengurus diri
2054549472315932987,-1,Tidak Spesifik,0,diulang adil korban mengalami tekanan mental lebih dibanding peserta lainnya
2054548426025783767,-1,Tidak Spesifik,0,depresi nyata sering kali tersembunyi rapi tanda depresi wajib kamu ketahui menjaga kesehatan mentalmu jangan tunggu terlambat peduli tonton video lengkapnya sini
2054547871421411770,1,Masalah Keluarga,1,iri banget sama adeku masa sekolahnya dipantau didampingi ibuku gasuka banget jadi anak trial and error anak pertama mana tau dlu smp aku terkucilkan gara benar benar bergaul terus depresi anjj nobody actually check on me back then they only care about my grades
2054545021563715594,4,Pekerjaan,1,kontrak kerja ku bali selesai aku kerja baru pulau jawa pas aku balik minta putus sama aku aku terlanjur terikat sama pas bali merasakan hancur depresi aku langsung memutuskan taubat
2054544771151253532,-1,Tidak Spesifik,0,anime arc episode bikin tekanan mental sampe bikin mau nonton
2054543567369200077,-1,Tidak Spesifik,0,kalau bundir sok sokan bersimpati menyesal yahahaha kata aku sukurin kamu selamanya hidup penyesalan minta maaf langsung orgnya
2054535725379690623,-1,Tidak Spesifik,0,iyaa jujur aku rada bangga sama psi sejauh bertahan mybe orang d posisi milih bundir
2054535126651163056,-1,Tidak Spesifik,0,choita one day ah maaf sepertinya aku salah orang masalah jujur aku merasa sepertinya pernah bertemu aku haha kalau bagaimana berkenalan aku choso kau yuuji itadori yuuji aku bunuh diri sekarang
2054342434898034825,6,Pemerintah,2,gambaran negara bikin rakyatnya depresi adek baru satu diantara jutaan warga jadi murung kebijakan kelakuan ketidaktahumaluan pejabat jajarannya
2054340200143483114,1,Masalah Keluarga,1,siapa bilang jepang negara beradab lihat orang tua nya telantarkan melakukan ingat jepang negara tertinggi bunuh diri nya pelaku bunuh diri orang muda umum nya jadi ajaran islam timur tengah orang tua rawat no bundir cuma konoha byk bunuh diri korban judol
2054332178813845897,6,Pemerintah,1,namanya media sosial depresi pantes sih mayoritas orang orang disini stres orang perfeksionis semua makin rakyatnya perfeksionis makin hancur negara
2054316853858877809,4,Pekerjaan,2,lelah nder semua capek kerja capek gonta ganti jobdesk suruh perbantuan dinilai kerjanya sepele pdhal handel bny jobdesk politik kantor lingkungan toxic manager asing asu haarrgghh sih normal ajaa
2054316189959266330,-1,Tidak Spesifik,0,nder jangan bundir terus kedua laporin pelakunya siapa jalan hidupmu panjang sayang
2054305847287886249,-1,Tidak Spesifik,0,depresi benar benar aku kayanya deh soalnya benar benar sange
2054296047393104306,-1,Tidak Spesifik,0,sakit hatii cok menit akhir kebobolan nya bunuh diri anjj
2054285993197650302,-1,Tidak Spesifik,0,kalau putus begini bunuh diri enaknya ngapain kak
2054280812812726541,-1,Tidak Spesifik,0,info no wa nya sini aku bikin depresi sekalian kesel gue
2054267889109106828,-1,Tidak Spesifik,0,c t m velkou podporu z ostatn ch t bor ob as i n kdo ze strany sparty slavie te ondra kania na ig co je v t depresi asi fajn poj me se o to poprat je t tam nejsme v ichni o v kendu na banik a pot na duklu
2054261518657544218,-1,Tidak Spesifik,0,aku kena hiv cowo fti n sekarang aku depresi total mau ngelakuin b nh d r disebut pelecehan bkn mau sama mau
2054239059841847763,-1,Tidak Spesifik,0,keinget ngomong gembira usah depresi gembira menyongsong masa depan masa depan siapa dlu nih
2054231992011735259,5,Lingkungan/Sosial,1,jujur cut off orang lingkungan toxic kenyamanan keamanan mental pribadi apa apa kok intropeksi diri knpa narik orng orng toxic dihidup ternyata knpa dilingkungan situ sisi cocok sadar its me aja
2054224082061963701,5,Lingkungan/Sosial,2,simplenya gini orang dibilang gangguan jiwa kalau merusak fungsionalitas kamu liat gay bekerja baik kok asal tekanan lingkungan dibully gay bandingin sama orang depresi mau bangun struggle gangguan jiwa
2054222692929474564,-1,Tidak Spesifik,0,marsma purn tni agung sasongkojati menilai langkah amerika serikat mulai membawa isu nuklir konflik iran tanda kebuntuan strategi bukannya menyelesaikan masalah ancaman nuklir justru dianggap rasional memicu efek domino berbahaya
2054221268099223990,2,Finansial,1,saran aku jangan post video gore kasus bunuh diri pokonya sensitif bahaya buat akun lo mungkin gampang naikin impresi imbasnya akun kamu kunci dahlah cari aman emang sulit emang nyari duit makin susah lo bilang akun kamu k lebih
2054220501334282681,-1,Tidak Spesifik,0,pernah nonton k bahas emg certain degree of optimistic delusional thinking perlu survival ternyata wkwkw keknya kaitannya sama hope purpose sperti kata viktor frankl orang depresi justru worldviewnya jauh lebih realistis sehat
2054209029342396876,-1,Tidak Spesifik,0,bunuh diri sono
2054205556324528253,-1,Tidak Spesifik,0,air terjun apa apa depresi apa kepleset lumut
2054201860685468152,-1,Tidak Spesifik,0,dulu aku press malah develop jadi depresi bertahun tahun hidup ekspektasi orang merugikan diri sendiri mending cut off orang orang nerima
2054067044581294344,5,Lingkungan/Sosial,1,wajar kan hemat budget penginapan serba salah cowok ngajak cewek travelling dicurigai modus mesum ngajak jalan sesama cowok dicurigai g y jalan sendirian dikira depresi punya temen
2054065413437506036,-1,Tidak Spesifik,0,biarin dulu liatin dulu penting beliau bunuh diri alhamdulillah kalau reda emosinya sana beliau bantu tenangin beliau
2054063563363533296,-1,Tidak Spesifik,0,aku beli funiculi funicula pas covid entah aku baca nyambung konek akhirnya aku break dulu pas depresi kemarin aku bawa bawa buat nunggu psikolog poli berhasil ayo buku selesai kataku era bacaan berubah orang berubah
2054063228557078761,-1,Tidak Spesifik,0,yap sender kelelahan parah psikolog bingung kalau disana ngapain biasanya orang kalau psikolog ngapain sih
2054063002375328008,-1,Tidak Spesifik,0,tadi liat akun sampe ngajakin cod sampe mau ngilangin nyawa orang segitu depresi nya gara gara bola padahal kalau kuat mending jangan buka sosmed
2054054541474377878,-1,Tidak Spesifik,0,kalau nyulik aku apa apa bgt takut banget rumah aku tiba tiba bunuh diri
2054051637984166248,1,Masalah Keluarga,2,bacot emak nyudutin si ibu keliatan banget orang depresi malah ditanya tanya mulu orang depresi kalau ditanya biasanya gatau mau jwb apa lgsg nangis awal didiagnosa depresi aku jwb apa pas ditanya dokter cuma nangis bilang kasian anak
2054047546625110047,-1,Tidak Spesifik,0,ahahaha asyeek suka quote penting impresi bikin depresi keren
2054047426886156428,2,Finansial,1,mungkin kalau benar benar trend massive dilakukan beli sembako bakal pake dollar venezuela mata uang lokal gaklaku sama bunuh diri masyarakat indo
2054047081552289858,-1,Tidak Spesifik,0,desah artinya depresi gelisah
2054046855475147136,-1,Tidak Spesifik,0,susah kalau sama orang kurang empati depresi tambah depresi
2054044786395664450,-1,Tidak Spesifik,0,disituasi sulit sekarang bakalan banyak nemuin orang tantrum depresi begini hidup sulit bertahan sakit kegencet keadaan berbagai macam teror susah
2054041661102317938,1,Masalah Keluarga,1,kan trauma urusan kamu kalau trauma boomer brengsek pantesan kalau anak muda depresi dibilang kurang ibadah pantesan kalau orang bunuh diri disumpahin masuk neraka
2054040592334856329,1,Masalah Keluarga,2,baby blues syndrome nyata diceramahi keluarga sendiri baby blues bukan ngada ngada manja lahiran reaksi emosional nyata dialami ibu baru tiba tiba gampang nangis ngerasa cukup baik cepat marah bahkan ngerasa
2054039909892239513,1,Masalah Keluarga,1,si ibu satunya malah menekan menyudutkan si ibu diduga mengalami baby blues harusnya dirangkul sama orang mau bundir dimarahin ngapain kamu mau bundir dosa sadar hei orang makin stressed mesti ditanya suaminya
2054039475739922846,-1,Tidak Spesifik,0,depresi usah minum sertraline ruqyah tempat
2054036652579025147,-1,Tidak Spesifik,0,makanya dikasih pin senyum kan artinya perlakuan baik ekstra sabar sedang depresi berat
2054033905515421978,-1,Tidak Spesifik,0,juri cowok cewek mc suruh bunuh diri nanggung malu seumur hidup merugikan orang
2053836157444915201,-1,Tidak Spesifik,0,bukan bunuh diri kan banyak cabang olahraga diciptakan dunia memilih olahraga olahraga ekstrim penuh resiko kehilangan nyawa salah satunya sepeda gunung ngik
2053831509703041516,-1,Tidak Spesifik,0,top sih segi visual sama vokal oke banget plus chemistry nya sampe bikin orang susah moveon depresi
2053831391738229229,-1,Tidak Spesifik,0,bursa kode vote rh hari alami depresi hingga angka vote tingginya offer pemegang kode vote pasca rilisnya instrumen baru membuat broker fanbase memutar otak menjaga pendistribusian selengkapnya
2053828255946568050,4,Pekerjaan,1,aku menepati janji resign congratulations on my successful action alias berani keluar lingkungan toxic
2053819099726348303,5,Lingkungan/Sosial,1,makanya banyak bunuh diri kejahatan terpaksa lingkungan banyak punya belas kasihan hati sesama manusia orang lebih banyak mementingkan diri sendiri ketimbang peduli sesama
2053817708949778843,-1,Tidak Spesifik,0,pedagang ngamuk merusak dagangan sendiri diduga depresi jakartaa sebuah momen merekam seorang pria tengah mengamuk hingga menghancurkan barang dagangannya kejadian terjadi depan smpn kalibata jakarta selatan sontak menuai sorotan
2053816454731182237,-1,Tidak Spesifik,0,depresi memang main main bahkan membuat seorang pengisi suara kehilangan suara nya
2053814424679612737,-1,Tidak Spesifik,0,kalau aku bunuh diri bakal peduli kali
2053814101655314807,-1,Tidak Spesifik,0,asal jgn bunuh diri
2053812301854060884,-1,Tidak Spesifik,0,ale hovno je to arogantn blb herec na pr k ch proti depresi to by jsme to chytli
2053811335880966622,4,Pekerjaan,1,dulu indonesia aku apply kerja melalui email puluhan kali hasilnya ditolak terus lulusan smk punya pengalaman punya koneksi pernah sampe depresi mikir gue berguna apa satu aku pegang teguh sekarang tuhan pernah telat
2053810695867945118,-1,Tidak Spesifik,0,sigoblok bunuh diri gih kamu gaguna bkin malu emak
2053810288890429469,6,Pemerintah,1,narasinya begini mulu depresi kalah suara pemilu ngebet banget ganti presiden jalur rusuh presiden menjabat lewat jalur rusuh dibalas rusuh
2053807373396091090,2,Finansial,1,kelelahan curhat mahal juta orang depresi lho puskesmas bali wajib punya psikolog berobat murah kamu ngerasa urgent kan mentalhealth
2053805367264784616,-1,Tidak Spesifik,0,wni banyak bunuh diri
2053805150024646828,1,Masalah Keluarga,1,sekarang mikir begini jg kmrn hidup bertahun gonjang ganjing stress depresi sekarang alhamdulillah hidup mulai tenang nyaman mulai terima dulu sekarang tiap solat berdoa allah berikan kenyamanan hidup kpd hamba anak hamba selamanya dunia akhirat
2053793611683365256,-1,Tidak Spesifik,0,plot twist banget kasus bunuh diri alfamart sukabumi ternyata judol netijen emng maha benar
2053792457020833983,1,Masalah Keluarga,1,kondisi ibu video bukan baby blues kondisi lebih berat tahap depresi postpartum seorang ibu merasa mampu mengurus bayi kehilangan minat bayinya ditahap si ibu butuh bantuan pengobatan
2053791609716867376,4,Pekerjaan,1,salam madani menamatkan era doktor kontrak langkah pertama terapi bukan penyelesaian muktamad akui beban kerja berat tekanan mental membelenggui petugas kesihatan sedang perbaikki sistem lebih prihatin mengangkat digniti maruah
2053788234510143858,3,Percintaan,1,ekhm tepuk mic jadi sara mikey baji ntu besti kicik cuma emang sara ndak join geng gengan gitu habistu sara baji pacaran terus baji meninggoy lalu sara sempet depresi pacar baji ntu sahabatnya oi makanya lore sara penuh warning
2053787822260453779,-1,Tidak Spesifik,0,kayaknya fase depresi aku
2053775699165765905,-1,Tidak Spesifik,0,fun fact apa terjadi bison semisal companionnya mati duluan starve to death bundir depresi kabur ngilang balik air temple bison terbang konsepnya camaraderie bahkan bisonnya avatar yangchen rela mati melindungi yangchen
2053770859043762507,-1,Tidak Spesifik,0,hi guys mau cerita sedikit tentangku aku seorang dewasa memiliki diagnosa dugaan gangguan psikologis adhd gangguan kecemasan depresi dugaan bipolar
2053762040930742681,-1,Tidak Spesifik,0,jgn lah aku makin depresi
2053759989043667313,-1,Tidak Spesifik,0,saigo no hi aku cosplay saigo bunuh diri tempat gt lt
2053752667198071102,-1,Tidak Spesifik,0,depresi
2053750218483806412,3,Percintaan,1,kesebut kata putus bilang cinta gimana ayo langsung aja siap merayakan si f menghilang radar lingkungan toxic sejalan sama omongan pak hari sabar
2053750131351257279,-1,Tidak Spesifik,0,sekarang aku tau mixxiw sama khaotung ditaruh satu series depresi
2053740808634081454,1,Masalah Keluarga,1,anak kandung tega h bisi nyawa ibunya sedang terlelap tidur pukul b tu cobek pekalongan tarsimi seorang janda warga kelurahan poncol gang gotong royong rt rw no kecamatan pekalongan timur kota pekalongan tewas tragis ditangan anak kandung
2053728938942427228,-1,Tidak Spesifik,0,jikook ngasih momen seuprit begini banyak monyet kepanasan ciuman panggung bunuh diri masal
2053724756680310987,-1,Tidak Spesifik,0,seandainya orang punya belas kasih jauh lebih banyak mungkin orang orang sedang berada zona lelah keadaan melakukan bundir terimakasih orang baik respek
2053724268178121124,-1,Tidak Spesifik,0,tahap depresi mah slogan to the next level gaungkan statment jakarta atas bandung segala galanya ketuanya katakan hanyalah bullshit belaka you fucking wanker
2053716831568028051,-1,Tidak Spesifik,0,penyakit gangguan jiwa pantesan angka bunuh diri tinggi kalian kalian anggap gangguan jiwa sangat buruk lgbt psikologi bukan penyakit well what do i expect kalian kan penindas ableist moots free block list
2053706174038753379,-1,Tidak Spesifik,0,eh pas sih candle ngelakuin crimson ritual ngebuat rambut berubah jadi putih depresi berat bunuh twins sendiri sesuai lore fatal frame aslinya akwakw au candle aslinya black hair trauma jadi white hair
2053702324552601696,-1,Tidak Spesifik,0,hari senin bawaannya depresi anjrit
2053686531152609491,-1,Tidak Spesifik,0,pantes bunuh diri
2053684520608747692,1,Masalah Keluarga,1,wtf anak umur tahun ampe diagnosis kena depresi sama bipolar gila orang jing
2053680610850595030,-1,Tidak Spesifik,0,takut kylen bunuh diri beneran mau sekuat apa mau hidup kalau dirasa cobaannya makin berat jadi ttp dilakuin sensitif hamil banyak tekanan dmn dmn walaupun el menutup kemungkinan so jee bare with me buat happy happy plis
2053672153388834940,3,Percintaan,1,kalian kalau punya pasangan tmn fans mu sekaligus fans persija mending jauhin sekarang soalnya emosinya kontrol tktnya bundir
2053670822397792630,-1,Tidak Spesifik,0,gapernah kasian sama orang bunuh diri gara judol
2053664268227396052,-1,Tidak Spesifik,0,emang dulu problematik inget betul pas kasus bullying ppds ampe bunuh diri semarang sesama dokter malah bungkam ngejoke
2053656826433118373,-1,Tidak Spesifik,0,dulu aku mulai nulis satu au ppw membekas banget sayangnya dihapus sama authornya au selesai ceritanya pond penulis kelelahan parah hiatus lama hidupnya berantakan pemasukan penampilannya terurus
2053651665333690395,4,Pekerjaan,2,juta gede loh kak aku guru honorer gajih cuman k bersyukur walaupun mental financially burnout kerja sana sini tetep menutupi kehidupan iri banget sama orang gajih juta bagaimana
2053646796413685932,-1,Tidak Spesifik,0,kelelahan banget kayaknya semua semoga bahagia sehat selalu buat kalian jangan lupa mamam enak istirahat cukup ikut sedih sekaligus kepikiran aku kalau begini selalu kuusahakan kesuksesan bareng kalian sur mangkanya terus bahagia bareng aku
2053638316805992881,-1,Tidak Spesifik,0,plis bunuh diri judol bukan ceweknya pernikahan mewah jangan giring opini dong
2053630355677327563,-1,Tidak Spesifik,0,uninstalling r s and installing cs instead bro makin tambah depresi
2053629068336370168,-1,Tidak Spesifik,0,faktor psikologi anxiety kecemasan depresi sering dialami wanita faktor hormonal estrogen usia menopause berkurang esophagus kerongkongan lebih rentan menipis kena asam lambung faktor resiko lainnya merokok konsumsi alkohol
2053627104877748705,-1,Tidak Spesifik,0,kalau cewe jadi bunuh diri amit gara gara reputasinya jadi rusak jadi salah kamu mana tau salah mau gara engagement nya besar akun cenblu ati
2053622858677686550,2,Finansial,1,cowoknya tolol tukang judol playing victim pihak perempuan asli deh kalau dirunut sebenarnya pihak perempuan banyak disalahkan sepihak sama cowok cemen satu bunuh diri bukan tekanan pihak wanita dikejar hutang tolol
2053616903126655152,-1,Tidak Spesifik,0,tiap hari berita bunuh diri
2053591843137605774,3,Percintaan,1,seremnya judol manipulasi psikologis pas menang dikasih high luar biasa pas kalah bikin stres depresi punya rencana nikah tekanan jadi berkali kali lipat turut prihatin pihak perempuan semoga
2053590405963481092,1,Masalah Keluarga,1,obatnya bukan bikin gendut meregulasi kadar zat berpengaruh kalau stres or depresi kan seimbang nah dibantu obat jadi better nafsu makan nambah gitu paling kendaliin cemal cemil ajak suami nemuin dokter jg tau kondisimu mana
2053568841096069426,-1,Tidak Spesifik,0,a ze ten umi vylecit kdejakou depresi ale jinak jo rekl bych ze laicky se to da chapat zminena aktivizace muze fungovat i u te chemicke jde spise o stupen lehkou chemickou taky rozhybem u tezke stuporozni si neskrtnem at uz ji spustilo cokoliv
2053568054613655707,-1,Tidak Spesifik,0,m v c tady d v te tyto posty t m v c jsem v depresi
2053564767264997629,-1,Tidak Spesifik,0,bav m se moc kdo nikdy nep emohl depresi t m e si el zab hat a hod kamenem d d
2053553203904659616,1,Masalah Keluarga,1,kak menyiksa bgtt aku dipaksa melakukannya kalau mau bakal dipukulin sampe aku berkali mencoba bunuh diri aku nyaman akhirnya orang tua aku sadar minta maaf aku
2053466084817477861,5,Lingkungan/Sosial,1,mungkin dulu korban teman korban berani speak up kalau si vtuber punya massa militan jadi senjata makan tuan korbannya lebih stress lebih depresi kalau diserang sama fans
2053464451463184778,3,Percintaan,1,menang judol taunya malah habis astaga aku putus asa bagaimana rumah dibayarnya tgl jadi sekarang dibayar jt sumpah masa aku bunuh diri gara gara mana mau nikah bulan oktober sumpah aku bohong bakal dicicil kalau
2053454609499455653,5,Lingkungan/Sosial,1,ah tau lah teman teman lelah lelah banget sama disabilitas tampak namanya adhd depresi sumpah ngalamin malah banyak bacott banget kekeuh punya disabilitas apa seakan masalah selesai kalau lebih keras berusaha dekat sama tuhan
2053451096400777484,3,Percintaan,1,kak miris baru berita laki laki bunuh diri gagal menikah batal perkara mahar makanya ngetwit mempertanyakan fenomena mahar setinggi langit bahkan sesuai kemampuan pasangan jadi bahas
2053450771975557372,-1,Tidak Spesifik,0,kayanya jadi wni one of the reason aku depresi deh too much bad news cerna tiap hari bikin exhausted
2053450228951601246,-1,Tidak Spesifik,0,normal sih orang selalu tidur siang jam orang depresi rasaku
2053447291189743865,-1,Tidak Spesifik,0,pelajaran buat cowo kalau mau judol ngekuin bodoh kalau mau bunuh diri usah ngerepotin org pede banget ngataim si cewe padahak salah cowonya astaga
2053444951480910090,-1,Tidak Spesifik,0,je p irozen z stat chvilku st t na m st a taky si chv li u vat depresi abychom v d li jakou cestou j t d l ide ln je kdy vedle sebe m te n koho kdo v m m e pomoct se v tom vyznat a ct hele u s t m n co ud lej ta pomoc by podle m m la p ij t ve chv li
2053443960128037000,-1,Tidak Spesifik,0,difoto chat si cewe cowonya guyss si cowo judol pinjol makanya bunuh diri
2053440619725668665,-1,Tidak Spesifik,0,keliatan happy luar bhkn kadang orang sendiri ngerasa depresi jadi sbnrny puny depresi cma sadar aja apalgi kalau cm nontonin sinet puny durasi tayang screentime ny terbatas terus puluhan orang lainny mau ngarepin apa sinet
2053436661783306244,-1,Tidak Spesifik,0,tadi pagi masalah kepikiran bundir siangnya skitar jm an sempet kesetrum charger laptop mana kabelnya susah lepas tangan teriak keluar suaranya simulasi banget habis takut minta maaf sama allah swt
2053431760470605920,5,Lingkungan/Sosial,1,menyendiri salah satu tanda berbahaya depresi suka mengasingkan diri padahal sebenarnya teman mengajak ngobrol mau kalau terlalu lama menyendiri mulai membuat seseorang mendengar suara suara mulai
2053431683324764183,-1,Tidak Spesifik,0,aku nonton spoke newest uu berasa depresi banget
2053430398911426578,-1,Tidak Spesifik,0,seorang wanita bernama noah vincent melakukan eksperimen bagaimana rasanya hidup menjadi pria saking kuatnya bundir jadi kalau pria dewasa hidup ajal menjemput berikanlah apresiasi bunuh diri tengah jalan
2053430203523924282,-1,Tidak Spesifik,0,tanda sebenarnya mengalami depresi menyadarinya tanda paling berbahaya
2053426649513988189,-1,Tidak Spesifik,0,jgn berbelit belitlah jadi penyebab alm bunuh diri apa salah paham
2053424412083589581,-1,Tidak Spesifik,0,rekomendasi biasanya dokter sarankan pemeriksaan obgyn buat memastikan benar vaginismus kondisi pemeriksaannya pelan nyaman bukan dipaksa terapi pelvic floor fisioterapi dasar panggul salah satu paling membantu pasien
2053423419274956827,-1,Tidak Spesifik,0,currently reading the calamity club kathryn stockett halaman historical fiction spiegel grau tengah depresi kemiskinan tatanan sosial mencekik tiga perempuan nekat merumuskan satu rencana merebut kontrol atas
2053412027562106991,1,Masalah Keluarga,1,aku tetangga resek aku tinggal perumahan subsidi sebelah rumahku sepasang kakek nenek tinggal cm berdua anaknya merantau semua kalau aku denger suara rmhnya sunyi harian aku chat ibuu ibu dirumah ibu sehat depan sebrang rumah ku
2053353553134334236,4,Pekerjaan,1,kasian punya alfamart kerja disitu kalau begini org bakal milih belanja alfa masyarakat kental kepercayaan tempat angker bekas bunuh diri
2053345336324977037,-1,Tidak Spesifik,0,sepengalamanku pernah hampir x niat sih dipikiranku jalan flashback aku selalu ingat ayat membuatku melihat banyak jalan mungkin punya pondasi bukan akhir banyak jalan entah
2053344583858491627,3,Percintaan,1,bro banyak memek diluar sana ngapain bundir cari dapett cuma modelan dipasar banyakk intinya jadi cowo bodoamat kalau kamu mau sama aku yaa bodoamat aku cari gampang kan gampang bgt intinya jangan terlalu cinta
2053344535112224995,1,Masalah Keluarga,1,masuk logikanya kalau tau penghasilan si laki sekian terus dipaksa mesti memenuhi keinginan bahkan bukan kebutuhan keluarga besar jgn sampe si laki gelap mata akhirnya pinjol judol korupsi bahkan bundir ukur diri sendiri pasangan jgn ngelunjak
2053336484930011184,3,Percintaan,2,lah aneh ngapain bunuh diri batalin nikah nya bilang sorry cari sana ceo kasian kan ortunya ditinggal padahal gedein kecil eh malah bunuh diri
2053333637924638770,-1,Tidak Spesifik,0,jadi bunuh diri kak
2053333634921468101,-1,Tidak Spesifik,0,mati bunuh diri gaditerima sisi nya langsung jeblosin neraka
2053329394589143513,-1,Tidak Spesifik,0,paling menyeramkan depresi hidupmu tetap berjalan normal jiwamu perlahan mati rasa
2053317555822154017,0,Tekanan Akademik,1,jangan nyalahin ceweknya ceweknya alumni sekolahku aku satu sekolah sama si cowok sedaerah penyebabnya bukan gitu duh gusti reda fb malah dibawa x kabar burung bunuh diri bukan si cewek
2053314524065955978,-1,Tidak Spesifik,0,indikator keberhasilan ngobrol sama orgtua kalau depresi kurang iman pas denger berita orang depresi teh berarti hormon saraf otaknya gaseimbang bangga banget gwej no more orang kolot judgers mania ntuh
2053311079451898091,-1,Tidak Spesifik,0,masalah ginian meski akhiri bundir
2053309623822868526,3,Percintaan,1,bro semua nikah gagal nikah jadi akhir bro kamu punya masa depan bahagia selama kamu dikasih hidup jadi kalau doi keluarganya memberatkan lepas aja masa depan harapan kesempatan perlu bunuh diri
2053308449530810495,4,Pekerjaan,1,ciri kelelahan kerja cara mengatasinya psikolog
2053305654375510398,2,Finansial,1,worth it bang bunuh diri padahal enakan jomblo liat ufc minggu pagi perlu cari side job waktu senggang kata koes plus hati senang walaupun punya uang
2053302846783914029,-1,Tidak Spesifik,0,secapek aqeela acting jadi orang depresi malah jadi badut anjj
2053297390581600720,-1,Tidak Spesifik,0,vampire au dmn dodit vampir terus azriel pekerja korporat depresi trrus dtg tiap malam jumat klewon tempat pak vampir buat kasih bunga darah buat penjamuan lowk bosen tbh based on lagu lust for vampyr by i monster
2053293945325830355,-1,Tidak Spesifik,0,penelitian beberapa taun terakir gut microbiome banyak menjawab fenomena gini tema menarik buat dipelajari sampe memungkinkan jawaban orang depresi makanannya
2053284820181241914,4,Pekerjaan,1,pekerja china kerja alias jam hari seminggu sebagian orang indonesia malah bilang pantesan china maju pagi malam hari gila sih literally tidur libur bukan kerja keras perbudakan modern dikemas jadi motivasi
2053279432316784985,-1,Tidak Spesifik,0,lbh kasian punya bangunan buat dipake bunuh diri lama ngebekas nya malah ilang ceritanya aura nya
2053271436404600981,-1,Tidak Spesifik,0,eh sumpah kamu jahatt bangett anjir menyukurin orang depresi buat belain orang tau kamu idup kagak kamu loh belain kamu bela dragging disability orang gini ableist lu punya empati gws
2053271047168725378,-1,Tidak Spesifik,0,tanda depresi bangun terlambat melewatkan sarapan apa lucu sebelumnya terasa lucu pertama lakukan bangun pagi hari mengambil ponsel kurangnya konsentrasi kebiasaan melupakan
2053267091973919130,1,Masalah Keluarga,2,kehidupan nyata bapak nya solar termasuk hebat istrinya depresi pulang kerja rumah berantakan anak nangis tenang lembut bahkan rela beresin nemenin sun main pergi ngerasa sun pengn bahagia jadi solar loveyouteacherseriesep
2053264198776582636,3,Percintaan,1,allah selesai menulis ceritamu jadi gini kalau dulu diterima situ mungkin hidup hancur sekarang pernah sih kamu mikir gitu dulu kamu nangis ditolak dipecat ditinggal gagal total eh pas dilihat justru
2053240113564614712,4,Pekerjaan,2,benar bang banyak orang kuat kerja keras lembur bahkan gaji pas pasan dijalanin kalau tiap hari kerja tekanan takut salah dihargai lingkungan toxic pelan pelan nguras mental lelah fisik hilang istirahat
2053210072361123865,-1,Tidak Spesifik,0,tuhle depresi u nikdy film ur it dobr ale moje no n m ra na hodn dlouho
2053202175929487385,-1,Tidak Spesifik,0,tohle mohla b t nejkr sn j v hra v derby v ech dob v deseti v boji o titul a lm slavit p ed poko en m rivalem obrovsk z itek zni en jsem v depresi
2053190115728687377,5,Lingkungan/Sosial,1,seseorang sedang mengalami kecemasan depresi sering kali hidup saling bertabrakan takut lelah produktif memperbaiki hidup tubuh pikirannya kehilangan tenaga memulai punya teman cerita
2053179466969391324,-1,Tidak Spesifik,0,khau hkau adakah rekomendasi au ceritanya angst angstnya hk kh sebaliknya benar benar losing him would mean losing everything kalau misal putus bunuh diri
2053170885083967517,-1,Tidak Spesifik,0,seberat apapun hidupmu jgn smpe kepikiran bunuh diri rekk aku selamat tahun
2053165840800027083,-1,Tidak Spesifik,0,eh kocak depresi mah jelas kepribadian baru maksud aku kurleb kayak gangguan identitas disosiatif did memisahkan diri disosiasi kesadaran buat bertahan hidup akhirnya ngebentuk kepribadian alternatif alter aku sering cosplay maksain nugas
2053162143818920353,0,Tekanan Akademik,1,aku kuliah dlm keadaan depresi kerja kuliah salah jurusan hidup sampe sekarang bersukur banget
2053153649808003159,-1,Tidak Spesifik,0,harusnya perbandingan perlu seinget aku kayaknya waktu era academy bandingin gen academy sama gen academy sampe berujung tekanan mental
2053147638879699035,-1,Tidak Spesifik,0,kisah nyata kalimantan barat dulu hampir dekade lalu orang punya kebun karet orang kampung bahagia banget harga karet k kg petani semangat nderes motong nya semenjak jokowow menjabat harga karet drop gila gilaan tadinya k drop
2053143349830496318,-1,Tidak Spesifik,0,cpt entotin aku sekarang kalau aku bunuh diri
2053130804138787202,-1,Tidak Spesifik,0,sepanjang akhir tahun awal tahun aku kelelahan banget rasanya benar benar menghilang semua orang ngelakuin apa apa rasanya berat nyaman selalu lelah meskipun istirahat cukup bahkan bangun tidur rasanya lelah
2053124409628717120,1,Masalah Keluarga,1,sedikit nostalgia tidur pertama kali dikasih komik sama sodara pas umur tahunan aku inget banget dikasih buat hiburan alm papaku meninggal waktu aku setahunan dioper sodara mamaku beliau sanggup rawat anak kondisi depresi
2053123726556967035,-1,Tidak Spesifik,0,jadi depresi jir bkn kepribadian baru
2053122860890402964,-1,Tidak Spesifik,0,ternyata orang mau bunuh diri bukan punya masalah dulu yah
2053119728248623180,0,Tekanan Akademik,1,wkwk iya pernah nemenin orang depresi sekarang jadian sama temen kampus aku pernah nemenin orang semrawut pinjol sekarang orangnya s pernah nemenin orang gaji cmn rb sekarang gaji jt lah gw nyembuhin aku anjayy
2053119361700053420,-1,Tidak Spesifik,0,shh sialaann mulaii dehh tolongg jangan sama dd omg aku depresi
2053115664630735299,2,Finansial,1,kemungkinan cari lahan murah pinggir jurang mempercepat kemaatian bunuh diri petugas kdmp koperasi bangkrut
2053109786569474504,-1,Tidak Spesifik,0,wakakakakkaa gajadi depresi jadi wakakakakakakkakakakakakakam perfectcrownep
2053108685413749142,-1,Tidak Spesifik,0,bukan sender aku coba semua kak haha yah nikmatin ajasi keknya depresi tahap awal
2053105919563874757,-1,Tidak Spesifik,0,aku ngerasa jadi orang jahat abis liat komen wah ternyata lebih jahat aku banyak wkwk sampe hati aku ngatain or nyumpahin orang bundir menormalisasikan sih kalau bilang baik better usah sekalian
2053104894949937586,-1,Tidak Spesifik,0,dukung bunuh diri samsek kok aku nyesek liat orang komen begini ternyata lebih jahat dripada aku wkwkw komen wajib kok bukan masukan bunuh diri emng masuk akal rasa sakit hati orang dipahami semoga hatimu lebih lembut yaa
2053103557700964483,1,Masalah Keluarga,1,komen opsional btw menormalisasikan bunuh diri sih cuma mau bilang kalau sekedar ngomong jujur anak tk bedanya orang dewasa tau tmpt kapan ngomong kapan keep semoga semua tetep warass haha
2053100321921188123,1,Masalah Keluarga,3,orang tua hidup tekanan finansial kronis akhirnya lebih mudah lelah batin emosi meledak depresi akhirnya konflik rumah tangga ortunya cerai anak ikut kakek nenek kehilangan identitas diri ah ambyar
2053099794823008448,-1,Tidak Spesifik,0,orang kondisi normal begini kak kalau orang stress capek burn out bahkan depresi pikirannya beda sama kondisi sebelumnya mgkin kakaknya aneh sama
2053094415141593351,-1,Tidak Spesifik,0,scene epic awal depresi percuma skrang penyelesaian cuma kyak tadi
2053093120313807325,-1,Tidak Spesifik,0,konteksnya chat sama pacarnya daerah sama kemudian chatnya dibuka publik bundir jadi chat pacaranya bukan buat konsumsi indonesia
2053092736887324862,-1,Tidak Spesifik,0,mangkanya jangan bunuh diri menua ngik
2053091990779384110,-1,Tidak Spesifik,0,realita spt sebenarnya banyak terjadi rerata lelaki bercerita bahkan menulis keluh kesah jadi kebanyakan dipendam sendiri fakta jg orang bunuh diri kebanyakan laki berat memendam beban hidupnya
2053090684077572406,-1,Tidak Spesifik,0,innalillahi wa innailaihi rojiun maaf sebelumnya yakk real sihh ekspek bunuh diri rolling door
2053090512094273704,2,Finansial,1,banyak datang curhat bahkan rumah tangerang sempat merawat kawan dikatakan depresi berat banyak nya biaya keluar jauh ekspetasi bahkan salah satu mantan exco pssi curhat
2053084224991945008,-1,Tidak Spesifik,0,main bunuh diri
2053071230513901808,3,Percintaan,1,bongkar rahasia kelam mantan guru al el ungkap tekanan mental terbayangkan sekarang gila alhamdulillah
2053070577758585267,1,Masalah Keluarga,1,laki laki bercerita tau tau bundir dlu aku stres mikirin bagaimana caranya cukup duit bulanan jt dipake bayar sisa buat makan sebulan ngeluh suami malah berantem ngadu mertua malah dibilang boros
2053067782460469433,1,Masalah Keluarga,1,aku sd sama sama diperkosa ampe hamil umur sekecil rame hampir mati videonya disebar berapa kali mau bunuh diri mah keitung mana bapak dl selingkuh aku jadi misandrist gini kalau trauma berobat neng bukan jadi misandrist
2053063636407799838,-1,Tidak Spesifik,0,ngremehin pas cowok dilecehkan cowok ngrendahin pas cowok bundir cowok ngegampangin luka psikis cowok cowok disalahin cewek
2053061699595304976,0,Tekanan Akademik,1,jends aku fikes kelelahan banget menghadapi uts aku belajar materi ngerasa aku mampu buat ngerjain uts nya aku takut ipk turun takut cumlaude takut ngecewain orang tua materi matkul fikes banyak banget satu pertemuan lebih ppt
2053059650292158845,4,Pekerjaan,1,dimarahin awalmya terima makin kesini lah bodo sangat bertahan hidup prinsipnya kerja gajian pulang kalau sekiranya kuat cut off lingkungan toxic
2053059502849896766,-1,Tidak Spesifik,0,tingkah nya kurang bahagia sering banget ngelantur kontennya kemarin malah mau bunuh diri terus pamit terus balik problematik banget
2053057557917515840,0,Tekanan Akademik,1,komennya stres sok sokan simpati klok idol bunuh diri nyalahin knetz padhl sendirinya beda jauh bangga jadi fans indo alah tai leding ngehate gg jadi makanan sehari hari ketikannya sekolah moral apaan mental bully iya
2053054485883425013,5,Lingkungan/Sosial,1,girl to girl jangan bertahan lingkungan toxic
2053054012703076617,3,Percintaan,1,tolol padahal tgl diputusin ato menghilang kelar masalah ngapain si kamu hnya lobang malah bundir muda umur pnjang kamu idup ngebujang masalah
2053051297566470632,-1,Tidak Spesifik,0,tom saunders solusi lemahnya public speaking bob paisley tom saunders nama mungkin cukup terkenal perjalanan sejarah liverpool bob melanjutkan tongkat kepemimpinan bill media sangat menyoroti bagaimana lfc pasca shankly siap siap cari celah
2053048336056480174,5,Lingkungan/Sosial,1,memilih pergi lingkungan toxic seringkali jauh lebih sulit dibayangkan orang mungkin banyak dipikirkan pak yanto ninggalin istrinya toxic
2053034109367472177,0,Tekanan Akademik,1,depresi banget aku kuliah nyari penyakit anjrit
2053033609418907749,2,Finansial,1,benar mas langsung cowo korban patriarki stigma masyarakat mengharuskan cowo jadi superior pemegang kendali ekonomi kewajiban provide padahal mah sama manusia umumnya stress depresi semua cowo setuju patriarki
2053026296792572321,-1,Tidak Spesifik,0,point nya bener kalau orang sejak awal ud stage bahagia nerima dirinya sendiri case bunuh diri kdg org menggantungkan kebahagiaan dy orang psgnnya cthnya makanya bgitu orang pergi mreka goyah
2053024047248925130,-1,Tidak Spesifik,0,betul dok ter diagnosa cptsd gangguan kecemasan depresi umur tahun terakhir ikut psikoterapi pendekatan brain plasticity psikolog s bidang neuropsikologi biopsikologi rs melinda jujur lelah
2053017393753211365,3,Percintaan,2,plis lah kalian manusia nggk cewe nggk cowo jangan terlalu mengharapkan manusia anggap ujian kalau kalian terlaku cinta mati bunuh diri mending nggk usah nikah kalau masalah cerita sama orang terdekat jangan pendam sendiri mulu
2053007729015583018,-1,Tidak Spesifik,0,babak ketiga berisi tekanan mental adegan mungkin mengganggu harapkan bijak membaca
2053007485254914103,-1,Tidak Spesifik,0,anjing ngerasain taik rasanya kehilangan curiga aku pas kehilangan depresi berakhir katakan ah cupu menjadikan kematian bercandaan padahal sesek napas dikit mikir mikir kmn mna
2053006065332265461,-1,Tidak Spesifik,0,terima kasih kuat sampe detik apapun masalah dtg tiba hadapi hidup kegilaan alhamdulillah perlu smp bunuh diri hajar terus kenyataan hidup
2053005973460263117,-1,Tidak Spesifik,0,kemarin bunuh diri kediri disalahin istrinya kok bg wkwkwk kan nyalahin cowonya cowo sendiri
2053000566180343903,2,Finansial,1,yakin kalah judol kalau cm gegara kuat biaya nikah sampe kepikiran bundir kalau modal nikahlo kamu mainin judol terus kalah abis semua calon ngamuk kamu ngerasa da hargany dunia sesaat kalah judol kamu depresi bndir
2052996563967107189,5,Lingkungan/Sosial,1,kurus bukan kekurangan makan lebih tekanan mental balas budi junjungannya besarkan selama teman dekat waktu sekolahan dulu nyaris lupakan begitulah kira kalau orang terlanjur tersandera
2052995363590848570,3,Percintaan,2,iya woi jgn aji mumpung liat kemampuan pasangan berita tadi pegawai alfamart bunuh diri pusing mikirin biaya nikah
2052837186907910189,-1,Tidak Spesifik,0,psikolog nder kamu tanda depresi kalau semua dianggap negatif bahaya
2052812584160743464,-1,Tidak Spesifik,0,kamu bunuh diri sana
2052769008177623543,4,Pekerjaan,1,unemployed sama njiers kerja kerja sama sama bikin depresi
2052766132772471104,-1,Tidak Spesifik,0,aku lgsg ngomong si butuh rujukan psikiater soalnya belakangan merasa depresi kegiatan fokus gampang cemas perasaan mati gituu
2052752442929156140,5,Lingkungan/Sosial,1,apa pikirkan melakukan bukankah vtuber graduate akunnya dimainin merusak karakternya btw jadi melakukan bukankah wajar punya masalah merasa kesepian malah depresi
2052743861680881819,-1,Tidak Spesifik,0,moveonnya butuh taun main sosmed sama sekali cuma kamar bangun tidur nangis makan nangis depresi se depresi depresinya akhirnya sembuh ngedorong diri sendiri kalau gaboleh stuck disitu situ hehehe
2052742661308834165,-1,Tidak Spesifik,0,aku selalu membanggakan seluruh momen confession karakter aku aliass desperate time desperate measure brilek pas deeptalk besoknya mau perang jesslucy pas lucy mau bundir sergio lihat sendiri aoewfoakfekawokefoawkoefkaoewkf
2052742573341725062,-1,Tidak Spesifik,0,jadi wni bunuh diri masal taat agama pooll
2052738708294848775,-1,Tidak Spesifik,0,ingat gol hantu paling kontroversial bundesliga mana bola masuk lewat lubang samping jaring nah tepat tanggal mei stefan kie ling striker bayer leverkusen resmi meminta maaf terbuka banding hoffenheim ditolak mentah mentah
2052733792205631982,-1,Tidak Spesifik,0,jangan bunuh diri bang bukan nihilist
2052726827500917200,-1,Tidak Spesifik,0,sia sia membuat aku depresi
2052725931127820448,-1,Tidak Spesifik,0,davina dibikin trigger sama rian mending novan dibikin depresi rian terikatjanjiep
2052710376232636899,5,Lingkungan/Sosial,1,ngerti mana dm in cast maksa klarifikasi soal lingkungan toxic ngaku ngaku fans trila suka ngompor ngomporin mending ngaku deh gila kali ditabrakin mulu fans trila sama tim bcw
2052695232664494333,5,Lingkungan/Sosial,1,dibilang lingkungan toxic gaterima terus maunya disebut apa lingkungan se isi sendiri begini kan cara mainnya
2052687920948195695,5,Lingkungan/Sosial,1,padahal protes soal lingkungan toxic sendiri akhirnya membenarkan tsb
2052686177065644350,5,Lingkungan/Sosial,1,dibilang lingkungan toxic marah crewnya sendiri ditegur komen mancing huru hara kya gini crew punya waktu luang buat komen giring opini giliran protes alur tutup mata suka bingung sama sinetron
2052680917538488479,-1,Tidak Spesifik,0,buat nanya sih obat batuk musti pake zat turunan morfin dxm obat sebenernya harusnya khusus batuk kering aja batuk bangkong kalau kata boomer dulu emang apa bedanya sama batuk berdahak jadi batuk reflek tubuh
2052665000108724482,-1,Tidak Spesifik,0,post review glow up is real sbnrnya bikin depresi review
2052443749452853433,-1,Tidak Spesifik,0,kamu kali depresi kocak
2052443145661800493,0,Tekanan Akademik,1,cm ges ku anak dkv bab isinya bikin perancangan semua sender kelelahan banget yakin bakal kelar semua waktu setengah bulan ku takut banget ngulang semester semuanya berasa kesempet bikin
2052424865471406461,5,Lingkungan/Sosial,1,scorpio butuh pendamping cuman butuh teman cerita jadi stop menaruh rasa
2052423527551430658,-1,Tidak Spesifik,0,alasan aku semangat ngonten studio one alasan aku depresi studio one
2052413273975161191,0,Tekanan Akademik,1,pagi traunstein jerman orang bunuh diri petak jalan traunstein rosenheim semua kereta mengarah tiba diberhentikan temen kuliah telat balik arah bila sop diterapkan kecelakaan pertama green sm mungkin plh bkst terhindarkan
2052408945273434343,-1,Tidak Spesifik,0,hari berlalu sertu mb oknum tni kendari hingga kini menjadi buron diduga mencabuli siswi sd merupakan kerabatnya sendiri terduga pelaku kabur menjalani pemeriksaan kodim kendari april dalih mencari makan
2052405282723319867,0,Tekanan Akademik,2,bisanya bilang orang depresi cuma malas niat kuliah deym kaget ternyata mahasiswa jaman sekarang pikirannya kuno
2052404763942420491,0,Tekanan Akademik,1,ramai mahasiswa israel depresi hingga akhiri hidup gegara perang
2052402923137835090,-1,Tidak Spesifik,0,kamu kali depresi mbak wkwkwkwk
2052402334769307684,-1,Tidak Spesifik,0,apasih orang having fun joget kok dibilang depresi pernah me time kamu
2052399138332160121,-1,Tidak Spesifik,0,depresi kan kalian bude
2052398556057874436,-1,Tidak Spesifik,0,depresi apaan segini mah normal kalau mba nya ngikutin live baekhyun nya apa tambah shock jumpalitan d sofa random pilates tbtb ngedj tbtb konser
2052393680896745587,-1,Tidak Spesifik,0,trauma rp paling parah dulu couplelan sama orang dads banyak couple acc berbeda terus drama bunuh diri akun banyak banget aku jadi was was ngeri tiba tiba balik ganggu aku
2052392863527514475,-1,Tidak Spesifik,0,kelelahan banget
2052391105942168015,-1,Tidak Spesifik,0,sisa sisa depresi pandemi covid kali mau dihantam pandemi lah yaa aman kan yaa allah
2052383617264001302,1,Masalah Keluarga,1,jujur iya kemarin anak tetangga gejalanya mengarah depresi fase skripsian aku lega bersyukur banget orang tuanya mau bawa psikolog tante bilang dirasukin jin pikirannya kosong kesempatan
2052379899030372705,1,Masalah Keluarga,1,sena ibunya lebih sakit davina cuma pacar la sena ka knya veronica ibu melahirkan bhkn gara ryan ilang sena memutuskan msk kepolisian menyelidiki adiknya sebenarnya kok ilang apa sebabnya veronica depresi rawat psikiater terikatjanjiep
2052370105162715212,5,Lingkungan/Sosial,1,rame fitnahnya ngatain lingkungan toxic castnya toxic sutradaranya begini castnya lalu speak up tiba narasinya berubah permasalahin kritik alur kok haha paling kenceng bacot tetiba sok bijak bericintawaktu
2052368773907456183,1,Masalah Keluarga,1,kayaknya list seiyuu pria ketauan selingkuh paling apes cuma tatsuhisa istri lisa sampe depresi oldcodex bubar hiatus lama mulai balik tahun list role semasif kasusnya ketauan
2052368031398130069,4,Pekerjaan,1,ternyata orang indo se tahu singkat cerita blio nipu aku aku coba tanya sodaranya katanya kerja abis kontrak terus sekarang sakit lambung mungkin banyak pikiran lebih baik iklas amit amit denger kabar blio bunuh diri
2052367435479798065,-1,Tidak Spesifik,0,generasi nonton perjuangan obsesi naruto bawa pulang sasuke orangnya mau ditolak berkali kali langsung ditempa pantang menyerah waktu buat stress depresi
2052359903550009794,3,Percintaan,1,aku gaakan bosen kalau aku cinta yoshidennya ka mikki aku kalau depresi re read mulu pernah bosen kalian semua baca aunya nyesel kalau baca aku buzzernya devilsmete
2052358971307204750,5,Lingkungan/Sosial,1,doona sampe mabok aku sama banget sama depresi kesepian nya doona disini terus suzy keren banget centil flirty balance sisi kelam nya terus chemistry nya luar biasa sama yangsejong
2052357402222366997,0,Tekanan Akademik,1,aku benci diri aku kalau overwhelmed sama tugas malah ngurung diri kamar benar benar orang depresi seketika
2052353218307575997,-1,Tidak Spesifik,0,nick vujicic kisah inspiratif tengah keterbatasan pernah kebayang terlahir tetra amelia syndrome terlahir tangan kaki kalau terlahir mungkin minder putus asa satu namanya nicholas james
2052348884270076080,-1,Tidak Spesifik,0,kdy se sna m vysv tlit svou depresi za nu propadat do je t v t deprese nakonec m vysv tlov n zjednodu m na pan doktorko j su kokot to je douf m dost srozumiteln
2052345745928601967,-1,Tidak Spesifik,0,jenis visum psikologis psikiatrikum visum fisik visum et repertum psychiatricum visum psikologis dilakukan psikiater psikolog klinis forensik menilai dampak trauma ptsd depresi gangguan kecemasan kondisi kejiwaan korban sangat
2052344855943082209,1,Masalah Keluarga,1,versiku aku beruntung beruntung gajadi bunuh diri hidup sehat beruntung ditegur tuhan berkesempatan kepadanya beruntung bersyukur mengeluh beruntung bernafas beruntung punya keluarga lengkap beruntung punya sahabat
2052343753596367304,-1,Tidak Spesifik,0,bengong deh jpo deket alun alun sby mau nemenin takut kira mau bunuh diri
2052334367717126261,-1,Tidak Spesifik,0,gilakk si nnk jella depresi liat beginian
2052330995882623356,1,Masalah Keluarga,1,bilang atsu naif like bro apa kamu harapkan anak hidup nya cuman aniaya lalu keluar malah masuk kantor detektif bukan psikolog lalu bertarung mafia utusan tuhan fyodor berbuat baik bunuh diri jadi kriminal bagus banget
2052330277201129940,5,Lingkungan/Sosial,1,nah jir jadi kmren marah bahas z keluar lingkungan toxic padahal topik minggu lalu bikin orang mogok nonton sepakat buat turunin share kan live sctv narasi infotainment
2052324557487554727,5,Lingkungan/Sosial,1,kata busut live semalam scene sania trian gimana buktinya kalau liat arahnya emang mau plot live terang banget yesaya ngomong scene kunci karakter trian buat hancur da bilang lingkungan toxic kak
2052314020968112495,5,Lingkungan/Sosial,1,padahal kritik karakter sama alurnya malah pelintir lingkungan toxic kocak
2052313566854926843,-1,Tidak Spesifik,0,cung kaki mau tauhali halinya hampir bunuh diri malah evve brutal samaa taupan
2052305584935072108,-1,Tidak Spesifik,0,minimal potong kntl masa cuma korban dirugikan disini even pelaku disiksa sama napi napi penjara dianggap hina ttp sebanding sama apa bakal korban alami misal jadi depresi takut sama org trauma berkepanjangan menyangkut masa depan si korban loh
2052304963741581723,-1,Tidak Spesifik,0,ano dystopickou kanadu kde v m na zlomenou nohu a nebo depresi nab dnou euthan zii proto e je to levn j
2052301182409093217,5,Lingkungan/Sosial,1,bilang lingkungan toxic siapa sihh astagfirullah ph toxic bukan lingkungan toxic ngerti gaj
2052299814663294978,-1,Tidak Spesifik,0,hidup salah bunuh diri salah
2052293681982603758,5,Lingkungan/Sosial,1,menyalahkan fb manapun sayangkan adl banyak banget dm masuk membahas menyalahkan lingkungan toxic suruh speak up soal lokasi jadi bingung lohkok suruh klarif soal lokasi toxic next
2052285893638262823,-1,Tidak Spesifik,0,yield nya setahun thn baru bep kalau kebakaran bundir
2052264987465535750,-1,Tidak Spesifik,0,fandom artis sama kan emang gitu makanya idolnya meninggal depresi idolnya anggap robot nangis ngeluarin sisi manusianya fansnya menghargai idolnya jadi diri sendiri buat ngutarain nunjukin sisi manusianya pas idol kamu dating
2052259779872235640,-1,Tidak Spesifik,0,grok depresi berat
2052259704076927245,-1,Tidak Spesifik,0,bunuh diri fomo
2052259026902425820,-1,Tidak Spesifik,0,adaha hargaha diri bunuh diri ajaha sih pak
2052258811214479722,4,Pekerjaan,1,indonesia mengalami darurat mental maraknya aksi bunuh diri kerap mewarnai berita negara seorang asn putr metro mencoba mengakhiri hidupnya toilet kantor senin apapun masalahnya jangan pernah bundir
2052256386822897797,4,Pekerjaan,1,wkkwkw mreka terus depresi lalu berontak demo rusuh mreka bos besar nya cuann tau tempo kan dpt bansos osf kalau g buat berita clickbait tedensius meriang
2052253347873525928,4,Pekerjaan,1,hari aku off day work jadi rumah bebersih ku bersihin siapin makanan bocil sejak pagi x minta masakin nyuci semua wadah selama isinya abis ttp nemenin laki siap kerja nah rumah cm berdua sama bocil
2052245457854964155,5,Lingkungan/Sosial,1,kesalahan internal dibahas ttg scene plenger kekunci padahal situasi makin chaos alasan bukan asumsi lingkungan toxic sebenernya isu kan jauh nya scene plenger
2052237635557728356,-1,Tidak Spesifik,0,kamu nyesel aku ngetweet nya tiap mau bunuh diri aja
2052236254113419719,-1,Tidak Spesifik,0,jalan mengharuskan memakai kruk depresi sakit patah hati lainnya lantas merasa sembuh
2052230581463990550,5,Lingkungan/Sosial,1,ktanya jgn diplintir klrifikasi pmbahsan kalian tntng ajakan orng brhnti nnton lingkungan toxic asumsi z kluar salah besar bgt padahal jelas banget sejelas nya orng komplain poster trailer kluar akhir alur caption sesuai
2052228918577692982,1,Masalah Keluarga,1,kak ngejudge orgny ngerasa depresi ygbikin marah bawa kecelakaan kemaren mikir perasaan keluarga korban
2052228913854873720,-1,Tidak Spesifik,0,mental orang beda beda banget jangan bunuh diri jadi pilihan terakhir banyak istighfar kalau sangat sulit lihatlah orang disekitar sangat sulit tetap bertahan hidup
2052228471733297568,-1,Tidak Spesifik,0,akulah korban pesantren nyampe berkali kali nyoba buat bunuh diri sanggup alhamdulillah deh sekarang membaikk soalnya pas lulus langsung cut off semua pesantren meskipun masi suka gemeteran kalau keinget
2052196137487179822,-1,Tidak Spesifik,0,tahun seorang wanita bernama frau troffea tiba tiba menari sendiri jalanan strasbourg musik alasan menari terus selama beberapa hari berhenti hitungan minggu lebih orang ikut menari bersamanya banyak
2052188096007967221,-1,Tidak Spesifik,0,karakter ai ditemukan menyamar psikiater dokter lalu memberi saran medis penyelidik mengaku penderita depresi internasional adadikompas
2052187188256026661,-1,Tidak Spesifik,0,pulas telinga penasihat pm nepobaby kayangan turun kk hospital gomen emergency dept bawak bersembang doktor kelelahan depresi takde la tergamak nak potong dana kkm
2052182964226920531,-1,Tidak Spesifik,0,pagi simak kejadian rambut wanita siswi berkerudung dipotong jawa barat dampak psikis hadapi depresi ringan hingga berat wanita dipotong bukan sekadar rambut rasa percaya diri rasa aman kalau aku sangat kecewa
2052157903126270126,1,Masalah Keluarga,2,dulu an an perjalanan hidup cenderung linear sekolah lulus kerja tetap swasta pns meneruskan usaha keluarga menikah punya anak lalu pensiun semua pilihan karier terlalu bercabang ekonomi relatif stabil
2052155192481919222,-1,Tidak Spesifik,0,haikal pacarnya sena mati pas umur haikal sena kali ulang kehidupan hasilnya haikal tetep mati kehidupan sena ngalamin depresi berat ditambah pas liat haikal marah banget mau niru cowonya
2052145885338054972,-1,Tidak Spesifik,0,bagus kok teguran nya keras menye menye orang emg dikerasin nder terlalu mikir jauh buat bunuh diri ditambah kata motivasi lebih oke
2052116684765528415,-1,Tidak Spesifik,0,aku perna depresi justru terkadang memang perlu dikasi kata menampar tau hidup emg keras kalau kamu lemah tewas perihal minimal empati lah blabla yaela orang cerita grup publik kenal satu sama jelas mengontrol jawaban bakal dikasi
2052112536930242587,-1,Tidak Spesifik,0,kalau cmn orang stop mau bunuh diri grgr diomongin gt mulu perasaan validasi jadi ketumpuk inside them and one day it could explode people in that state are sensitive makanya orang psikolog for a reason because they know how to deal with them
2052088040580088204,-1,Tidak Spesifik,0,nangis mau nangisin hidup sendiri takut depresi solusinya nonton drama sedih langsung banjir air mata orang bilang ngapain nangis seriusan habis nangis biasanya perasaan sdkit lega
2052085289590673805,0,Tekanan Akademik,1,aku tahap kok emang aku didiagnosa depresi anxiety depresinya lumayan membaik efeknya mudah lelah sakit slow learner gampangg banget lupa sekarang sedang menata hidup pelan pelan belajar
2052082960753721778,-1,Tidak Spesifik,0,benar banget iya sih didunia pahalanya mungkin banyak kesempatan masuk surga kalau bundir hilang kesempatan pemulihan surganya
2052076881789489545,-1,Tidak Spesifik,0,simplenya hidup berputar kamu takut gagal snbt bukan kamu dikira lelah mental lelah fisik cuma pemikiran lebih dewasa pake logika tau kalau bunuh diri cuma caper cuma nyebarin energi negatif orang orang
2052076194183647473,-1,Tidak Spesifik,0,jalnan toxic mana sih sampe nyuruh orang mati tantenya riki nyuruh orang bunuh diri pake tali sampe disuruh mati
2052075404018815472,-1,Tidak Spesifik,0,aku dl punya keluhan sama baru tertangani tahun kmudian sama plek awalnya diagnosa anxiety trnyata gangguan waham gongnya adl depresi ttp psikolog nder dirujuk psikiater km insom lama kan mlm susah banget tidur nyenyak
2052069351168291311,-1,Tidak Spesifik,0,si adek depresi jangan diganggu
2052067519280857358,2,Finansial,1,kepikiran biaya les cean makanya depresi bagaimana
2052066490086498753,-1,Tidak Spesifik,0,man el byl dneska odpoledne velmi smutn a v depresi ekalo ho svj ja sem zbab le odjela na dovolenou nemam na ty debily sousedy nervy v c a hle z zraky se asi d j tentokr t se nikdo s nik m ani nepoh dal nevyhro ovali si navz jem kdo koho u krt z r m
2052061467017675288,-1,Tidak Spesifik,0,depresi aku su dibungkam melong terus appss kicaw malah disuru meneng ki piye ontran ontranane lah om rehat su
2052052405618167982,-1,Tidak Spesifik,0,aku kesel liatnya anjing tiba tiba ngadu domba fans celsi sama arsenal padahal fans celsi depresi sama tim nya kalian bahagia lolos final ucl kalian eh malah si bodoh
2052047999971508424,-1,Tidak Spesifik,0,pokoknya jangan pendam sendiri kalau apa apa kalau ajak curhat berusaha rilex berlarut larut emosi malah depresi tenang menghadapi masalah apa mendekat kan diri allah
2052043057713881104,-1,Tidak Spesifik,0,stud kalian rata rata plus satu sertif olimpiade ugm terkurasi nekat daftar mandiri its jalur prestasi jurusan teksip arsi bunuh diri saran jujur binggung baget butuh pencerahan
2052039243510530520,-1,Tidak Spesifik,0,sesuai narasi malah bunuh diri kalau dicrop bagaimana sih
2051921908862709761,-1,Tidak Spesifik,0,btw cerita grup publik gitu apa mungkin temen orang terus buat orang ngatain orang mau bunuh diri tolonglah diam jangan komen ttg agama ataupun akhirat kematian orang mau bunuh diri peduli coba tanya private aja bantu cerita
2051912990937821402,-1,Tidak Spesifik,0,elig bill bunuh diri solusi
2051912128714653800,-1,Tidak Spesifik,0,bayangin aje orang sampe disuruh bunuh diri disuruh keluar grup diancem mau dikirimin bunga kematian sama kataya sih fans grgr gasengaja ngmg dulu aku keling bgt silakan dibayangin de sekalian ajak mba wonnie ava pink katanya emaknya korea banget
2051909000888009146,-1,Tidak Spesifik,0,ksoo disuruh bunuh diri diem ksoo disuruh minum racun diem ksoo kena bodyshimming diem fans ksoo lelah sampe berharap ksoo keluar grup disanalah suel datang narasi sok bijaknya fyi kaum kamu ketakutan setengah mati pas out sama
2051902258426884388,5,Lingkungan/Sosial,2,pertemanan buruk merubah kebiasaan baik dulu waktu kuliah aku pernah masuk lingkungan toxic dikit julid selalu ngomong kasar tiap ngumpul ngomongin orang mulu awalnya ngerasa kalau aku ngikut arus sampe temenku notis kalau aku banyak berubah aku
2051901011116315078,-1,Tidak Spesifik,0,betul aku dipastikan dokterku aku mengalami memory loss depresi berat nama orang orang aku ingat ngapain aku tahu matkul usah ditanya lupa berat
2051898469384958262,-1,Tidak Spesifik,0,trauma hingga depresi nusakambangan ammar zoni disebut alami gangguan psikis
2051894104066609212,-1,Tidak Spesifik,0,reminder aja sistem china bikin banyak kasus bunuh diri pemerintahan sana mau niatan ngilangin sistem
2051893544928112857,-1,Tidak Spesifik,0,orang baru apa orang lama orang aku mau bunuh diri
2051889919409492021,-1,Tidak Spesifik,0,ammar zoni depresi jelang dipindah nusakambangan
2051886996851945507,-1,Tidak Spesifik,0,ammar zoni depresi jelang dipindah nusakambangan
2051885803325042980,-1,Tidak Spesifik,0,sungguh enak bener laki laki benar benar diuntungin sumpah bayangin zinah modal konsen tembus vagina perempuan pas perempuan minta tanggung jawab cowok tinggal bilang konsen kan akhirnya cewek cuma nerima padahal berzinah depresi
2051874604369797238,-1,Tidak Spesifik,0,pemikiran begini war terus kalau pemikiran suruh ks bundir suruh ks minum pestisida suruh loncat sungai pemikiran apa normal
2051872553082450366,-1,Tidak Spesifik,0,yu sadar semua jgn gunain pinjol dulu pinjol hidup aman kan skr pinjol kasus bunuh diri nambah kasuh phk nambah manusia jadi konsumtif pinjol niatin buat lunasin langsung hapus aplikasinya hidup makin aman nyaman
2051869978950021365,1,Masalah Keluarga,1,mana rumah dijual setanah tanahnya benar benar harta warisan euueue pantes anak anaknya depresi suka marah wutheseriesep
2051866436315062691,6,Pemerintah,1,it s quite ironic that i m against capitalism masuk feb well sebenarnya masuk feb aku buta politik kapitalisme makin kesini makin paham bukannya aku malah mau jadi business owner eksploitasi karyawan malah mw bunuh diri jirr cz i know how y all get rich fast
2051857009419690289,4,Pekerjaan,3,respect banget buat mbaknya nolak ajakan kotor atasan meski taruhannya kerjaan bukti kalau harga diri prinsip jauh lebih tinggi jabatan kamu kehilangan pekerjaan kamu baru menyelamatkan diri lingkungan toxic semangat rezeki tertukar
2051856508850475374,4,Pekerjaan,3,cara allah kmu diajuhin lingkungan toxic kak cari kerja memang susah sekarang bkal lebih susah kalau kmu trlalu lama kantor red flag semangatt dapet pekerjaan lebih layak
2051855074318803038,2,Finansial,1,inflasi naik gaji ganaik adulting kesadaran penuh beli kopi rp rb x sehari depresi
2051672749807141182,5,Lingkungan/Sosial,1,sunric panit pcrn toxic ditambah lingkungan toxic
2051670938740236797,0,Tekanan Akademik,1,bapak pigai kamu mau mengurusi kasus ketimbang perasaan satu oknum razia rambut smkn garut diduga dilakukan sejumlah guru kemudian siswi menjadi korban awalnya ngadu mahasiswa lalu didampingi dibawa kasus kepolisian siswi
2051665049715126471,-1,Tidak Spesifik,0,alami depresi ammar zoni memohon dikembalikan nusakambangan
2051663205689405469,1,Masalah Keluarga,1,vicky shu berbagi pengalaman tekanan mental akibat komentar negatif tubuhnya kini fokus kesehatan anak anaknya
2051662002335125963,-1,Tidak Spesifik,0,bunuh diri masuk surga
2051660970381213793,2,Finansial,1,lama lama aku depresi kelamaan nganggur mau main pemasukan anj ga dapet duit jajan
2051656240284286993,-1,Tidak Spesifik,0,menderita tekanan mental rupanya tekanan mental parah jadi gila
2051655506582987090,-1,Tidak Spesifik,0,what if jo benar benar bunuh diri when
2051653566054781313,-1,Tidak Spesifik,0,sekarang banyak kasus bunuh diri say jadi mungkin banget adegan agz sasarannya semua kalangan
2051648774687097101,-1,Tidak Spesifik,0,podle tohohle prispevku nekde hluboko v depresi
2051644250752999887,6,Pemerintah,1,temen pls jangan bundir nnti klian ketemu prabowo neraka lohh
2051638780764041669,1,Masalah Keluarga,1,ngak lewat tl kaumnya liat junjungan kalian nyuruh member grup bundir ngak papa biasanya kalau disumpahi bakal berumur panjang sih kyungsoo bakal hidup lama menikah punya anak imut lucu menggemaskan stay mad guguk
2051637713083002993,4,Pekerjaan,2,pria pria kamu nganggur sering ditolak cewe sekalinya dapet kerja gajinya kecil orangtua kamu miskin ingat bro peduli lanjutkan hidupmu bro meski kadang bundir
2051628172836507657,-1,Tidak Spesifik,0,temenan sama orang nyuruh aku bunuh diri
2051625554177323302,1,Masalah Keluarga,1,kalau dilihat lanjutannya suami nganggur biasanya pernah komentarin status membenarkan ketikan suaminya mungkin suaminya fase depresi
2051624555874230541,-1,Tidak Spesifik,0,javier zanetti adriano kombinasi ronaldo ori ibrahimovic kalau bicara inter milan tropi scudetto give away selalu terkenang pemain bukan fredy guarin trio belanda kata satu nama tersebut adriano liete
2051624386709672017,-1,Tidak Spesifik,0,aku nulis fanfict homo pelarian bunuh diri dientot brutal kehidupan
2051623997302067348,-1,Tidak Spesifik,0,mau bunuh diri
2051598697356767389,-1,Tidak Spesifik,0,bener kalo mentalnya rusak ga ngerasa bersalah bahkan sampe depresi berarti sikopat anjer soalnya orang normal kepikiran kebayang terus ahirnya depres penolongnya cuma sikiater bapaknya psikopat
2051592379761848645,4,Pekerjaan,1,tes kesehatan reguler kantor autoimmune thyroid mbak suka marah mbak sih biasa biasanya orang autoimun suka marah terus depresi ohh iya sih sering mati haha jangan dibercandain mbak bercanda
2051589365038764167,-1,Tidak Spesifik,0,mau skali ma bunuh diri kurasa asli
2051586695842447791,5,Lingkungan/Sosial,1,punya otak anjing adm ig kalau bodoh bersosial media jangan jadi adm beginian lahh kesannya jadi menormalisasi korban bully bundir kalau korban bca gimana jadi kamu reply emg punya empati takut ngeliat orang bunuh diri aja formalitas kamu kesannya
2051581508729938264,2,Finansial,1,mens bayar mahal kdg aku mikir emg hidup worth it bgt makanya heran kemarin banyak bunuh diri jembatan deket rumahku should i do it too
2051571195662012643,-1,Tidak Spesifik,0,umm tendensi menghabisi orang bukannya penyimpangan mau bunuh diri silakan
2051568725221048754,-1,Tidak Spesifik,0,kelanjutan kasus kook dongho kemarin si dongho sama temen cewenya denied kalau ngelakuin lee yurim emang biasanya pelaku selalu lupa apa lakuin korban korban selalu inget seumur hidup reminder guys usah jauh
2051562266072600578,-1,Tidak Spesifik,0,baru konek pas baca inti kamu chi wkwkwkwkw yasudah sih kalau emang betah idolain jossgawin gara introvert level good bye maksa wkwkkw lagian pressure diri sendiri sih marah marah komplen gajelas ngaruh fangirling
2051560668961374318,1,Masalah Keluarga,1,tiba bundir tiba lelah nyerah tiba keinget kalau bunuh diri dosa tiba keinget kalau malem wu mau tayang tiba keinget bahagiain orang tua sakit banget kepala
2051552372506440072,-1,Tidak Spesifik,0,mana wo lancang ngerjain klien orang penting acara sakralnya seumur hidup sama bunuh diri wo pikir logika requestnya buna tedd laah
2051552103055913200,1,Masalah Keluarga,1,dulu aku dikatain anak penyakitan sakit hati nangis mau maafin orang katain aku selama kurang lebih bulan aku selalu nangis malem bb ku turun kg selalu nyalahin diri sendiri ngebandingin diri sendiri sama orang hampir bundir
2051548849551126658,-1,Tidak Spesifik,0,fase unwell depresi balik ternyata kombo maut ot sama begadang emang benar benar ngerusak sistem minggu depan mulai terapi cbt buat benerin pola pikir doain pelan pelan balik jadi manusia normal
2051535057156972648,-1,Tidak Spesifik,0,fenomena laki laki bercerita tren hegemonic masculinity mana pria menahan emosi masalah sering dianggap keren berisiko menjadi bom waktu kesehatan mental berakar tekanan kuat jarang bercerita berdampak tingginya
2051532945434046802,-1,Tidak Spesifik,0,astaghfirullah ternyata kesehatan mental sangat perlu mental rawat depresi menghindari
2051530696255217785,4,Pekerjaan,1,baca quora reddit banyak si ceritain betapa boringnya sg emang kehidupannya persis squidville aman nyaman tenteram lama buat orang jadi stres depresi tekanan kerja berlebih ditambah lingkungan monoton gitu
2051517129577615782,-1,Tidak Spesifik,0,nitip lah feminis mampus bunuh diri lewat eksperimen sendiri jadi laki mulut sblmnya forum debat
2051516234286383228,4,Pekerjaan,1,cara membaca perilaku dunia kerja terlalu sering bilang siap biasanya kewalahan enakan nolak kelihatan sibuk terus jadi kejar pengakuan bukan kejar hasil datang paling pagi pulang paling akhir memang berdedikasi
2051500287249256557,-1,Tidak Spesifik,0,ganti admin aja koma tanda tanya keliatan bego nya minim empati miris kamu kira bunuh diri jokes sepele dongo nya nge dongo banget malu maluin
2051489658924884045,0,Tekanan Akademik,1,murid sd korban dugaan asusila oknum tni kendari depresi cakar tubuh hingga menangis histeris luka seorang murid sekolah dasar sd konawe selatan konsel inisial a diduga menjadi korban pencabulan oknum tni sertu mb korban dilaporkan mengalami depresi
2051482957211447808,-1,Tidak Spesifik,0,waduh depresi satu orang akhirnya semua penumpang jadi korban
2051479573586751639,-1,Tidak Spesifik,0,biasa aku wni negaranya salah gov nya waras depresi dahlah haluin shinji
2051301835085168999,-1,Tidak Spesifik,0,gejala depresiku berproses sih kak lebih banyak rasa sedih berkepanjangan aku ngerasain sedih nempel terus ilang ilang beberapa aku inget seneng sosialisasi online offline semua aktif tiba tiba jadi lebih suka sendiri kamar
2051301067187683661,0,Tekanan Akademik,1,depresi seorang siswi sekolah dasar sdn berinisial aks diduga menjadi korban pencabulan oknum tni wilayah kodim kendari sertu majid bone dilaporkan mengalami depresi korban cenderung mengurung diri kamar kerap melukai tubuhnya
2051295436259176458,4,Pekerjaan,1,untungnya aku kerja rumah kak kalau kamu lebih menantang hebat kamu laluin semua hebat istrimu nemenin selama masa terpuruk orang depresi suka momen lebay nya dengerin kalau kuat panas kuping panas kepala
2051295071337955572,4,Pekerjaan,2,periode terbatas gaji gede lingkungan toxic prinsip datang absen kerja pulang meminimalisir keberadaan tahun terkumpul tabungan buat muterin modal usaha kecil n ganti kerjaan lingkungan toxic gaji pas lebihnya usaha tdi
2051294921488048618,-1,Tidak Spesifik,0,innalillahi orang perusahaanku bunuh diri kosan kelilit pinjol ekspek banget padahal baru masuk bulan lalu jalur development program fg padahal mah sebenernya gajinya buat nyicil susahnya orang tau sih
2051294716462071904,-1,Tidak Spesifik,0,orang suka menulis laknat menjadi lucknut mulut jari entengnya menyuruh orang queer bunuh diri orang queer kafir pantas dibakar neraka laknat isn t even a bad word what a dissonance
2051292462870859935,-1,Tidak Spesifik,0,aku didiagnosa depresi sedang menuju berat tahun berobat psikiater tuntas sih sekarang lebih baik aku kontrol dulu people pleaser sekarang fokus sama kenyamanan diri sendiri kalau tanda tanda kekambuhan aku mundur
2051291937941107187,5,Lingkungan/Sosial,1,guys cuma mau bilang kalau kalian butuh teman cerita disini iwanu open vc alias vc mati mati kalian join iwanu bingung sama obrolan join vc tanya apapun ngapain beneran pembahasan random sesi curhat sesi freetalk cuma
2051288024307429533,1,Masalah Keluarga,1,siswi sd berusia tahun diduga menjadi korban penc bulan anggota tni angkatan darat berinisial sersan satu mb kendari sulawesi tenggara keluarga mengungkap kondisi korban semakin memprihatinkan mengalami depresi berat kerap menyakiti diri sendiri
2051284793455976802,-1,Tidak Spesifik,0,pas kasus pembulian dokter sampe bunuh diri
2051281511899619770,-1,Tidak Spesifik,0,mungkin kondisi kesehatan mental kronis menggabungkan gejala psikosis skizofrenia halusinasi delusi gangguan suasana hati bipolar depresi bersamaan
2051280713895592028,-1,Tidak Spesifik,0,kamu percaya sama surat dion sena kamu yakin lidya bundir ingett semua kematian dianggap pembunuhan terbukti sebaliknya berlaku buat case farhan ryan days sailing with senada terikatjanjiep
2051280246838821169,2,Finansial,1,gaji gede lingkungan toxic tempat kerja aku mencari kebahagiaan emang mau berjuang berdarah aja punya tempat bahagia kan
2051278677380669538,-1,Tidak Spesifik,0,oalahh lidya dibuat bunuh diri dong days sailing with senada terikatjanjiep
2051278434790428904,-1,Tidak Spesifik,0,bakal playing victim sesakit sakitnya hati orang smpe nyuruh bundir sick kata aku mah emang jisoo hbs ngelakuin kejahatan apa sih ampe suruh bundir
2051277225555861824,-1,Tidak Spesifik,0,ulah desi kayaknya bius lidya bikin seakan lidya bunuh diri terikatjanjiep days sailing with senada
2051268656974442760,-1,Tidak Spesifik,0,aku tanya sejak kapan ngasih terms nolak gambar bxg homopbc lulu dead treat people adakah ngatain nyuruh queer ppl bundir adakah ngajak followers buat rame ngehina ngatain queer kalau perkara orang d kata homopbc sakit sih kamu
2051266701514433010,-1,Tidak Spesifik,0,keterlaluan diluar batas nyuruh orang bunuh diri termasuk kejahatan wajib penjara sampe buusuukk
2051264724936077572,-1,Tidak Spesifik,0,kalau mode basic menjalanin hidup tau kpn lulusnya pikiran bunuh diri sbh achievement
2051264080057663867,1,Masalah Keluarga,1,bukannya bilang silakan kirim bukti dm kak aku bantu malah anak orang bundir fak nirempati banget jink
2051257683370762456,0,Tekanan Akademik,1,keren kakk semangat belajar yaa fokus aim high fk tertua indonesia rs pendidikannya sendiri hiraukan noise medsos hindari lingkungan toxic sejak awal
2051257492940931172,4,Pekerjaan,1,kerjaan aku benar benar berkaitan langsung sama forex begini susah banget buat aku pikirkan and honestly angka angka bikin aku lebih depresi kerjaan sendiri jadi wni emang sesulit bahagia
2051257167420997995,-1,Tidak Spesifik,0,kelelahan banget lelah
2051256891763052880,-1,Tidak Spesifik,0,bunuh diri kayanya kak
2051256526862787050,0,Tekanan Akademik,1,siswi sd diduga cabuli oknum tni seorang siswi sekolah dasar sdn berinisial aks diduga menjadi korban pencabulan oknum tni wilayah kodim kendari sertu majid bone dilaporkan mengalami depresi korban cenderung mengurung diri kamar
2051256094417375560,-1,Tidak Spesifik,0,bunuh diri massal depan istana
2051255127290290273,-1,Tidak Spesifik,0,buat temen temen mau tau lengkap soal aku hihi benar benar lengkap banget real no fake aku diskusikan semua sama ai ngerecord semua ngasih summary poster minta ide review cv sama minta saran bagaimana caranya pd ngobrol ruang
2051248754934862060,5,Lingkungan/Sosial,1,lingkungan toxic seringnya bukan soal marah marah melulu justru lebih bahaya bahasa kelihatannya biasa aja jadi bom waktu ngerusak mental linguistik disebut linguistic framing cara diucapkan mengatur
2051248581039014187,-1,Tidak Spesifik,0,gila bangett nyuruh orang bundir k pop membuat sakit jiwa mendingan stop jadi kpopers
2051248461929124054,-1,Tidak Spesifik,0,reall aku sendiri berani ngomongin soal kematian sampe doain seseorang buat bundir
2051243973071827225,2,Finansial,1,jujurnya mulai panik sih banyak dana sejak pertengahan terkena dampak efisiensi pusat mulai kusaksikan beberapa kpm pkh distop bantuannya cukup aku sih ngalamin depresi rupiah jangan sampe ngalamin depresiasi
2051242897656394083,-1,Tidak Spesifik,0,salah penggunaan kata coba kalau kata nya diubah usah bawa kata bundir kesannya sepele banget bunuh diri tuh malah respect sama korban
2051242738809790577,-1,Tidak Spesifik,0,kagak mati mati perasaan dulu tiap hari ngomongnya bunuh diri mulu
2051242375834702048,-1,Tidak Spesifik,0,shock banget bacanya jisoo bunuh diri atas kesalahan orang btw idol kamu bukan anna wintour jadi stop ngarang cerita stop merasa idol kamu pusat dunia
2051235953948451045,0,Tekanan Akademik,1,yeu adminnya makan bangku sekolah jelas disitu kamu bawa bundir sama kasus tau stop lah nirempati kamu berpihak korban seakan menyepelekan pinter dikit napa elah psti etminnya cowo
2051234526651912374,0,Tekanan Akademik,1,seorang siswi sekolah dasar sdn berinisial aks diduga menjadi korban pencabulan oknum tni wilayah kodim kendari sertu majid bone dilaporkan mengalami depresi korban cenderung mengurung diri kamar kerap melukai tubuhnya cara
2051234363371897054,6,Pemerintah,2,korban pelecehan oknum tni kendari sekarang depresi berat sering melukai diri sendiri pelaku hidup normal korban hancur seumur hidup bukan cuma soal hukum soal negara kalian membela siapa sebenarnya
2051234135424036906,-1,Tidak Spesifik,0,sebuah video viral media sosial memperlihatkan aksi biasa seorang pria paruh baya gerai atm pria berkemeja merah tampak berdiri cukup lama depan mesin hingga menyebabkan antrean pengguna mengular luar area atm berdasarkan keterangan warga lokasi
2051227199714546162,0,Tekanan Akademik,1,kasihan anaknya depresi kasus dugaan pelecehan seksual anak bawah umur menyeret oknum anggota tni berinisial sertu mb kecamatan ranomeeto kabupaten konawe selatan sulawesi tenggara korban berstatus siswi sekolah dasar disebut
2051225418745922045,-1,Tidak Spesifik,0,hormati team yep yep pas fans ngasih feedback kerjaannya not turn out good fans nyuruh staff ngeliat gini loh artist terima grgr begini berani keluar malah kabur kalau kabur bakal defensive galak sembunyi dibalik
2051225411561074868,-1,Tidak Spesifik,0,stages of grief lima tahap berduka denial penyangkalan anger marah bargaining tawar menawar depression depresi acceptance penerimaan ditahap acceptance penerimaan fi
2051221159723819480,-1,Tidak Spesifik,0,kalau lihat orang struggling masalah and your first response is bantuin bundir shows how you see suicide as something trivial an option instead of understanding how serious and complex it actually is
2051219736680337914,-1,Tidak Spesifik,0,kayaknya emg mau salah bukan menyuruh aneh aneh padahal jelas kan kesan pernyataan bukan membela malah sarkass kamu nder mana membela pake embel embel bunuh diri
2051218097324052964,1,Masalah Keluarga,2,kakak nya kasian mati bunuh diri anak orang makna pemilihan diksi peduli aslinya aka tone deaf empatinya samsek cuma asal cepet bls menfess
2051217489368150121,-1,Tidak Spesifik,0,ayo masi nyalahin korban pelecehan liat kontol korban depresi berat kepikiran tidur makan nafsu ngerasa dirinya kotor stop nyalahin korban mau korban pake baju apapun salah tetep pelaku
2051217467486458082,-1,Tidak Spesifik,0,kasih sayang lembut konstan allah selalu menutup ayat manusia berputus asa bertaubat az zumar sesungguhnya allah maha pengampun maha penyayang ayat melarang bundir sesungguhnya allah maha penyayang
2051214949192728579,-1,Tidak Spesifik,0,dibilang orang bunuh diri fomo
2051210751092916404,1,Masalah Keluarga,2,cuma fokus kakak nya ngeh kalimat ntar mati bunuh diri anak orang aneh adminnya mksdnya
2051208468493951196,4,Pekerjaan,1,usah kerjaan fisik cewek bule luar negeri nyamar jadi cowok pekerja kantoran buat penelitian malah depresi sendiri stop penyamarannya sanggup kehidupan cowok intinya gender punya permasalahannya sendiri
2051207407494422853,0,Tekanan Akademik,1,adminnya yakin bneran kuliah katanya bukan maksudnya kok bawa ntar bunuh diri anak orang jadi maksud bunuh diri siapa kalau bukan korban nya pembully nya kh iya emg minta diusut emang pantes ngomong
2051189357839851741,-1,Tidak Spesifik,0,rip depresi kopilot sengaja menabrakan pesawat pegunungan alpen perancis hingga menewaskan penumpangnya maret germanwings penerbangan lepas landas barcelona menuju dusseldorf orang penumpang dalamnya kapten patrick
2051182672140222571,-1,Tidak Spesifik,0,pernah dines rsj cimahi sekarang rsj cisarua sepertinya banyak pasien histeris depresi percobaan bunuh diri diisolasi paling ringan schizofrenia
2051182306619166914,6,Pemerintah,2,thn loh anjir bagaimana depresi digituin bgst terlalu byk korban negara apa salahnya hukum kebiri diterapkan bg pelaku korban menderita seumur hidupnya selayaknya pelaku meresakan penderitaan seumur hidup kebiri
2051174512176279600,-1,Tidak Spesifik,0,im pretty much invested in the disabilitas nampak movement jadi kondisi keterbatasan fisik mental kognitif keliatan sama orang tetap ngaruh aktivitas harian contohnya depresi anxiety dementia adhd autisme diabetes lupus
2051173431211897057,0,Tekanan Akademik,1,orang sombong banget kak ngeluh biaya kuliah dikata katain coba disuruh tuker posisi apa bunuh diri orng napak tanah
2051170957272965250,2,Finansial,1,kalian kalau disuruh pilih mending gaji umr lingkungan seru gaji gede lingkungan toxic
2051169026056040944,1,Masalah Keluarga,1,jauhkan dirimu lingkungan toxic walaupun keluarga kalau toxic mampus kabur wae nder bawa sekalian adekmu kasian terpapar lingkungan baik run makin runyam you deserve hidup tentram
2051165027428954203,-1,Tidak Spesifik,0,pernah sih kalian ngerasa hidup beraatt banget gitu bagaimana semua numpuk jadi satu kitanya jadi lelah duluan sempat beresin apa apa titik gitu wajar banget kayaknya kalau tiba tiba muncul rasa putus asa bahkan
2051164814173757528,4,Pekerjaan,1,entar ketawain smaa feminazi joke tendensi bunuh diri kamu akibat kamu laki laki menyuburkan patriarki emang betina lesbi pengangguran pantek kampanye manhating mulu
2051164331606180120,3,Percintaan,2,lingkungan toxic pemerintahan lebih baik mundur ibarat pacaran ngapain mempertahankan pasangan toxic putusin gugat cerai mundur bikin rekam jejak duluk selama menjabat istilah it nya cek and print history log siapa tauk dikambinghitamkan pejabat toxic
2051163692809560372,-1,Tidak Spesifik,0,itera admin instagram nya lebih bijak memilih diksi sender mencoba speak up disitu balasan kasian mati bundir rasanya aneh banget kalau memang ngasih balasan pantas sebaiknya diabaikan aku merasakan gaenak bacanya
2051162969715974260,0,Tekanan Akademik,1,seorang siswi sekolah dasar sdn berinisial aks diduga menjadi korban pencabulan oknum tni wilayah kodim kendari sertu majid bone dilaporkan mengalami depresi korban cenderung mengurung diri kamar kerap melukai tubuhnya cara mencakar
2051162430080700694,-1,Tidak Spesifik,0,sorry mw promosi jadi sender butuh responden buat jadi pengguna barangkali kalian butuh tempat cerita anonim cobain bot buatan sender tujuan bot wadah berbagi cerita maraknya kasus bunuh diri belakangan filter kata jorok guys jadi aman
2051160767538577726,-1,Tidak Spesifik,0,tanda mental kamu mungkin sedang terganggu sedih terus menerus mudah marah jelas perubahan suasana hati berkepanjangan merasa putus asa sedih mudah tersinggung jadi pertanda avral gangguantmental depresi kecemasan
2051160011129368655,1,Masalah Keluarga,1,lol soalnya kalau niatnya sarkas meledek kata kata bilang memang benar menikah punya anak laki kan sama ajankayak bunuh diri soalnya you gotta do everything by yourself meanwhile lakinya laga ngapa in
2051159504017129602,0,Tekanan Akademik,1,namanya asep asep punya uang dingin mau coba digandain meme coin asep baca belajar asep sembarangan beli coin dishill sama kol bagus call nya hit rata rata share pnl phanes suatu hari asep all in coin kol
2051158125756170603,1,Masalah Keluarga,1,tragis seorang harusnya melindungi rakyat malah merusak masa depan anak tahun hingga depresi mau dibiarkan oknum bejad begini
2051154439675707828,0,Tekanan Akademik,1,aks siswi sekolah dasar negeri th diduga menjadi korban pen c bul an oknum tni wilayah kodim kendari sertu majid bone dilaporkan mengalami depresi adek sering mengurung diri dikamar melukai dirinya sendiri cara mencakar menangis
2051153918013432271,-1,Tidak Spesifik,0,moudro pro dne n den p edt m ne si sami diagnostikujete depresi a n zk sebev dom ujist te se pros m e nejste obklopeni sam mi blbci
2051151259336606158,-1,Tidak Spesifik,0,jujur hawaii cuma mau jajan hello kitty sama nyoba bundir pulang
2051150815033950236,-1,Tidak Spesifik,0,siapa depresi kalau dilecehkan orang anjing gapernah berkaca bajingan semoga matimu perlahan menyakitkan
2051147382038110346,2,Finansial,1,sungguh sial mengenaskan rakyat negri rakyat disiksa aph menterinya diam rakyat digusur paksa menterinya tiarap rakyat bunuh diri tekanan ekonomi menterinya bisu giliran pejabat disenggol dianggap melanggar ham
2051146890792857800,4,Pekerjaan,1,depresi suatu penyakit abis operasi mau balik rumah luka bekas operasi ikut volunteer pulau cantik nyari koneksi akhirnya balik kota baru kerja gila begini sangat perjuangkannya sekarang kerja nyari loker
2051146252545560839,0,Tekanan Akademik,1,merawat luka batin halaman banyak sesi psikologku belajar podcast psikiater baca buku aku menyadari mengelola perasaan mengenakkan mengelola persepsi realitas peristiwa dirasakan cbt
2051140858838401392,-1,Tidak Spesifik,0,kelelahan banget
2051139302458028147,-1,Tidak Spesifik,0,perkataan cocok diri sendiri orang sehat cocok orang depresi pikiran tsb strateginya beda
2051137107100647520,-1,Tidak Spesifik,0,benar benar si kalau didunia nyata jalan tempat asing tb plg nemuin jalan keluar malah puter in ky jujur mending aku bunuh diri setannya menyerupai orang
2051134756231008495,4,Pekerjaan,1,bagaimana misuh tiap hari punya tetangga cuma satu bloon satu berisik bgt ditempat kerja ketemu si tetangga berisik kerja full time boss pelit nauzubillah melayani pelanggan berbagai macam sifat satu satunya pelarian cuma art
2051018660689612931,6,Pemerintah,1,diliat liat ngangetin astaga g tau aturan ngadepin orang mau bundir coba kamu mikir gaush jauh mau bunuh diri deh mikir terus sentuh kamu kaget kan orang mau bunuh diri plus posisi
2051010731735441851,-1,Tidak Spesifik,0,asli laki mending bunuh diri massal dibantai aja someone pls kill me
2051000176937185663,-1,Tidak Spesifik,0,blum tidur kmrin trakhir mkn mlem kmrin orng gila emng keknya aku depresi deh
2050995251314372939,-1,Tidak Spesifik,0,ayo ngewee plss gila banget guee kelelahan parah
2050992638275576292,-1,Tidak Spesifik,0,nyelametin orang percobaan bunuh diri prepare apa apa pendekatan psikologisnya persiapan buat ngejaga dibawahnya terus ngapain security dateng mau narik nolongin jadi ngagetin bikin reflek orang mau ditolongin paham asli
2050990728877346893,-1,Tidak Spesifik,0,padahal statistik cowok lebih banyak bundir bego kamu lihat tuh jembatan viral kemarin sesama cowok kamu empati sok sok an malah insult cewek bundir cowok banyak jadi korban begal kecelakaan bundir men loneliness epidemic
2050989546708623617,0,Tekanan Akademik,1,lagian mau bundir jadi sedang depresi kalut terus impuls duduk disana mikir buat lompat bunuh diri makanya tugas security prepare buat penyelamatan bkn lgs main dekatin n bikin kaget video tnp perencanaan
2050987318157455869,-1,Tidak Spesifik,0,idk soalnya mungkin bunuh diri berhenti gambar sama sekali homophobicnya cuma gambar queer ship diancam hijabnya mau disobek lah dihina tiap post art gambarnya dikasih makan ai
2050978047030092208,3,Percintaan,1,plis teman kalau suka kdrama depresi nonton we are all trying here chef kiss mantep banget drama cinta mati gweh sama semuanya disitu
2050977862468223145,-1,Tidak Spesifik,0,yaelah mba security nya baik mau nolongin sekian bnyk orng disitu disalahin cuma security aj pacarnya disalahin kan awal mula mau bunuh diri pacarnya cuma modal liat video berasa paling benar
2050973703408865318,-1,Tidak Spesifik,0,maap bang ane survivor depresi kalau dibilang deperesi disabilitas setuju depresi kondisi sedih terus menerus kehilangan semangat semuanya semua negatif sembuh kok bang orang depresi kalau ane bang tanya tujuan
2050969947887804844,-1,Tidak Spesifik,0,ternyata sama kalah debat nyuruh orang bunuh diri
2050969357313032402,1,Masalah Keluarga,1,bro pikir hinaan padahal emang bapak bikin pingin bunuh diri alias kaum kamu
2050959337548640459,-1,Tidak Spesifik,0,selasa s nya depresi
2050959017380643058,-1,Tidak Spesifik,0,g ah takutny bunuh diri
2050957820179484778,5,Lingkungan/Sosial,1,beberapa hari lalu seorang teman mengakhiri hidupnya suka ngobrol suka nyanyi tongkrongan asik serius tekerjut kejadian mengingat pembawaannya ceria ternyata pengidap depresi pesan terakhir menyurat nyiratkan kepedulian
2050952149581099084,-1,Tidak Spesifik,0,benar kamu bunuh diri ngapa hidup
2050947407744250353,-1,Tidak Spesifik,0,engga gayakin buat bundir lebih banyak rugi dripada untung jadi nunggu aja orang kerasa guys kalau bunuh diri dosanya karuan nikmatin baca novel
2050946675859136747,-1,Tidak Spesifik,0,harusnya team petugas khusus kalau orang mau bunuh diri gt mana bandara
2050944342584446985,-1,Tidak Spesifik,0,pamatuji si jako by to bylo v era e sv tehdej p telkyni jsem kal kdy jsem byl hoodn v depresi e to jedin co chci d lat je st a b hat jako to nen zas moc ne a m j ivot te je e bu tu p u anebo cvi m no ob as sko m na n jak gran t
2050938714520740346,-1,Tidak Spesifik,0,stc today aku dpt bisikan bunuh diri alias aku tahan banget khilaf
2050938300702380442,1,Masalah Keluarga,1,baru baca grup keluarga kepala desa md info awal bunuh diri info terkini polisi tetapkan sbg pembunuhan
2050936930305728970,-1,Tidak Spesifik,0,kebanyakan cowo banyak bunuh diri dasar pecundang
2050936885858734276,-1,Tidak Spesifik,0,azulon bijak pas ozai mau ngelangkahin kakaknya jadi raja doi langsung kasih paham kalau iroh kehilangan anaknya depresi wajar manusiawi ozai menerima hukuman memandang rendah penderitaan abangnya
2050933438866440571,-1,Tidak Spesifik,0,faktanya hampir kebanyakan kasus bunuh diri gantung loncat malah didominasi kaum lelaki gegara apa gegara prinsip lelaki berbunyi pria bercerita iya bercerita tiba masuk rsj bundir
2050929391727944055,-1,Tidak Spesifik,0,sumpah aku baru tau kalau punya keinginan mau bunuh diri terus dorongan kuat buat menyakiti diri sendiri mengamankan diri buat masuk igd rs ternyata pikiran bunuh diri masuk darurat medis rs punya kewajiban buat ambil tindakan observe
2050929219883110565,-1,Tidak Spesifik,0,iyaa kak sengaja buat uji nyali terus suka rt in akun jiko bukken jepang notabene rumah berhantu habis pembunuhan bundir kalau kk nya tinggal indo mending lanjut kan beda server gaakan sampe sana kok aman
2050928640402272682,-1,Tidak Spesifik,0,loncat bunuh diri mall cuma attention seeker berarti bang sepakat
2050924297565413506,-1,Tidak Spesifik,0,sanegiyuu post war doodle abis depresi j
2050923985177841728,-1,Tidak Spesifik,0,padahal banyak kasus bunuh diri cowok loh kalau lemah harusnya sih loncat jembatan opini aku begini opini kamu duluan tai
2050917714794033617,1,Masalah Keluarga,1,der juta remaja indonesia masuk kategori gangguan jiwa odgj kok angka bukan sekadar statistik alarm keras semua anak salah satunya sedang berteriak diam penelitian terbaru university of queensland australia
2050915089059107100,6,Pemerintah,1,lepasin bang kalau saatnya ajal menjemput mati kalau saatnya paling patah patah katanya rakyat bahagia knapa banyak mau bundir piye iki wok
2050913738820296713,5,Lingkungan/Sosial,1,sulit percaya orang takut ditinggalkan justru menghindar intimacy rendah diri selalu butuh validasi berlebih susah mengatur emosi mudah cemas marah mati rasa hubungan romantis pertemanan sering kacau self worth rapuh rentan depresi
2050913735402017053,5,Lingkungan/Sosial,1,banyak orang dewasa merasa sulit percaya orang takut ditinggalkan justru menghindar intimacy rendah diri selalu butuh validasi berlebih susah mengatur emosi mudah cemas marah mati rasa hubungan romantis pertemanan selalu bermasalah
2050911149504504266,-1,Tidak Spesifik,0,opini gua jgn dibantah kalau orang benar benar stres gakan kepikiran bunuh diri tempat umum malas dihalangin kalau kepala uda benar benar berat kalau mau bunuh diri ditempat umum aku cari perhatian publik ditau kalau hidupnya lh paling berat dllnya
2050910287742877831,-1,Tidak Spesifik,0,emang security nya ngomong apa si cewek emang niat bundir mau ditolong malah berontak jatoh
2050909584530067894,-1,Tidak Spesifik,0,paling benar orang bunuh diri biarkan niat bantu bakal dianggap salah wkwkw
2050873762896290277,4,Pekerjaan,1,tolol kalau pemadam kerja asal malah bikin rumah sebelah ancur kamu mo bilang pntg cb nolong kalau asal mending diemin nunggu benar benar ngerti nolongin kamu pikir orang mo bunuh diri hobby apa gmn smg kamu pernah rasain kejepit sana sini ampe bs mikir lurus
2050872435239534697,-1,Tidak Spesifik,0,nemus n t v bec a bude v em l pe skoro nikdo se na n j ned v v ichni pal maj depresi
2050871712984773059,-1,Tidak Spesifik,0,aku mah cewek niat bunuh diri sempat geser pas kena panas matahari but terlepas tindakan security si cewek sadar kalau duduk situ emang membahayakan
2050868211164594464,-1,Tidak Spesifik,0,indonesia darurat bunuh diri
2050866788703818086,-1,Tidak Spesifik,0,e si depku a depresi plete n jakej vesnickej bal k v hospod to asi ch pu ale od l ka tyhle e i zn celkem d siv
2050866657732760001,-1,Tidak Spesifik,0,alhamdulillah jembatan cangar sangar hidup keras kawan bundir kalian kekal siksaan kawan jgn jgn
2050863026656669887,-1,Tidak Spesifik,0,dapet label dulu kecemasan depresi kelelahan dibilang gak konsisten terlalu emosional semuanya mungkin bener adhd balik sering gejalanya lebih silent selalu hiperaktif lebih
2050862601257562280,-1,Tidak Spesifik,0,mr market simulation mainkan peran mr market versi buffett menyebutkan sebuah saham kamu kasih mood swing mr market kadang panik kadang euforia kadang depresi lalu akhir buffett ajari cara memanfaatkan suasana hati mr market
2050851250028360026,-1,Tidak Spesifik,0,bunuh diri
2050848635106275345,-1,Tidak Spesifik,0,bukan bunuh diri dibunuh polisi malaysia sana
2050846760852185569,-1,Tidak Spesifik,0,niat bundir alhasil kejadian bagus lah kali jgn caper kalau stres psikolog dek
2050842409345679736,-1,Tidak Spesifik,0,vtuber kasian kliatan depresi mukanya
2050841555099852903,4,Pekerjaan,1,cah info loker buat m terdeteksi tanda depresi gara susah dpt kerja meski pengalaman kerja banyak kalau ngajak luar negri australia mau banget
2050839657865417140,5,Lingkungan/Sosial,1,tw bxb slow burn romance cerita mengandung tema kesehatan mental depresi anxiety kesedihan berkepanjangan kesepian putus asa self harm maaf kalau jam ditwt chat singkron banyak typo bahasa kasar
2050839652765171743,-1,Tidak Spesifik,0,teeteepor lokal au by naca give me true life diagnose depresi kecemasan membuat phare sadar hidupnya sama hidupnya
2050833387993412009,-1,Tidak Spesifik,0,bayangin seorang idol kpop minum air biasa sedotan lalu jutaan fans langsung heboh momen bersejarah mengubah dunia video viral komentar membanjiri tiba tiba jadi bukti betapa sempurnanya keliatan kocak realita sehari hari
2050830034525659645,-1,Tidak Spesifik,0,tahun lalu si aku depresi after tengah malem dahlah benar benar terpatri banget konser ytta hiks semangat guys direfund aku
2050823271608988018,-1,Tidak Spesifik,0,pria pria lbih bagus kamu smua mkin bnyak yng bunuh diri hahahaha
2050818828939186414,-1,Tidak Spesifik,0,menkes kan bilang juta penduduk indonesia diperkirakan mengalami masalah kesehatan mental tinggal bayangin aja orang stres depresi apatis terus disuruh kabur yaman bagaimana coba benar benar mah serius nanya
2050810651292082591,6,Pemerintah,1,menangani odgj pakai ilmu orang mau bunuh diri asal kagetin sdm nya tolol aku jamin jadi tersangka kok kalau hukum aslinya tenangin malah jadi mati
2050809691601768733,2,Finansial,1,aku lebih panik duit sih nder sumpah benar benar aku kalau duit stres sampe nyerempet depresi bgt soalnya aku pernah begini kepikiran buat nyari asmara apapun
2050809506125562150,-1,Tidak Spesifik,0,outfitnya kemungkinan beliau terseret ps berenang daerah atas soalny kalau bunuh diri biasanya pakai baju lengkap smntr spt outfit renang kalau luka trauma bs jadi pmbnhn
2050805666454073472,-1,Tidak Spesifik,0,aku isinya ngewibu depresi trinkets vtuber buku
2050804392312652001,-1,Tidak Spesifik,0,lebih plenger sehari sebelumnya mikir mati terus selamat besoknya ttep minum vitamin lupa kemarin mikir mati orang gile mane mikir bunuh diri selamat sehari mikir idup
2050802124028788852,-1,Tidak Spesifik,0,kalau bundir kemensos turuntangan sih
2050800296436391944,5,Lingkungan/Sosial,1,buat teman temanku moots ku jangan berfikir bunuh diri yaa mending luapin emosinya kata katain pejabat korup
2050799618309673241,-1,Tidak Spesifik,0,masuk jalur awake via depresi menarik
2050797084513882195,6,Pemerintah,1,kalau kata ustadz felix kekurangan orang jepang kurang agama jadi dikit bundir orang indonesia punya agama jadi lebih wise aja orang indonesia sering sakitin pemerintah makanya ketemu masalah rasanya seberapa termasuk hina knetz apa nya
2050795948658627019,6,Pemerintah,1,tiap konser bts negara kecemasan banget nungguin surprise songnya
2050787473031131137,-1,Tidak Spesifik,0,akibat kondisi psikis pasien rumkit bunuh diri lur
2050786334449824171,-1,Tidak Spesifik,0,iroh liat roku pasca anaknya meninggal pengepungan ba sing se iroh depresi firebending kehilangan desire nya jadi mau melawan konspirasi ozai naik tahta sepeninggalan azulon padahal iroh putra
2050784636373283102,5,Lingkungan/Sosial,1,chat kemaren sii kalau kalian butuh teman cerita butuh pendengar aku bersedia kalau energiku masi bakalan aku bales secepatnya
2050783956057182299,-1,Tidak Spesifik,0,approach bolot malah pake tangan ragu gt jelas bakal berontak harusnya langsung jambak rambutnya terus tarik baju tangan nya petugas korea jepang selametin orang bunuh diri waktu bunuh diri nya ttep paling salah nyusahin orang aje
2050782775540928729,-1,Tidak Spesifik,0,gada ngelakuin bunuh diri keknya sebuah keajaiban hidup
2050781895571710325,-1,Tidak Spesifik,0,sudahi depresi makanlah mie pedas sampe keringetan
2050779850278137869,-1,Tidak Spesifik,0,depresi mas wajar marah terus usah terlalu dipikirin
2050776297744499122,-1,Tidak Spesifik,0,petugas nya goblok pernah modelan manusia begini sih sok mau bantu malah nyusahin pliss rekrutmen pake otak nangani orang odgj sop nya orang bunuh diri nangani
2050774686292922644,2,Finansial,1,lebih baik sih kak kalau lingkungan mendukung bikin nyaman sayangnya sekarang kebanyakan lingkungan toxic tenaga fisik dikuras tambah gaji seuprit lengkap penderitaan
2050772215453622557,-1,Tidak Spesifik,0,napa jadi membunuh dah dongo kamu cewe awal duduk situ terus tiba dorong baru pembunuhan lah sendiri niat awal mau bunuh diri dongo anjing sdm rendah
2050766803182485753,-1,Tidak Spesifik,0,kebanyakan dikasih simpati empati makanya kalau berita orang bunuh diri jgn diromantisasi tenang surga yaa padahal jelass banget kalau bunuh diri dibolehin agama manapun
2050553342863331585,2,Finansial,1,kalau aku tahan hidup aku bunuh diri lebih baik berjuang sampe mau m ti misal sekarang banyak hutang aku kerja pagi smpai malam nonstop biarin aku m ti asalkan matinya hasil bukan mati konyol d t sprti orang bunuh diri kalau pny asuransi jiwa bsa claim
2050541084523270566,-1,Tidak Spesifik,0,kapan masz preman preman gangster kesukuan sepet rapih merawat diri ukhti ukhti gen z milenial baper sedih bahkan depresi pas tau ditangkap polisi pas dibikin film serial pakaiannya jadi ikon fashion bagus buat umkm pakaian
2050534088872952050,1,Masalah Keluarga,1,gapapalah aku mau jadi anak banget kayaknya depresi apa apa berarti apa apa kan penting prinsip
2050530923620585827,-1,Tidak Spesifik,0,usah ajarin aku sabar aku hatam bahkan diatas nya sabar aku hatam siapa bakal sekuat fase begini aku bunuh diri syukur aslinya mah oengen banget udahan sadar apa mreka perbuat gue baru gye blok wa ketar ketir kamu
2050529523582570898,-1,Tidak Spesifik,0,bunuh diri banget mungkin disini lolos smub ceritakan rata nya dong sch
2050528506208260431,-1,Tidak Spesifik,0,jyo keng kasih live kalian janjikan aku kelelahan banget ide edit motivasinya
2050516989857456146,-1,Tidak Spesifik,0,little did people know that aku penyintas gangguan depresi semua hrs dipertontonkan dunia kan kadang aku mau satu dunia tau kalau aku suffered mwehe sekarang cukup liatin happy happy meskipun aku tau potensi bakal relapse keadaan manapun
2050511213189328951,1,Masalah Keluarga,1,kalau makmur bakalan anak sd bunuh diri beli buku pak
2050508648892482040,-1,Tidak Spesifik,0,biasanya ular memang mau bundir mgkin sdah tua
2050500893167292435,-1,Tidak Spesifik,0,setan bingung gue setan kok kamu lebih biadab hari sama byungil nyuruh orang bunuh pak yoon daemyung ngetwist kalau bunuh diri ditekan shin gijoong nyuruh orang bawa truk putih laknat nabrak shin gijoong shin gijoong sekarat
2050500124191916390,0,Tekanan Akademik,1,ngerjain skripsi bikin aku depresi and overwhelmed
2050500051898929634,4,Pekerjaan,1,kalau ingat itaewon stampede situ beberapa penyintas akhirnya pilih bundir situ banyak studi bahas ptsd penyintasnya memadainya pendampingan buat kebanyakan terdampak orang muda angkatan kerja
2050495230185730132,-1,Tidak Spesifik,0,higuain depresi berat ibunya meninggal melawan kanker bang
2050491343638765757,1,Masalah Keluarga,1,dikulik ternyata dugaan higuain depresi sejak sang ibu nancy meninggal tahun lalu berjuang melawan kanker semoga kehidupanmu jauh lebih baik pipita selamanya bersyukur buat waktu dedikasikan madrid
2050483195431256088,-1,Tidak Spesifik,0,fun fact ketiga anggota red lotus sini matinya senjata makan tuan semua p li palanya meleduk combustionbending minghua disetrum mako lewat tangan airnya konyol ghazan bundir niat bunuh mako bolin plot armornya bolin selamat lavabending
2050481998800548175,-1,Tidak Spesifik,0,t ch p r mozkov ch bun k u hlave mus desne trp t depresi z te desne pr zdnoty ve kter se nach z
2050473815457886421,-1,Tidak Spesifik,0,perlu segitunya lah bunuh diri benar benar
2050472156698644867,-1,Tidak Spesifik,0,bunuh diri mint tahan banget hidup
2050471972858118408,3,Percintaan,1,the hymn of death jangan bully aku buat bbrp orang mungkin drama episode bagus jujur aku akui memang kualitas akting perintilan productionnya memang oke bagus banget aku suka ceritanya kesel tokoh utama selingkuh milih bunuh diri bareng kan anjendgdjdhjsbzjs
2050470439559053791,-1,Tidak Spesifik,0,dps rilet soalnya beda nya aku bunuh diri
2050454489916952946,-1,Tidak Spesifik,0,elga depresi
2050443027978834238,-1,Tidak Spesifik,0,bunuh diri jembatan sedang tren
2050440100841156903,-1,Tidak Spesifik,0,setara dengerin album the black parade my chemical romance yee depresi dulu
2050438998167019728,4,Pekerjaan,1,si kontol paling lucu sedunia sampe hari mau bunuh diri tuh karir utama gagal karir sampingan gagal berhasilnya pas jilat silit cuk
2050431701525143859,-1,Tidak Spesifik,0,honest review utbk last day sesi innalillahi wa innailaihi raajiun tangan aku sampe kaku ngerjain pk kaki aku lemes banget keluar ruangan waktunya lebih cukup buat bunuh diri ngerjain soalnya aku mau berharap
2050422658970640533,-1,Tidak Spesifik,0,orang gatau apa sama apa dirasain orang main nyeplos aja dikit professional help ngediagnosis orang depresi punya trauma etc padahal punya jenjang psikiater cukup pahamin kalau manusia punya emosi coping mechanism orang menghadapi beda
2050417489767780501,-1,Tidak Spesifik,0,solusinya deketin diri tuhan jangan malah bacot x jadi psikolog dadakan astaghfirullah orang depresi kok dikatain gini memegang teguh al qur an sunnah memang kewajiban muslim menggunakan akal mencari pengobatan sunnah
2050411484099063811,-1,Tidak Spesifik,0,kalo jatoh gamungin teriak respon tubuh takut semua orang dasarnya takut mati makanya semua metode bunuh diri pakai cara jalan mundur cepat teriak berontak bukan tanda mau bundir natural alami alias fitrah mencoba menyelamatkan diri
2050411258529423415,-1,Tidak Spesifik,0,padahal kebanyakan bunuh diri mah gender lo kelilit pinjol sama judol
2050409218180853901,-1,Tidak Spesifik,0,ayo nder kenalan sama detektif depresi kiyoshi mitarai the tokyo zodiac murders orgnya rada unik
2050406400367747434,-1,Tidak Spesifik,0,terjatuh post post katanya depresi sedih
2050402312443847158,-1,Tidak Spesifik,0,tumben malaysia tolol menangani kasus bundir harusnya disiapin tali dulu orang mau nolong bawa jaring tali pengikat buat lgsg dijeratin pelaku bunuh diri jadi jatuh lgsg terikat china pernah pake selang pemadam darurat lah asal an
2050395897763426502,6,Pemerintah,2,kak kalau rakyat papua demo gimana pendidikan kesehatan merata sekolah negeri gratis benar gratis buku alat tulis seragam ingat anak kecil bunuh diri banyak makanan mbg terbuang mubadzir dimakan
2050395309826846879,-1,Tidak Spesifik,0,kak maaf banget aku sepemikiran gitu aku ngeliatnya pas duduk atas geser kiri tempat panas lebih adem kayanya kalau benar benar bunuh diri kepikiran panas engga menurutku yaa maaf kalau salah bicara
2050392056380751954,6,Pemerintah,1,otak dirancang perang hari seseorang berada konflik terus menerus tekanan hukum tekanan sosial serangan psikologis termul otak masuk mode survival sistem utama bekerja a amygdala alarm emosi mendeteksi ancaman
2050392031181386138,-1,Tidak Spesifik,0,lha ngomong sekecil apapun diomongkan enak kok jadi orang enakan emang bikin orang bunuh diri kk
2050390748714172842,1,Masalah Keluarga,1,pernah denger cerita anak indihome kalau orang bunuh diri mengulang kejadian terus menerus hingga akhir masa ntah loncat main tali
2050389009004998698,-1,Tidak Spesifik,0,kota aku kasus bunuh diri cowo
2050386124728885730,-1,Tidak Spesifik,0,seorang wna tewas terjatuh lantai bandara kuala lumpur malaysia diduga wanita tersebut mengalami depresi akibat masalah asmara sepertinya terjatuh kaget tiba tiba petugas berusaha meraih korban
2050384057322901518,1,Masalah Keluarga,1,anak smp baru kerasa emaknya dihujat se indo murahan rendahan menjijikkan disitu tekanan mental gede puncaknya sma kalau terkontrol bahaya
2050374856055939464,-1,Tidak Spesifik,0,kalau keadaanya begini paling utama datengin negosiator handal kalau pelaku bunuh diri emg mati mungkin doi diem lama duduk jangan jadi sok superhero kalau situasi tempat mendukung mlh jadi panik fatal hasilnya
2050374602472509592,-1,Tidak Spesifik,0,jadi keinget temen ak pas bilang aku balik jember aku mau mulai semua nol temenin sebelumnya bolak balik mau bunuh diri
2050374502824251793,-1,Tidak Spesifik,0,cara deketin orang mw bunuh diri dong langsung ngagetin begituu ngawurr sih
2050372010132516984,-1,Tidak Spesifik,0,sebenernya mau bundir mungkin caper aja nah mangkanya pas mau ditolongin mau mau drama dulu sampe akhirnya posisi bagus eh jatoh teriak kalau emg niatnya mau bunuh diri kalau jatoh gamungin teriak karna teriak respon tubuh takut
2050371699540185223,-1,Tidak Spesifik,0,bunuh diri emang menular konten nya menular makanya jaman sekarang baik tv media kalau bikin konten berita bunuh diri selalu kasih disclaimer kontennya dijadiin alat validasi membenarkan niat bunuh diri
2050363764533510240,3,Percintaan,2,allah x nya gagal nikah kalau emang homo nikah harusnya usah terlahir niat baik nikah sungguh runtuh berkali kali yasudah lah lavendermarriage paling bener yuk mau aku kasih jt syarat thn cerai slm tiga thn ku nafkahin depresi
2050357344501133684,-1,Tidak Spesifik,0,kalau mau bunuh diri usah tempat ramai nyusahin orang
2050353344028516497,-1,Tidak Spesifik,0,bunuh diri tahun menikam bakar diri ntah mana duluan dilakukan
2050328284894994929,-1,Tidak Spesifik,0,tambahin donk iof bundir
2050327130442191332,-1,Tidak Spesifik,0,innalilahi wainnailaihirojiun senioritas dunia kedokteran bgtuu kejam bbrp kasus dokter muda bunuh diri lelahnya menghadapi kejahatan senior yg pernah terungkap k publik pahlawan kemanusiaan kok bs punya rasa kemanusiaan thd sesama nakes
2050306522773852520,-1,Tidak Spesifik,0,aneh niat lompat kenap malah jerit pas jatoh bukannya punya empati jadi caper gitu segala bunuh diri tempat rame
2050302072713892183,-1,Tidak Spesifik,0,aku susah bobok kalau dzikir sebanyak banyaknya laa ilaha illallah wahdahu laa syarika lah lahul mulku wa lahul hamdu wa huwa ala kulli syai in qodiir depresi kecemasan aku mau tidur takut kalau kebangun esok pagi
2050285923083091977,0,Tekanan Akademik,1,niat banget mo nolong btw hidup sendiri kenal pasangan teman main sekolah kerja enjoy aj giliran punya pasangan jadi berubah hingga bundir kan namanya
2050271556170138101,-1,Tidak Spesifik,0,hy kapan bunuh diri nya ditunggu video bunuh diri nya
2050264835234099680,5,Lingkungan/Sosial,1,jangan gitu idol kpop deket banget sama depresi amit idol kalian bangga in ternyata mendem fear sama tetiba bunuh diri karna fans nya nuntut buat tampil tegar giliran speak up malah dihujat
2050258789610447063,-1,Tidak Spesifik,0,senioritas dlm dunia kedokteran nyata satu bukti byk bukti kasus spt kasus bullying mhsw ppds undip berujung bunuh diri bukti ttg ruwetnya dunia
2050258330451587323,-1,Tidak Spesifik,0,bukan maksdnya pemaksaan buat memaafkan rasa menerima kondisi situasi nerima orang lebih tenang mudah kebawa arus cerita sama kuat mental gt loh gampang depresi negtif terus
2050253950700732841,-1,Tidak Spesifik,0,malem denger podcast cerita sejarah depresi anxiety aslii
2050253794664157312,-1,Tidak Spesifik,0,aku iship pas stase rs konsul psikiater padahal dikasih surat resmi psikiater istirahat total acc jaga mau mau jaga minum obat anti depresan tiap hari jaga selamatin nyawa orang ide bunuh diri detik bermunculan kepala aku
2050252310664855973,-1,Tidak Spesifik,0,aku begini dibanding avoidant lebih orang depresi kak diagnosisku soalnya
2050249581104107947,-1,Tidak Spesifik,0,kuala lumpur suasana bandara internasional kuala lumpur klia malaysia mendadak tegang menyusul sebuah insiden tragis seorang perempuan dilaporkan tewas terjatuh area ketinggian kawasan bandara tersebut berdasarkan sejumlah informasi saksi
2050245907137077422,0,Tekanan Akademik,1,kebanyakan mindset orang kalau nunjukin sisi emosional nya dianggep tahan banting padahal dosen ku bilang keluarin sisi emosional kamu bukan berarti lemah justru bahaya kalau ditahan fyi aku prodi psikologi makanya idol fav kebanyakan bunuh diri gaboleh emosional
2050242679737598331,-1,Tidak Spesifik,0,baca aku jadi self diagnose aku depresi tiap malam aku dengerin musik
2050241011126091872,5,Lingkungan/Sosial,1,kalau soal story mbk mona setuju seh lingkungan toxic lokasi lo awal sekarang aman aja klo soal alur cerita tujuannya mengungkap herlina jadi sekarang belok dikit bnr aku mengiyakan dn karakter trian mau dibawa aku meng iya kan berasa banget
2050236707703030026,-1,Tidak Spesifik,0,baca bentar deh obesitas begini bukan cuma gemuk doang tubuhnya gerak otaknya nyuruh makan yuk banyak faktor sih kebiasaan makan kecil masalah hormon stres depresi bahkan operasi lambung kadang susah
2050233717088747652,5,Lingkungan/Sosial,1,tante mikir buzzer komen nya kompak wkwk disuruh warga bubar sendiri soal lingkungan toxic tante artis senior pernah complain alur jadwal mereun izin
2050232397208453453,-1,Tidak Spesifik,0,kayanya orang kalau jadi aku bunuh diri deh
2050232265876398572,-1,Tidak Spesifik,0,psikiater nder jadi tanda depresi stress kalau ganggu keseharian believe me everything they said is bullshit problemnya gakan selesai cuma sering olahraga makan sehat tidur cukup bersosialisasi do hobbies salah otak kitanya
2050228809937658360,-1,Tidak Spesifik,0,komen begini bikin korban rape milih buat bunuh diri speakup
2050227059935654128,-1,Tidak Spesifik,0,guys satu video bikin orang geleng geleng kepala x tweet nya langsung nyantol banget hati lo bayangin aja cewek namanya martha berat badannya pound kg badannya gerak bebas bahkan buat ngurus diri sendiri
2050225962529574912,-1,Tidak Spesifik,0,pas benar benar artis bunuh diri depresi tiba berubah jadi orang paling bijak sedunia
2050219793899540925,2,Finansial,1,bagaimana cara bantu orang depresi tekanan hidup aku tau uang kan kurang tepat batasan malah melahirkan mental minta minta ayok paham kasih tau dong
2050214099313955230,1,Masalah Keluarga,1,yaallah tiap hari favesnya dibully ketambahan bapak die ahmad dhani apa depresi
2050212595865714861,-1,Tidak Spesifik,0,kamu bunuh diri gimana stok orang tolol kamu berkurang
2050211785563685242,-1,Tidak Spesifik,0,ims irritable male syndrom kondisi hampir sama cewek pms cowok jadi gampang marah mood swing cemas parahnya depresi biasanya dipicu turunnya kadar testosteron aku sering ngerasa gitu seenggaknya sebulan sekali ku pikir aku ims ternyata
2050210796748341406,-1,Tidak Spesifik,0,orang depresi pernah bercerita tiba tiba ngosek kamar mandi jam pagi
2050208018923684322,-1,Tidak Spesifik,0,wow baru tahu soal berarti masuknya disabilitas mental tak terlihat terdiagnosa memiliki disorder personalitas depresi
2050205982752739426,-1,Tidak Spesifik,0,beli kegiatan bagaimana mau coba bunuh diri terus fa nyawa cadangan padahal nyawanya pria itunya tahan lama makanya pakai
2050205856881660202,-1,Tidak Spesifik,0,aku depresi or kecemasan kalau tidur emang suara ngingngingg
2050200893094867266,-1,Tidak Spesifik,0,comment section ditutup padahal isinya bikin depresi omg mental fandomtwt mah
2050198261638565997,-1,Tidak Spesifik,0,kv ten za n t m s n obdob kdy nejsem v depresi bu z toho e je kosa a tma nebo e kon l to a nastane kosa a tma
2050197795047628971,-1,Tidak Spesifik,0,depresi depresi tua
2050194505576640905,-1,Tidak Spesifik,0,semua orang depresi tidur pake suara berisik sih aku dulu malah tidur suasana rileks tenang suara berisik bikin mimpiku kacau bangun keadaan makin capek buat kalian tidur dengerin suara berisik bukan berarti kalian
2050194340920869352,-1,Tidak Spesifik,0,tahap utama denial anger bargaining depresi dilewati aqeela shock pertama kali pas launching ph kepalanya terus berisik marah kecewa frustasi coba kontrol melindungi diri mencari rasa aman akhirnya meledak rumah jordan
2050193845254779270,-1,Tidak Spesifik,0,teori tahapan berduka stage of grief denial anger bargaining depresi acceptance finding mining aqee posisi mana sekarang menurutku posisi acceptance gt mencoba menerima
2050192312417006057,-1,Tidak Spesifik,0,biarpun dianggap lemah at least milih bunuh diri dikit laki laki katanya kuat mental lemah apa apa bundir cetass
2050191807150281171,-1,Tidak Spesifik,0,sepakat udah kebanyakan laki laki mmg lemah real life jadi biarin ngegongong x itung g bunuh diri
2050185202866229732,-1,Tidak Spesifik,0,mungkin kamu mati tau apa apa mengingat mati butuh hidup tetep hidup berontak absurdnya eksistensi yah walaupun aslinya semangat hidup kalau bunuh diri mau lah maunya dibunuh aja nunggu takdir semoga segera
2050176707114766362,-1,Tidak Spesifik,0,bottle arsenal bottling it istilah slang sepak bola berarti arsenal kehilangan keunggulan peluang besar gelar juara gagal momen krusial akibat tekanan mental menyiratkan kegagalan mempertahankan posisi atas dicapai
2050173574405816784,3,Percintaan,1,kak aku baca ceritamu bukan sepele cuma drama ldr medis psikologis kebutuhanmu dengar suara liat muka pasangan bukan egois respons biologis sangat normal otak melepaskan oksitosin hormon bonding trust paling kuat
2050172907079483672,-1,Tidak Spesifik,0,ciri ciri klub depresi punya pendirian semua pelatih dikibulin
2050170519622979889,-1,Tidak Spesifik,0,gabungan jatohnya depresi anxiety poverty
2050168772338807044,-1,Tidak Spesifik,0,orang depresi profilenya
2050161086343819544,-1,Tidak Spesifik,0,kalau anggurnya tipe bikin mabuk pusing depresi hilang arah gerd kenal aku siapa aku ngapain aduh pusing mau beli truk
2050160814913724732,-1,Tidak Spesifik,0,ngapain bunuh diri kan mie aya
2050140578848133144,1,Masalah Keluarga,1,hari tidur jam bangun telp ibu aja terus abis sholat jumat aku tidur an aja eh ketiduran benar benar jam gila sih sampe cek gula takut dm ternyata normal aja depresi engga yaa hmm
2050138132298007034,-1,Tidak Spesifik,0,nah ngomongin bunuh diri masuk neraka behh getol benar nyari ayat ayatnya luar kepala apal giliran disuruh nyari ayat kewajiban membantu sesama kicep orang
2050133596267290697,-1,Tidak Spesifik,0,choi gogi diketahui tinggal bersama lee jueun selama tahun membantuku bangkit aku depresi melalui acara tv chosun my ex s private life kor x membagikan ceritanya bersama sang kekasih lee jueun sering membantuku syuting bahkan
2050128890568585440,-1,Tidak Spesifik,0,laki paling banyak bundir lemah wakakak
2050012054610940268,2,Finansial,1,guys rupiah sekarang rp tiga skenario perlu kamu pahami apa terjadi kalau situasinya terus memburuk bukan bikin panik mempersiapkan diri skenario rupiah rp pelemahan terkendali skenario
2050002321313354171,-1,Tidak Spesifik,0,depresi in private haha hihi pas luar sambat twitter
